node_id	node_type	z_1	z_2	z_3	z_4	z_5	z_6	z_7	z_8	z_9	z_10	z_11	z_12	z_13	z_14	z_15	z_16	z_17	z_18	z_19	z_20	z_21	z_22	z_23	z_24	z_25	z_26	z_27	z_28	z_29	z_30	z_31	z_32
S__3300001683_28	taxon	-0.24598292	0.24977589	-0.22393847	-1.7572637	-0.17407526	0.749104	0.26909232	1.0330883	0.27957714	0.23603879	0.5434764	-0.67784524	0.020349443	-0.018457577	-0.2172035	-0.4356728	1.7245449	-0.37325802	0.57587385	-0.09620975	1.2595004	-0.13422024	0.566549	-0.38379472	-0.067601204	-0.25234848	0.12763405	0.050518215	-0.7386491	-0.49864018	0.13357998	0.45442098
S__3300006311_3	taxon	-0.55658305	-0.94600517	-0.16583039	1.0807401	0.5992466	0.3765182	1.3687879	-0.82819134	-0.97451293	-0.4476672	-0.663344	0.9728335	0.11136034	-0.778413	1.4144479	-1.1361474	0.2674538	0.5396684	-0.66908073	-1.2947514	-0.13318884	0.43501246	-0.88272524	0.87763196	0.64379936	0.6744671	0.3870296	-0.83849776	1.3988352	-0.80171716	0.37965736	-0.41311195
S__3300020187_18	taxon	0.51454544	0.37839097	-0.4186476	-2.3141894	-0.31677923	1.180629	0.17507987	1.1830744	0.2807877	0.8216629	1.1378689	-1.0627639	0.3885082	0.014007211	-0.7915066	0.03441125	2.2578762	-0.39426032	0.65859205	0.84042156	1.3603172	-0.01248759	0.78533995	-0.31564584	0.18018883	-0.6579901	0.535665	-0.49748904	-1.8336668	-0.19553854	0.39818212	0.87232524
S__3300020263_16	taxon	-0.15728943	1.3295836	-0.6078583	-1.6491047	-0.34496653	1.1533526	0.77183384	1.8390651	1.3336277	0.8601531	1.2588614	-1.5879052	-0.36401576	0.41558003	-0.74555826	-0.6341743	2.0504298	-0.73956525	0.19879827	0.0011305511	2.214292	-0.47263286	1.1057227	-0.1828998	-0.76728135	-0.3675992	-0.21436091	-0.4866694	-1.0439448	0.06113209	-0.134799	0.2542898
S__3300020300_16	taxon	-0.36035517	-0.39389753	0.19860364	-0.23387012	0.8379984	0.7694315	0.45275712	-0.39573562	0.11097947	-0.52907264	0.0747872	-0.082546115	0.52096844	-0.7592853	0.9577348	-0.4281662	0.84927684	0.38832942	-0.44207954	-0.26206058	0.7378338	0.4613703	-0.24630922	0.8064929	0.5950818	0.11348558	0.81643236	-0.43160242	-0.20185003	-0.091653034	0.91965353	-0.572396
S__3300020317_19	taxon	0.031904086	0.49932736	-1.2393639	-0.8591425	0.31170288	0.77324814	0.11481328	0.9514755	0.55835295	0.23079336	0.3894533	-0.38660383	0.26734406	0.1963936	-0.40811792	0.0010710657	1.5309112	-0.24515164	0.24074358	-0.61081755	1.679152	0.32529265	0.52533287	-0.15229782	0.6804617	-0.28317347	0.14704818	0.37242123	0.038460672	0.010039955	-0.54353654	-0.13148269
S__3300020330_9	taxon	-0.62962127	-0.7170375	-0.40732414	0.30413505	0.31087172	0.118105	0.8610061	-0.16625568	-0.84504896	-0.021672279	-0.4729568	0.8553417	0.32416514	-0.30911905	0.7378973	-1.0591028	0.87603474	0.4227022	-0.3404208	-1.2752888	0.10780391	0.37352425	-0.7842462	0.410592	0.65175796	0.24921623	0.015204161	-0.12723112	1.157975	-1.0382595	0.056758374	0.048626482
S__3300024058_12	taxon	-0.52806205	-0.99176997	0.2112382	0.6606249	0.575933	0.63877594	1.4329313	-0.89127994	-1.3151777	-0.6959249	-0.75001156	0.6739789	-0.3745647	-0.93746984	1.4859494	-0.8776209	0.48341656	0.50914353	-0.62614673	-0.9490398	-0.391951	0.39537996	-0.6747776	0.6633314	0.37554663	0.6019734	0.4880398	-0.8668897	1.0376377	-0.96721804	0.45514145	-0.097839944
S__3300024058_22	taxon	-0.3740846	0.8055107	-0.5684567	-1.281595	0.07339227	1.1071206	0.7565499	1.2508854	1.3599455	0.35650465	0.7894489	-1.3078557	0.058909357	0.2588982	-0.2621706	-0.496597	1.5455215	-0.5353294	0.15495594	0.043558657	1.9562614	-0.2549094	0.8250895	0.049648583	-0.36582303	-0.016384566	0.23407778	-0.56066304	-0.59436905	-0.056700528	0.35993156	-0.17437038
S__3300024060_27	taxon	-0.29201123	-0.45143807	-0.6002823	-0.04899499	0.0802367	0.47779495	0.91295516	0.11562012	-0.724504	0.15709817	-0.14322957	0.32155776	0.027721405	-0.20326433	0.5290815	-0.9742898	1.199471	0.36134702	-0.29680747	-1.0760816	0.22583498	0.24442077	-0.29789925	0.13403806	0.6425398	-0.14148399	0.15718606	-0.0068155527	0.44634962	-0.882884	-0.09571734	0.22269276
S__3300024431_33	taxon	-0.6704353	-1.5939941	-0.03509009	1.9380862	1.231532	0.3733105	1.4165604	-1.8644155	-1.4379675	-0.9835825	-1.0547113	1.4191577	0.55189615	-1.4229742	2.2076223	-0.78266925	-0.39946824	0.9452835	-1.1370106	-1.1626897	-0.5287014	0.76868004	-1.298409	1.48001	1.0841541	0.9031242	0.9228847	-1.0745976	1.7843211	-0.6378678	0.71111727	-0.9025124
S__3300024516_13	taxon	-0.1482054	-0.61068624	0.10376598	-0.46477795	0.29169148	0.8546326	0.88989156	-0.18667167	-0.5804323	-0.32608378	-0.19698778	0.19593108	-0.0708518	-0.66266733	0.6341752	-0.83554226	1.1894313	0.18941689	-0.18409576	-0.46308264	0.38210434	0.24131042	-0.32449746	0.26346016	0.64565307	0.19121093	0.45033622	-0.64962727	0.34293908	-0.6581223	0.39213228	0.020851508
S__3300024516_18	taxon	-0.39643717	-0.49921036	-0.31863913	-0.102259755	0.9370539	0.6521273	0.23668951	-0.49345514	0.14761995	-0.33004037	-0.07669678	0.06017463	0.8505827	-0.5742451	0.78990865	-0.3500739	0.73915994	0.31714633	-0.47612002	-0.5473225	0.79168314	0.7584212	-0.3693884	0.8249471	0.67972505	0.28217652	0.6394506	-0.28050488	0.3729084	-0.21818238	0.70723337	-0.78707206
S__3300024516_26	taxon	-0.4454249	-0.52317154	-0.31884944	-0.1553905	0.93785477	0.6787492	0.27293876	-0.44485492	0.17617038	-0.27576643	-0.08488442	0.15065472	0.8922163	-0.5365994	0.76131237	-0.34911	0.70684767	0.28082356	-0.47711957	-0.60656524	0.7246724	0.7288384	-0.38619977	0.8519261	0.66961986	0.24689992	0.6145182	-0.19475597	0.46236897	-0.2815858	0.6939704	-0.6761794
S__3300024516_38	taxon	-0.5700822	-1.0396897	-0.05657251	0.8828837	1.2323112	0.61621046	0.8317406	-1.2925273	-0.6911522	-0.71363163	-0.5414064	0.7357693	0.47392404	-1.1220251	1.6200495	-0.6301044	0.20893703	0.5867218	-0.9856112	-0.94994056	0.11326528	0.7522558	-0.7652828	1.141653	0.70759654	0.72175145	0.78828347	-0.8864887	1.336539	-0.31345516	0.81394905	-0.63320625
S__3300025276_12	taxon	-0.16237792	0.5409767	-0.63921404	-1.8510265	-0.16727364	0.94280887	0.21353924	1.469959	0.78461236	0.4836003	0.87125367	-0.90720403	0.22548133	0.47245282	-0.7367388	-0.63753265	1.7797389	-0.65766346	1.0860754	0.2750489	1.7999918	-0.032520056	0.89359415	-0.20201504	0.10575062	-0.07056922	0.03765133	-0.035775483	-1.283788	-0.23252076	0.13172817	0.0134394765
S__3300025894_53	taxon	-0.014353322	0.5320374	-0.7462317	-2.1957994	-0.3086959	0.9844308	0.042622548	1.6081277	0.8423326	0.56636465	1.0885782	-1.0467826	0.32398504	0.42230102	-0.79729795	-0.5357614	2.07511	-0.73516107	1.2002778	0.3505187	1.7416966	-0.19588396	1.0778005	-0.3844442	0.22191578	-0.3197468	-0.01529026	0.06941992	-1.5796692	-0.1040324	0.11314082	0.26679885
S__3300026080_15	taxon	-0.35956413	0.32638264	-0.7914819	-1.3834953	0.34428683	0.83472013	-0.12411331	1.134557	1.1871221	0.17368141	0.7909628	-0.6882792	0.69455236	0.25167203	-0.3552531	-0.55225027	1.6562505	-0.5183991	0.64632046	-0.05242735	1.8368205	0.04777533	0.6437216	0.086548984	0.52610964	0.05430387	-0.027917683	0.082752615	-0.8681615	0.19393499	0.33716896	-0.64952296
S__3300026087_14	taxon	-0.44733033	0.19550526	-0.32099205	-1.2673979	0.24963549	0.6067253	0.3710266	0.5755574	0.06904845	0.099320665	0.28542006	-0.5094003	0.11226666	0.001063168	0.10413134	-0.39941895	1.4005826	-0.23923363	0.43587437	-0.484362	1.1224514	0.10823244	0.48156005	-0.15501949	-0.11628103	-0.052163705	0.17896822	0.25826308	-0.33064038	-0.545849	0.13562627	0.24086009
S__3300026253_28	taxon	-0.5148571	-0.9422812	-0.12653023	0.72490704	0.7395967	0.6561401	1.1430488	-0.80072546	-0.52662325	-0.4431425	-0.49455297	0.60971236	0.34052992	-0.98731846	1.3219627	-0.8858129	0.38034326	0.5050651	-0.7247404	-0.8547014	0.16747448	0.4502509	-0.75713533	0.9621693	0.699062	0.52491903	0.62331647	-0.8570797	0.8657779	-0.58000904	0.64380807	-0.5868616
S__3300026253_8	taxon	-0.14931066	0.555591	-0.5712638	-2.209012	-0.14933544	0.9302134	0.07296159	1.6405587	0.90736616	0.515115	0.9606022	-0.95328146	0.33128208	0.43698192	-0.6748591	-0.53474444	1.8952414	-0.7577282	1.2749572	0.36910158	1.772701	-0.112360686	0.9949193	-0.26077816	0.10665864	-0.19988371	0.06545019	0.06273943	-1.4385477	-0.19454457	0.23197466	0.17415398
S__3300026264_29	taxon	-0.5507299	-0.11382347	-0.43117443	-0.46057028	1.2292285	0.88965356	-0.0008068867	-0.4306504	0.4317983	-0.1129476	-0.010673765	-0.1765523	0.6991686	-0.73039836	0.6594616	0.11290869	0.44376865	0.2558403	-0.70595336	-0.35845703	1.0908773	0.9250827	-0.24602169	0.65275866	0.32054678	0.4012307	0.78996027	-0.22495991	0.18326011	0.00064556673	0.5271483	-1.0685257
S__3300026264_34	taxon	-0.61508846	-1.705016	0.010526121	2.0811925	1.0339181	0.48772532	1.8192402	-1.9264587	-1.8603921	-1.0597842	-1.1520375	1.6365851	-0.0645397	-1.3843386	2.29842	-1.2424774	-0.32771352	0.7676016	-1.1473236	-1.3972747	-0.85883605	0.55200577	-1.4249012	1.3112864	1.0336403	1.0454553	0.7291517	-1.4619937	2.2033517	-0.76933545	0.5733025	-0.6708664
S__3300027687_20	taxon	-0.31902838	0.029758811	-0.25881493	-0.5663465	0.2487025	0.57122046	0.8669481	0.21846199	-0.3286876	-0.08036864	0.09042719	-0.36717847	-0.16874313	-0.074599296	0.24850494	-0.77595085	0.9626742	-0.040123075	0.113879085	-0.4931069	0.9769225	0.2947312	0.1676839	0.12436807	-0.17831323	0.21970782	0.3046349	-0.24980104	-0.20825586	-0.6363119	0.23281738	-0.024138123
S__3300027752_17	taxon	-0.32499513	-0.39068168	-0.12572992	-0.29559228	0.32616556	0.45731515	0.5393754	0.03461638	-0.34648356	-0.13778616	-0.010698289	-0.10322988	0.3122803	-0.5313924	0.6118175	-0.5889475	0.9710853	0.25733876	-0.1751126	-0.56392837	0.5612337	0.30203536	-0.07249254	0.2998267	0.33504546	-0.04193679	0.51558936	-0.11989075	-0.2420176	-0.4130837	0.37555605	-0.007347733
S__3300027771_26	taxon	-0.38422346	-0.49317735	-0.7046044	0.25270373	0.49331254	0.39940393	0.6645378	-0.16846061	-0.38911086	-0.028582036	-0.26533753	0.3594161	0.53180933	-0.31586102	0.9302229	-0.69951326	0.8852316	0.40540367	-0.44633198	-1.1847868	0.41015363	0.3196687	-0.4223454	0.59541863	0.8539348	-0.06358859	0.32921508	-0.09957796	0.78222656	-0.6428746	0.27306315	-0.2795331
S__3300027779_22	taxon	-0.022435263	0.33392465	-0.4248004	-1.9015145	-0.39507297	0.8654796	0.21456784	1.1656728	0.19798867	0.41497934	0.7167197	-0.7951927	-0.055688858	0.04174067	-0.3940369	-0.36920965	2.006629	-0.42124838	0.62671703	0.00015582144	1.2368394	-0.20468788	0.73729587	-0.528674	0.008168638	-0.4617833	0.07761982	0.12970057	-1.0428838	-0.4530842	-0.051037356	0.7074971
S__3300027791_27	taxon	0.052826434	0.27589786	-0.44453532	-1.8280268	-0.16903146	1.0251211	0.15063481	0.9178055	0.4334587	0.33638516	0.746074	-1.0188396	0.066844106	-0.17518544	-0.24786	-0.24842703	1.8592691	-0.412025	0.50393593	0.12261844	1.2954078	-0.1420474	0.79529375	-0.3371237	0.08957994	-0.47951952	0.26061276	0.024463594	-1.1854534	-0.16210073	0.21883929	0.35183522
S__3300027827_16	taxon	-0.57001734	-0.6460191	-0.12283382	0.37618947	1.1001105	0.45069864	0.42767543	-0.73948723	-0.29875875	-0.5095196	-0.3459329	0.35525015	0.83596873	-0.67839086	1.241466	-0.47641742	0.54729396	0.47702584	-0.63430005	-0.8086733	0.25405252	0.82979155	-0.56797326	1.0094261	0.7275057	0.41013792	0.7287512	-0.08049536	0.6236119	-0.41325843	0.69252354	-0.6197137
S__3300027844_79	taxon	-0.44577503	-0.1746993	-0.463301	-0.83640313	0.45205814	0.7117998	0.0015987903	0.18611264	0.3922653	-0.046970278	0.34474063	-0.29679576	0.6551762	-0.38500258	0.36792687	-0.30006132	1.3216584	-0.026719525	-0.21554673	-0.5009639	1.1118515	0.39192632	0.04587108	0.22537589	0.4056911	0.011471167	0.3330165	0.023731768	0.010681868	-0.1937493	0.4524166	-0.3162231
S__3300027847_80	taxon	-0.72783566	-0.91842604	-0.22821644	1.1860499	1.0951236	0.3724916	1.0459146	-1.1289616	-0.63002664	-0.7161219	-0.6176308	0.67280686	0.7531303	-0.97067595	1.7519373	-0.6108008	0.06584646	0.64741766	-0.8742999	-0.9794756	0.049531795	0.7377751	-0.8761547	1.4129338	0.7218136	0.684119	0.75449216	-0.55022234	0.961807	-0.529306	0.78761446	-0.90364885
S__3300027997_10	taxon	-0.22928211	-0.21325141	-0.41975588	-0.8828137	-0.20156561	0.5445031	0.71181154	0.73690486	-0.47403175	0.23019004	0.21276882	-0.09138736	-0.11074871	-0.0563156	-0.049972028	-0.9573318	1.7300255	0.04400012	0.093482554	-0.6441067	0.81019294	-0.051851317	0.17761391	-0.38447687	0.44996083	-0.31396592	0.089164674	0.11119762	0.11437641	-0.91207284	-0.21115863	0.694616
S__GCA_000213395.2	taxon	-0.5540296	-0.07147032	-0.42322135	-0.8668395	0.5342706	0.5930755	0.14135458	0.21992745	0.16346529	-0.028729025	0.23097064	-0.27273858	0.5514199	-0.20329328	0.4227816	-0.27685997	1.2299753	-0.09081678	0.08559501	-0.6672159	0.93298995	0.36398947	0.18547094	0.13621725	0.0985837	0.091699556	0.2686491	0.32495278	-0.00856553	-0.37367058	0.266328	-0.1132854
S__GCA_000383355.1	taxon	-0.28326172	0.4351043	-0.7185165	-1.6588961	0.20054111	0.84399027	-0.053086936	1.3013018	1.1481569	0.25110763	0.8321153	-0.8110338	0.50232583	0.32887155	-0.45920336	-0.5822344	1.6705673	-0.6341375	0.905466	0.009357631	1.8508424	-0.056334853	0.8161603	-0.053160846	0.37208566	-0.017007869	0.009442925	0.057361066	-1.0884488	0.15014468	0.30048984	-0.41622674
S__GCA_000402075.1	taxon	-0.41801417	-0.26706353	-0.3810845	-0.48369673	1.0917797	0.83784497	-0.10967528	-0.26827857	0.59320873	-0.3122404	0.1945437	-0.25355807	0.951134	-0.56227076	0.778548	-0.09695077	0.7676065	0.11557456	-0.5237261	-0.43284023	1.0579745	0.8124242	-0.12548	0.8520897	0.43216938	0.32773647	0.6657313	-0.18012434	0.19113848	0.035640284	0.93367785	-0.8979706
S__GCA_001437625.1	taxon	-0.40095925	-0.7900983	-0.0035137534	0.040971756	0.99006015	0.6307028	0.3245954	-0.8224577	-0.12122814	-0.51179034	-0.23090339	0.3631026	0.80582744	-0.8431356	1.1361862	-0.39065427	0.51235604	0.42977205	-0.61373985	-0.6157706	0.54032075	0.80855244	-0.5191031	1.0288956	0.64725745	0.3616448	0.78066486	-0.41185468	0.40715286	-0.164964	0.94581735	-0.72018546
S__GCA_001510275.1	taxon	-0.38059032	-0.084581494	-0.061238825	-0.5874218	0.37560204	0.7864913	-0.093132496	0.32762918	-0.32605618	-0.16412395	0.10626748	0.4996601	0.5725013	0.092756465	0.903757	-0.42603755	1.516849	0.18498403	-0.061439246	-0.7716204	0.75606096	0.4352153	0.074846745	-0.047353648	0.8516708	0.071608394	-0.30417132	0.46484786	0.68843263	-0.4798181	-0.08549647	0.49840415
S__GCA_001542995.1	taxon	-0.5617763	-1.3249034	-0.26613408	1.4800838	0.8262644	0.14551702	1.4271219	-1.27015	-1.4684772	-0.61661136	-0.88222	1.3864274	0.2131609	-0.8129136	1.7151121	-1.1784382	0.14601868	0.7481619	-0.77330774	-1.4494976	-0.4445645	0.5214738	-1.1526995	0.9597582	1.028201	0.72566843	0.33098263	-0.8163549	1.9400611	-0.88779414	0.30272102	-0.42860854
S__GCA_001543015.1	taxon	-0.5272396	-1.1773928	0.040653273	0.481083	0.81513345	0.7587702	1.0886935	-1.1319102	-1.0743091	-0.66581446	-0.6531582	0.6945673	0.08894569	-1.280302	1.5099032	-0.7045704	0.5005163	0.502338	-0.68245804	-0.6950553	-0.04203096	0.36954233	-0.6237852	0.72431165	0.6668109	0.54185295	0.7943214	-1.0176716	1.1863259	-0.5671622	0.7474469	-0.20195526
S__GCA_001643535.1	taxon	-0.28540587	-0.31379455	-0.18326429	-0.66926855	-0.052146837	0.8266734	0.29714507	0.69135803	-0.60820305	0.06984159	-0.03437853	0.7178909	0.21145779	0.008465901	0.5896258	-0.8481294	1.7744303	0.24063581	-0.0122127235	-0.9275028	0.48487663	-0.0012678057	0.024928093	-0.57321596	1.1383059	-0.18577248	-0.41011748	0.21601254	0.81471485	-0.71136904	-0.30329865	0.8610407
S__GCA_002082295.1	taxon	-0.18550089	0.544381	-0.60229385	-2.0314703	0.039172113	0.9441248	-0.0050389776	1.4809821	1.0310166	0.39188385	0.9241878	-0.9697344	0.39685583	0.38899913	-0.59083354	-0.53110594	1.7672114	-0.74317396	1.1914927	0.23435545	1.8426958	-0.10608661	0.9908595	-0.1471479	0.16957486	-0.1009137	0.0518803	0.06557542	-1.3846006	0.011923641	0.25268918	-0.12371975
S__GCA_002295725.1	taxon	-0.4592523	-0.28266215	-0.22765556	-0.6194981	0.4833911	0.47852024	0.4323547	0.1160043	-0.22096214	-0.06678373	0.00051021576	0.08554405	0.409491	-0.24594516	0.5187166	-0.5639591	1.1335676	0.106362045	-0.0017166436	-0.7289709	0.6508246	0.42769533	-0.089496434	0.18292314	0.24108851	0.11617561	0.3245077	0.16230309	0.20553876	-0.6040139	0.20075053	0.02799692
S__GCA_002313235.1	taxon	-0.5217794	-0.19344848	-0.35465103	-0.29672888	0.6743799	0.37283134	0.55989695	-0.15344769	-0.27440882	-0.21774898	-0.16885051	0.022279173	0.37151515	-0.16797474	0.54691803	-0.5800273	0.7306721	0.07394701	0.00861913	-0.89137375	0.6443458	0.58420837	-0.09462184	0.33353746	0.1281245	0.3099186	0.38129395	0.09252232	0.31747726	-0.5794458	0.24560806	-0.23823741
S__GCA_002317795.1	taxon	-0.7297107	-1.7477963	-0.19926175	2.495121	1.1570451	-0.032849565	1.9531083	-2.02669	-2.1976292	-1.1236567	-1.3014481	1.8494029	0.0036861897	-1.2489921	2.60698	-1.1319348	-0.6135141	0.95342875	-0.94021714	-1.7272679	-0.97033876	0.45453152	-1.45442	1.3588617	0.9487625	1.1321528	0.52626216	-1.1371263	2.494637	-1.024493	0.35877228	-0.5890476
S__GCA_002335045.1	taxon	-0.86259943	-0.33546752	-0.2980453	0.21662837	1.3988667	0.09389239	0.5066999	-0.84732497	-0.8160742	-0.3835923	-0.7514595	0.52844745	0.46891224	-0.6459396	1.1313024	-0.29774046	-0.10565388	0.43666643	-0.35605627	-1.1107031	0.25250444	0.7614435	-0.5814349	0.5880212	0.20856291	0.54573494	0.57705534	0.097064614	0.686133	-0.5779742	0.067016974	-0.583172
S__GCA_002499015.1	taxon	-0.4684176	-0.28532767	-0.19440302	-0.6898618	0.37973922	0.68726164	0.43523636	0.20905925	0.07446621	-0.08494289	0.11809409	-0.14942306	0.41496265	-0.46748975	0.51051754	-0.5526843	1.2055414	0.09222793	-0.18696272	-0.49797764	0.9354389	0.24085978	-0.09155285	0.28571653	0.32569498	0.07510964	0.3600783	-0.2645892	-0.014732495	-0.39928994	0.48779535	-0.21017373
S__GCA_003229345.1	taxon	-0.3103854	-0.5064565	-0.35385793	0.14870077	1.0251534	0.6777902	0.37443763	-0.57917804	-0.054361295	-0.35959947	-0.109583125	0.096147925	0.78908265	-0.47259262	0.90556645	-0.39582005	0.47751042	0.3088554	-0.5896352	-0.5981433	0.57233727	0.9695003	-0.2662642	0.91809464	0.47497082	0.48688492	0.7625329	-0.21151912	0.46526062	-0.2887715	0.5099981	-0.81364995
S__GCA_003331785.1	taxon	-0.49597055	-0.48643827	-0.45023602	-0.12256855	0.28142112	0.2635114	0.6325311	0.22827378	-0.465533	-0.0060218573	-0.09306052	0.35615367	0.40583938	-0.26435187	0.5572856	-0.9641104	1.2660247	0.44174814	-0.2974765	-1.0712157	0.5162113	0.17310937	-0.3311782	0.2567333	0.73651886	-0.10890716	0.21065688	0.14179426	0.5557482	-0.8471875	0.20911583	0.15878826
S__GCA_003526595.1	taxon	-0.6127796	-0.95458364	-0.29850477	0.72272664	0.6166517	0.17531651	0.62215376	-0.5021628	-0.6654449	-0.18209189	-0.44155574	0.77328414	0.75061154	-0.6742349	1.0259445	-0.85054564	0.8704659	0.90687066	-0.7255889	-0.97059906	0.21507621	0.48825002	-0.8281709	0.8706293	1.1264553	0.2529115	0.3357396	-0.36906394	0.9682111	-0.7054054	0.4041934	-0.40313402
S__GCA_003545625.1	taxon	-0.6801006	-1.0089848	-0.34023273	0.9615991	0.87750226	0.27827436	0.80404377	-0.8801014	-0.6196316	-0.24814454	-0.60122335	0.945998	0.93959486	-0.7554508	1.1775999	-0.71689755	0.29065236	0.82434684	-0.91316146	-0.9594487	0.15382588	0.7207338	-0.9597199	1.1587768	1.0894514	0.3151992	0.6516539	-0.47588432	1.135961	-0.6168307	0.62685436	-0.51908094
S__GCA_003672175.1	taxon	-0.44650465	-0.32347178	-0.12826703	-0.97803265	0.07993765	0.6603651	0.37126154	0.5895953	0.10753727	0.1367105	0.27376437	-0.13905501	0.46869487	-0.43045026	0.11084255	-0.6684972	1.6131046	0.21163592	-0.16473928	-0.28471994	1.0528202	0.03263384	0.018164337	-0.05602695	0.60501254	-0.23484737	0.3115322	-0.072481185	-0.04317151	-0.6617266	0.3876269	0.23509179
S__GCA_004195625.1	taxon	-0.50282586	-0.6849545	-0.13355923	0.2824968	1.1412461	0.510482	0.46524644	-0.78087664	-0.31027415	-0.5933769	-0.34443688	0.3947438	0.6102221	-0.71115476	1.2508837	-0.51596344	0.34403846	0.32669318	-0.5117487	-0.9261645	0.41834635	0.69957	-0.4759342	0.9035957	0.5323911	0.4776879	0.7233842	-0.40219718	0.7538799	-0.19984378	0.70416665	-0.6412071
S__GCA_004356455.1	taxon	-0.4153389	-0.20935208	-0.27408797	-0.92670435	0.1803003	0.59136486	0.34619817	0.3305915	0.11903261	0.03789839	0.197775	-0.1193009	0.36217135	-0.27538067	0.28814355	-0.54131	1.4029584	-0.012485415	0.041150123	-0.4989641	0.88624525	0.19702989	-0.035546243	-0.01672244	0.35135907	-0.1251929	0.2307077	0.08678621	-0.09622491	-0.47451782	0.21867228	0.035779238
S__GCA_004356825.1	taxon	-0.23060688	-0.17654216	-0.088768534	-1.0585983	0.29449436	0.814034	0.39769784	0.28049257	0.27575746	-0.028239144	0.15420765	-0.3663885	0.39326453	-0.41711256	0.30997804	-0.41264093	1.3075278	0.030518904	0.07671344	-0.15301916	1.0457721	0.2115927	0.096180856	0.21002889	0.38514042	-0.09555633	0.49831498	-0.21606326	-0.3725086	-0.34788612	0.51806945	-0.166962
S__GCA_004356895.1	taxon	-0.4130504	-0.42621917	-0.23470886	-0.1697694	1.0028491	0.67647785	0.2921133	-0.5115844	0.21327953	-0.33477676	-0.092166156	-0.0097643435	0.75921917	-0.5579442	0.8640137	-0.3245839	0.60909075	0.279325	-0.4222406	-0.51840866	0.7893154	0.7350691	-0.2800936	0.84057873	0.5202349	0.28989276	0.6954444	-0.27531368	0.27179608	-0.18742852	0.8025494	-0.7752683
S__GCA_008974855.1	taxon	-0.48247504	-0.39176738	-0.019594606	-0.9140101	-0.13551736	0.7230822	0.80596286	0.3872053	-0.83812034	0.031748414	0.004748225	0.27812624	-0.25110376	-0.35691983	0.4240693	-0.5680479	1.4557776	0.0032045543	0.19555387	-0.31169513	0.2952632	0.033385515	-0.084671736	-0.21327633	0.057209134	0.01495558	0.0897212	-0.25039208	0.1697756	-1.0919346	-0.2039956	0.7131585
S__GCA_008975185.1	taxon	-0.37459424	-0.4373384	-0.5836493	-0.15661019	0.61033446	0.46566117	0.376672	-0.24822167	-0.38375583	-0.113788426	-0.08838397	0.23638064	0.6273152	-0.4718744	0.699694	-0.4114781	0.94636333	0.2789169	-0.3972198	-0.8873477	0.59170413	0.6483065	-0.2705472	0.34800798	0.7041012	-0.06993669	0.4940209	0.0886206	0.6084647	-0.46574196	0.14254424	-0.13973963
S__GCA_009392475.1	taxon	-0.47377005	-0.2816108	-0.28517997	-0.5994655	0.5835118	0.47666863	0.3198946	0.07130359	-0.03495568	-0.14404646	-0.0030404031	0.00688082	0.5039021	-0.26624542	0.60692406	-0.49124923	1.0668101	0.07258965	0.007679522	-0.7179582	0.7487149	0.3887788	-0.12764162	0.26843914	0.32180226	0.11201463	0.3657813	0.123334885	0.22121325	-0.49734193	0.35349208	-0.19258367
S__GCA_009937205.1	taxon	-0.3756664	-0.3355164	-0.34061334	-0.99844223	0.07432772	0.7606262	0.3876906	0.63985837	0.22262982	0.17171323	0.2663335	-0.23254961	0.50678027	-0.34355503	0.07859792	-0.64636004	1.6753507	0.1256342	-0.09993254	-0.3114984	1.1252143	-0.011163563	0.06532866	-0.056946546	0.75016105	-0.289683	0.3246345	-0.036753416	-0.014724642	-0.6446191	0.36821216	0.07092782
S__GCA_011055585.1	taxon	-0.094895594	-0.29248595	0.060306538	-1.4165738	-0.36913544	0.86511517	0.8836809	0.67401373	-1.1371461	0.19499114	0.039509892	0.049899638	-0.22191429	-0.23279503	0.114497304	-0.35148105	1.7814027	-0.11983675	0.4643764	0.13429692	0.21921533	0.11717725	0.06551719	-0.3210552	-0.007932544	-0.007247895	0.30506372	-0.4637186	-0.36783987	-1.2561407	-0.17756197	1.1231759
S__GCA_012960805.1	taxon	0.0497151	1.3272479	-0.5896664	-2.0414646	-0.3379388	1.3488976	0.6129223	1.9031646	1.3629975	0.9405011	1.4254172	-1.6563413	-0.21864969	0.24093094	-0.8139264	-0.4946802	2.2512074	-0.7911159	0.23716459	0.39348355	2.2766387	-0.44346592	1.1132705	-0.15891716	-0.5440452	-0.521296	-0.07072599	-0.5680436	-1.4105096	0.1550794	0.10206026	0.5238992
S__GCA_012964335.1	taxon	-0.2906106	0.123355985	-0.26020598	-1.451261	-0.017916799	0.7949934	0.28541592	0.73917884	0.2672072	0.13675436	0.4501317	-0.6035066	0.15585631	-0.099958345	-0.061981276	-0.43824622	1.5810112	-0.22156256	0.29859295	-0.115661174	1.2781866	0.055173606	0.38900602	-0.1306498	0.03524649	-0.11786168	0.23283786	-0.04805082	-0.5549065	-0.44985738	0.26328173	0.14204758
S__GCA_012964845.1	taxon	-0.3841244	0.28539693	-0.94345325	-1.1107569	0.5120724	0.73624647	-0.19412756	0.85929465	1.1364725	0.07257114	0.74408305	-0.5571746	0.7454982	0.21986452	-0.22840291	-0.48763943	1.4911822	-0.48593664	0.52996	-0.24330896	1.7358088	0.2124084	0.4933936	0.17793176	0.54731804	0.117157415	-0.059199184	0.14902541	-0.70001453	0.32850218	0.29300946	-0.80618966
S__GCA_012974305.1	taxon	0.24300157	0.006770253	-0.17492	-1.6319964	-0.5648049	0.750162	1.3380531	1.0823821	-1.1930673	1.0496858	0.54498816	-0.51605856	-0.42824095	0.3794541	-0.76586753	-0.8513987	1.3248944	-0.227537	0.8992311	0.31346267	0.30152178	-0.05319862	0.4122374	-0.2993821	-0.4754042	-0.20736809	0.6216049	-0.43969682	-0.9610462	-1.4671962	-0.3255616	1.4729353
S__GCA_012974425.1	taxon	-0.53444993	-0.21099472	-0.40474063	-0.20233083	1.2244229	0.9280143	0.23122053	-0.5314097	0.51011604	-0.13117452	-0.20295662	-0.07519822	0.735364	-0.77739525	0.69230783	0.035654843	0.36237705	0.32556745	-0.7621536	-0.35606402	1.0352116	0.8827842	-0.44284144	0.78894746	0.50527596	0.4060188	0.84929913	-0.45518562	0.28796113	-0.056276537	0.5271392	-1.2405877
S__GCA_013203245.1	taxon	-0.34821475	0.47328168	-0.8923359	-1.4639561	0.4830017	0.95954794	-0.20471561	1.0040485	1.4294658	0.43400425	0.76669216	-0.6925277	0.43487805	0.23433302	-0.5628044	-0.47057658	1.3237376	-0.5453599	0.5824183	0.104467094	1.9926633	0.21517485	0.6331894	0.13366085	0.38307312	0.20017846	0.04471445	-0.05129826	-1.0670173	0.34913436	0.18470873	-0.68861806
S__GCA_013215285.1	taxon	-0.041508853	1.6045005	-0.5444774	-2.1560037	-0.1526716	1.2834644	0.79624826	1.9908997	1.3473295	1.1113057	1.5780561	-1.705941	-0.049528837	0.2671547	-0.9639693	-0.46960372	2.266098	-0.83453286	0.08472428	0.63810897	2.4631782	-0.34522697	1.0264368	-0.040398955	-0.9183956	-0.44126254	-0.016594455	-1.007899	-1.3501248	0.10368019	0.23714952	0.6964716
S__GCA_013390475.1	taxon	-0.54851633	-0.9514257	0.09104061	0.4831174	0.91413707	0.7791372	1.0425216	-1.0002279	-0.95363504	-0.4939015	-0.56966275	0.6286684	0.33796155	-0.96765715	1.4016445	-0.4278624	0.5378279	0.59161216	-0.6076267	-0.6408544	-0.04208541	0.6251221	-0.552113	0.8721159	0.46839923	0.51927304	0.76776785	-0.53396505	0.80062294	-0.75203896	0.5844996	-0.26252097
S__GCA_013911135.1	taxon	-0.3748439	-0.5592636	0.04101056	-0.8117876	-0.20536119	0.8400434	0.992267	0.28502578	-1.1173584	-0.09862727	-0.16441059	0.30356658	-0.37981832	-0.56809705	0.4963226	-0.6151693	1.4759821	0.02919498	0.12258397	-0.2262692	0.09996116	0.05222702	-0.17012024	-0.1897487	0.22197813	0.12121764	0.19431263	-0.5066387	0.19706327	-1.1882558	-0.15203196	0.7377546
S__GCA_014384505.1	taxon	-0.09815036	1.2695471	-0.5997064	-1.9777117	-0.44771674	1.2730218	0.7828598	1.9291081	1.1777536	0.87259775	1.2798454	-1.6587111	-0.13928503	0.48792306	-0.8756208	-0.42905125	2.1618142	-0.7948571	0.36172572	0.4655202	2.2065487	-0.32275963	1.1416488	-0.19160655	-0.7223938	-0.33970484	0.07861629	-0.6083838	-1.3720038	-0.12740657	0.07728171	0.47943482
S__GCA_015659035.1	taxon	-0.43721715	-0.2564593	-0.054417383	-0.7774959	0.5433843	0.47137925	0.36562553	0.07586563	-0.15332921	-0.19645697	0.001993835	-0.035504818	0.37298042	-0.43234557	0.6208763	-0.46565688	1.105187	0.12160756	0.04380849	-0.56626636	0.76943475	0.33245006	-0.04039693	0.19749445	0.2554773	0.05794906	0.43843505	0.045797348	-0.0038965866	-0.4876606	0.4448093	0.035726726
S__GCA_015659595.1	taxon	0.072431155	0.38635123	-0.30258542	-2.1043284	-0.3964873	0.8900566	0.29657954	1.2500772	0.013830662	0.535287	0.75556564	-0.803409	0.051020026	0.12922852	-0.5447138	-0.31985685	2.0180442	-0.42016095	0.8014063	0.23143135	1.2042994	-0.13215093	0.7627722	-0.4957493	-0.07836133	-0.39982206	0.2128447	-0.029192537	-1.3480732	-0.55196834	0.06589022	0.8820219
S__GCA_016276965.1	taxon	-0.11418845	1.5784317	-0.63664573	-2.1535902	-0.29289457	1.3673083	0.84771556	2.0736637	1.6342498	1.0443821	1.4867963	-1.8855835	-0.02992189	0.44297674	-0.9752071	-0.3847912	2.2447548	-0.9144126	0.20352873	0.70061904	2.545312	-0.39474908	1.2065933	-0.03355825	-0.921737	-0.38737738	0.07680909	-0.91288257	-1.4098909	0.056862026	0.2994823	0.49664876
S__GCA_016777225.1	taxon	-0.16798486	0.054511547	-0.3056073	-1.4562192	-0.43362182	0.83473766	0.75659835	1.1974149	0.0036189556	0.5017009	0.43104073	-0.4734065	-0.16470188	0.033620745	-0.4502217	-0.8515071	1.8990567	-0.1417054	0.3846868	-0.102211356	1.1476128	-0.32423645	0.38431573	-0.55094355	0.2964161	-0.4506432	0.041495502	-0.14258885	-0.33748797	-0.9024686	-0.034198046	0.7290347
S__GCA_016777365.1	taxon	-0.23552534	0.43706775	-1.1210948	-1.071593	0.20621353	0.79342556	0.046301365	1.0611007	0.6859164	0.4712986	0.49102497	-0.3056485	0.270675	0.37757018	-0.4677641	-0.24387446	1.5777884	-0.3439216	0.4987295	-0.47449645	1.6001099	0.18087406	0.5532322	-0.24542722	0.44349143	-0.14809036	-0.006227553	0.42114028	-0.2296708	-0.14906484	-0.55582076	-0.081440136
S__GCA_016838795.1	taxon	-0.6316104	-1.0896969	0.0911078	1.2148168	0.93726397	0.37050933	1.3815013	-1.2188293	-1.2174013	-0.75893354	-0.7611737	0.96887106	0.01720202	-1.1300894	1.7531676	-1.0040021	0.02128306	0.6488928	-0.81195015	-1.2034059	-0.23232824	0.40739432	-0.8041629	1.0497148	0.42180914	0.7881411	0.625459	-1.0095997	1.399544	-0.67491734	0.57772976	-0.30998325
S__GCA_016838825.1	taxon	-0.5520282	-0.02391392	-0.41847646	-0.35603473	0.65195024	0.73854107	0.7178158	0.09645893	0.16357324	-0.013966961	0.11409801	-0.24121454	0.33014533	-0.09311995	0.58361125	-0.56640923	1.0848331	-0.05904632	-0.17036444	-0.6777016	0.970551	0.33656624	0.09338224	0.41488752	0.0088354945	0.29076093	0.27405447	-0.21184254	0.49902296	-0.44417223	0.24879184	-0.23996711
S__GCA_016838845.1	taxon	-0.35507104	-0.6477634	0.21948823	-0.17229235	0.0030076802	0.80294245	1.7737217	0.12395096	-1.6641334	-0.28359345	-0.6721651	0.4904436	-0.8012625	-0.67929375	0.81930524	-0.90017176	0.745564	0.1244238	0.2975787	-0.6346994	-0.6474731	0.011690676	-0.26222432	-0.03315881	0.052993417	0.46359822	0.4798991	-0.63408494	0.25674075	-1.4891123	-0.109502494	0.7758352
S__GCA_017368835.1	taxon	-0.562344	-0.48903787	-0.31305104	0.03232938	0.60487294	0.53413725	0.96178555	-0.29422948	-0.84019136	0.12917878	-0.48873237	0.614933	-0.24021041	-0.48038036	0.77575576	-0.66975373	0.56140184	0.5992935	-0.47125974	-0.8145355	0.029044867	0.37317058	-0.54242754	0.21556838	0.37169713	0.19979632	0.27557528	-0.3443237	0.5449183	-1.0886226	-0.141128	0.11657125
S__GCA_017854145.1	taxon	-0.23175085	0.83703387	-0.30479428	-1.4315526	-0.0775758	1.0927533	0.8009772	1.2810038	1.1227621	0.34966817	0.8316201	-1.3247098	-0.1114009	0.14196095	-0.33024874	-0.5031148	1.5851527	-0.4903806	0.2741109	0.28893	1.8673275	-0.25248292	0.85949624	0.022554636	-0.44308928	-0.14046033	0.28292927	-0.6029242	-0.9958806	-0.14710039	0.3539335	0.07902464
S__GCA_018673385.1	taxon	-0.48317635	0.43187046	-0.9486774	-1.0905066	0.5715621	0.79313445	-0.11774032	0.8736906	1.0969244	0.35829312	0.51316565	-0.43075827	0.5008276	0.29905283	-0.4151982	-0.3937958	1.2272427	-0.42215076	0.5080835	-0.262244	1.6904339	0.31837097	0.47294778	0.05007437	0.3417609	0.28254005	-0.037124068	0.2193715	-0.60406715	0.08157923	-0.10863838	-0.6700009
S__GCA_902512375.1	taxon	-0.41845992	0.06298387	-0.43591577	-0.87277675	0.22511101	0.6557032	0.3802872	0.35893512	0.039069504	0.056620233	0.33769244	-0.38695008	0.25476462	-0.09330836	0.114548214	-0.43902615	1.339535	-0.06966642	0.03666541	-0.43340868	1.1196978	0.3108357	0.19491649	0.01836893	0.021545231	0.06115141	0.22639662	0.025119364	-0.18324353	-0.4645583	0.21013865	-0.039699852
S__GCA_902514095.1	taxon	-0.7726488	-0.58651876	-0.1964538	0.7342346	1.5364966	0.4791666	0.3455608	-1.1013088	-0.28064293	-0.4464447	-0.53038496	0.45433468	0.8184977	-1.1534667	1.3038156	-0.06778368	0.052199364	0.95306593	-1.1921029	-0.576934	0.3449961	0.95257485	-0.9225446	1.208183	0.6869317	0.47954673	0.9100276	-0.4531211	0.5718405	-0.3028379	0.6102973	-1.0318756
S__GCA_905181585.1	taxon	-0.01738991	0.3992225	-0.88139474	-1.6454756	-0.18759474	0.8405181	0.12793952	1.4278711	0.7096647	0.42846292	0.6572415	-0.68358105	0.1688602	0.42697245	-0.6017636	-0.4911788	2.0675023	-0.5799519	0.9294354	-0.23045221	1.6390488	-0.19152142	0.85982525	-0.39513105	0.4373392	-0.42985046	-0.04073769	0.34373838	-0.7758565	-0.14443818	-0.20999193	0.27776283
S__GCA_905181595.1	taxon	-0.12239711	1.3052593	-0.5985555	-1.7804096	-0.35685313	1.2043815	0.7474616	1.911368	1.4478347	0.81323844	1.3017445	-1.7000202	-0.28844637	0.32181934	-0.77440476	-0.578842	2.0669408	-0.7794766	0.20425755	0.18113512	2.272791	-0.48574054	1.0988731	-0.18549186	-0.68679845	-0.38797134	-0.123280525	-0.56214863	-1.1944771	0.12402725	0.042962253	0.27033722
S__GCA_905181765.1	taxon	0.123385414	0.5744089	-0.7218298	-2.3732157	-0.21710241	1.1346384	-0.05229927	1.6082784	0.9591466	0.69233614	1.2931745	-1.1106378	0.41806793	0.35717216	-0.831434	-0.39105576	2.10667	-0.7257824	1.1605045	0.6804142	1.8549793	-0.09147641	1.0566201	-0.22502032	0.27143472	-0.37677693	0.15757015	-0.12767026	-1.8430183	0.017717376	0.3086631	0.26152653
S__GCA_905182065.1	taxon	-0.28034234	0.42082822	-1.0627768	-1.2469693	0.14159586	0.8055738	-0.020429105	1.1192764	0.8570885	0.50088453	0.53655493	-0.3743078	0.23416662	0.32558057	-0.54366815	-0.38030082	1.6102178	-0.42543408	0.5539042	-0.3952658	1.661351	0.0738316	0.5287111	-0.29058373	0.45507032	-0.14242925	-0.055850625	0.3565424	-0.39820537	-0.099443674	-0.41303766	-0.078928754
S__GCA_905182235.1	taxon	-0.44789338	-0.18663967	-0.29714087	-0.79473716	0.7700923	0.7682627	0.11664251	0.005381435	0.099540114	-0.10726295	0.16076513	-0.2754517	0.772334	-0.3454798	0.5194639	-0.029340535	1.0687455	0.019372664	-0.11883348	-0.35528192	0.9573429	0.6879937	0.14498103	0.33422536	0.18557686	0.14356753	0.5958421	0.14727259	0.064845055	-0.31381267	0.43367088	-0.23415163
S__GCA_905182435.1	taxon	0.16589497	0.6725511	-0.9904405	-1.396429	-0.15373734	0.9697236	0.3053646	1.4223013	0.5903867	0.8355076	0.65180933	-0.5953611	-0.103278995	0.6742213	-0.8724706	-0.1860454	1.8376327	-0.4482507	0.87869626	-0.078567654	1.7099515	0.06536223	1.0304123	-0.37680084	0.13000941	-0.3980894	0.044255674	0.32886374	-0.77220476	-0.19290403	-0.7804508	0.4267807
S__GCA_905182465.1	taxon	-0.48028135	-0.32203597	-0.5616925	0.27264556	0.20418885	-0.052638054	1.0079074	0.25472236	-1.0000485	-0.032978952	-0.079734474	0.46030053	0.09215447	0.2129706	0.35689127	-1.1598387	1.0112691	0.36709797	-0.15564117	-1.2545279	0.37210488	0.3859486	-0.25249678	0.20882072	0.2904411	0.30004176	0.06968382	0.16476136	0.77117574	-1.0829632	-0.2661264	0.27856225
S__GCA_905182765.1	taxon	0.17512554	0.5576645	-0.951653	-1.8881474	-0.23130721	1.0152504	0.092204034	1.4614966	0.7624937	0.7798503	0.73129755	-0.7119016	-0.1816616	0.4234505	-0.8863172	-0.39622134	1.9271431	-0.60129684	0.99187565	0.013053	1.7719332	-0.10749869	0.96341753	-0.46512985	0.28045613	-0.45446372	0.07190171	0.24676615	-1.0502291	-0.0640305	-0.36959946	0.5824876
S__GCA_905182775.1	taxon	-0.44612825	-0.28527898	-0.32070988	0.3229233	0.6427305	0.19854543	0.8565941	-0.3716176	-0.5672684	-0.35622454	-0.059627697	0.15145099	0.0682362	-0.1792899	0.61221117	-0.9646838	0.5314752	0.3626251	-0.36912316	-0.8432962	0.68649375	0.6413034	-0.2502612	0.52900946	0.2290881	0.40979534	0.41537696	-0.29511905	0.47084433	-0.5810232	0.33797276	-0.29877228
S__GCA_905182795.1	taxon	-0.46471113	-0.13651633	-0.46745008	-1.0387532	0.3341263	0.6639334	0.044426218	0.25495124	0.09738542	-0.0032573119	0.37642217	-0.30219343	0.5578535	-0.31843865	0.24770266	-0.24545331	1.4490651	-0.10595097	-0.02085203	-0.4468964	1.0850067	0.31567478	0.15744275	-0.10252306	0.29115206	-0.12991121	0.296796	0.19308233	-0.051184252	-0.3189528	0.12664184	0.0204622
S__GCA_905182815.1	taxon	-0.47767794	-0.52100605	0.028511196	0.015332729	0.6617709	0.6601588	0.88748294	-0.5168083	-0.5912927	-0.41446856	-0.37528518	0.29456764	0.09350568	-0.61487615	1.0257112	-0.7666416	0.9098213	0.22152922	-0.5035834	-0.7857542	0.16734025	0.5291485	-0.40622836	0.50725996	0.3402441	0.4449938	0.42609823	-0.3406679	0.65709466	-0.6198815	0.40903547	-0.07990329
S__GCA_905182865.1	taxon	0.23767026	0.29546076	-0.16650999	-2.092557	-0.12664649	1.1308613	0.22747755	0.8934896	0.20127079	0.4361138	0.87397146	-0.88701123	0.3190174	-0.032305688	-0.46133935	-0.07819095	1.8469644	-0.35542762	0.57140946	0.70306814	1.3880706	0.21811196	0.61454445	-0.0655545	-0.022496045	-0.26020494	0.61046493	-0.4510014	-1.5553403	-0.3265148	0.53938997	0.52607894
S__GCA_905182885.1	taxon	-0.2791865	-0.025763154	-0.56393826	-0.015618324	0.14313835	0.3513916	0.891291	-0.05130753	-0.7578135	0.040103212	0.08391935	-0.023408592	-0.11246163	0.05204186	0.27003506	-0.9250084	0.9492895	0.20063025	-0.092258334	-0.77757496	0.57763475	0.3895456	-0.031555355	0.17128915	-0.087818265	0.17753808	0.10979691	-0.063219905	-0.10856083	-0.6991522	-0.113573045	0.05209954
S__GCA_905478185.1	taxon	-0.12277558	0.62811816	-0.5115695	-1.7465622	-0.60338426	0.9949463	0.7949203	1.7753439	0.8166964	0.68815947	0.83920115	-1.0788658	-0.16238189	0.44534284	-0.7121121	-0.62736565	2.0788934	-0.5390267	0.5524032	0.19686154	1.6544464	-0.5450622	0.8297746	-0.45542583	-0.18473762	-0.45083869	-0.010044426	-0.30245796	-0.8686516	-0.6409665	-0.006854877	0.641064
S__GCA_905478445.1	taxon	-0.32224762	0.30634105	-0.9208175	-1.0384771	0.5738865	0.7228265	-0.13543396	0.93882275	1.1025857	0.0712363	0.71575785	-0.5498164	0.7507274	0.3155936	-0.23891667	-0.54650474	1.4035969	-0.46774492	0.54370946	-0.20924288	1.7373502	0.25839213	0.5705981	0.2512689	0.52652866	0.22045888	0.008720934	0.085755765	-0.6565378	0.30174857	0.2929937	-0.8403648
S__GCA_905478615.1	taxon	-0.7210591	-0.6324215	-0.059472755	0.5352971	1.4539927	0.518872	0.3056989	-1.19644	-0.1748912	-0.48008853	-0.5053913	0.5611693	0.79575604	-1.1794314	1.3355229	-0.02647674	-0.1494293	0.8866122	-1.096661	-0.43877423	0.4840309	0.9637903	-0.9439661	1.2005177	0.63983864	0.40977344	1.0877439	-0.64506984	0.27731854	-0.12714702	0.81009257	-1.0983768
S__GCA_905480095.1	taxon	0.16931011	0.16467476	-0.42954934	-1.4623107	-0.3181293	0.77246016	0.6013885	1.1014073	-0.09882954	0.4119579	0.39179125	-0.6406864	-0.22906518	0.021930307	-0.33183378	-0.57208604	1.8364099	-0.17806055	0.56287885	-0.25920904	1.1279503	-0.15881689	0.74425334	-0.48132592	0.27329683	-0.5942221	0.39230013	0.091545045	-0.6117612	-0.503612	-0.20647308	0.85666764
S__GCA_905480315.1	taxon	-0.0935761	0.29883528	-1.0228672	-1.0200421	0.07419382	0.58027405	0.15029427	1.20365	0.4813241	0.21043593	0.53862166	-0.32377765	0.38228005	0.46195376	-0.4536543	-0.43943128	1.8223104	-0.362552	0.62891394	-0.55876535	1.5227921	0.08304005	0.6151777	-0.29527646	0.56644297	-0.23210853	-0.018088639	0.36603418	-0.2515409	-0.04313284	-0.297926	-0.011198729
S__GCA_905612275.1	taxon	-0.7772912	-1.700475	-0.34724897	2.917871	1.1076334	0.14295915	2.305786	-2.341227	-2.366641	-1.1014454	-1.3728416	1.8184851	-0.1210148	-1.2599388	2.3728578	-1.2370591	-0.8453642	1.1772872	-1.254647	-1.5778472	-0.9155434	0.71140695	-1.7137542	1.5733039	0.97060895	1.2731513	0.6163005	-1.5481592	2.4475977	-1.1208785	0.46342295	-0.87139755
S__GCA_905612295.1	taxon	-0.50412804	-1.1331491	-0.037079446	0.7511918	0.666934	0.53265196	1.1127263	-0.9172642	-0.8749884	-0.46361506	-0.6239859	0.9505022	0.26517266	-0.9389569	1.3425242	-1.0164455	0.4617789	0.60065544	-0.77115077	-0.9707857	-0.11170253	0.51171166	-0.9394604	0.8612269	0.8312556	0.52607995	0.59979135	-0.8776424	1.1733142	-0.66442597	0.6033918	-0.38385916
S__GCA_905612305.1	taxon	-0.35189027	-0.0062643886	-0.3098832	-1.0763482	0.21409817	0.7152664	0.20163068	0.48535436	0.33761367	0.057991944	0.3947511	-0.43736055	0.42778343	-0.2188046	0.14732148	-0.35965347	1.4572057	-0.06981392	0.0036179125	-0.3139746	1.2335215	0.27843896	0.227615	0.056562185	0.20201176	-0.031324252	0.31856748	-0.034635484	-0.21055384	-0.29816735	0.37676015	-0.09254941
S__GCA_905612365.1	taxon	-0.6073295	-0.7781829	-0.32422414	0.7459093	0.98490417	0.20761487	0.4547386	-0.62152374	-0.36235866	-0.2337332	-0.42169988	0.56059736	0.92426944	-0.6986438	1.2377803	-0.60918885	0.5646476	0.8317476	-0.7932847	-0.8610086	0.37200284	0.6603814	-0.6408151	1.0885863	0.9333944	0.33580673	0.61380225	-0.24982634	0.83863604	-0.44165415	0.6657986	-0.60136765
S__GCA_905612455.1	taxon	-0.7498448	-0.7151619	-0.2620589	0.9731051	0.9271842	0.51153386	1.3464527	-0.8540315	-0.6804186	-0.5777557	-0.5611428	0.4873967	0.37442708	-0.7705861	1.605093	-0.834535	0.26165262	0.4360342	-0.7018666	-1.0728481	0.030130416	0.5355953	-0.7055029	1.1571362	0.44604978	0.7632038	0.5505625	-0.609281	0.9778689	-0.7486332	0.5489656	-0.59375167
S__GCA_905616395.1	taxon	-0.4688911	0.44400066	-0.94406295	-1.0954397	0.7387426	0.7974988	-0.17638922	0.8383634	1.1839018	0.2501485	0.5213831	-0.49685347	0.5232533	0.23591581	-0.34560916	-0.39694083	1.0960948	-0.42436942	0.5080427	-0.23488736	1.7689135	0.32692465	0.48543832	0.124563485	0.3912353	0.32905355	0.02185738	0.12261093	-0.63804704	0.22666894	0.04221553	-0.8627099
S__GCA_905618915.1	taxon	-0.37266666	-0.30179557	-0.29431915	-0.71575433	1.0044847	0.88598436	-0.06900443	-0.2930556	0.45834222	-0.3409227	0.20911251	-0.27551678	0.8663012	-0.59483075	0.6822481	-0.10517961	0.8755778	0.077586815	-0.39525193	-0.32069778	1.0967262	0.77206427	-0.05506575	0.680043	0.45171428	0.2508941	0.69047844	-0.18950254	0.11621028	-0.006421823	0.88438106	-0.7448136
S__GCA_905620445.1	taxon	-0.5646172	0.3645651	-1.0174243	-0.8184012	0.8723274	0.6686141	-0.1762157	0.66175795	1.0649375	0.123996496	0.43764713	-0.33083782	0.66697323	0.17103866	-0.20188263	-0.3904978	0.93355477	-0.29685324	0.33161324	-0.4000972	1.7114019	0.4062214	0.26152366	0.13510466	0.50990963	0.3802587	0.0028516948	0.11603609	-0.31983453	0.22305344	0.05195654	-1.0616394
S__GCF_002836475.1	taxon	-0.27873555	0.5269394	-0.8043173	-1.825817	0.22908938	0.9915075	-0.20961316	1.2322361	1.3902969	0.5813826	0.9398031	-0.8482641	0.3441124	0.26762483	-0.7084391	-0.4763468	1.5474852	-0.648899	0.7932278	0.33192676	2.0787306	0.09152162	0.8027918	0.016627133	0.29046887	0.05468579	0.068595886	-0.090546995	-1.4029195	0.28892022	0.2231724	-0.40292326
S__GCF_003326015.1	taxon	-0.13409466	0.52295446	-0.9028999	-1.5077479	-0.21487656	0.72467834	0.24023832	1.4257836	0.70238256	0.65448046	0.65366435	-0.52162665	-0.07513636	0.57845885	-0.91430795	-0.5619285	1.7089326	-0.53142333	0.8373015	-0.18897939	1.7327516	-0.023355782	0.78428763	-0.48583505	0.1865679	-0.16266686	-0.047421098	0.18572032	-0.77793014	-0.20458558	-0.47750577	0.32750112
S__GCF_012276695.1	taxon	0.0115211755	1.4530605	-0.5687283	-2.2045	-0.27069822	1.297826	0.75698334	1.9880457	1.3051196	1.0717181	1.5257657	-1.7230525	-0.04751873	0.36387625	-0.98296064	-0.3096422	2.357047	-0.84386456	0.26649192	0.6873194	2.3648221	-0.34273052	1.1118736	-0.09647715	-0.83218026	-0.47410956	0.08283821	-0.85436547	-1.4685878	0.033910185	0.2221155	0.7085774
S__GCF_013407165.1	taxon	-0.44241455	-0.4889693	-0.33706206	0.49627674	1.0620637	0.49174955	0.52288043	-0.8697944	-0.21544078	-0.53752077	-0.15581621	0.16442819	0.6084299	-0.61173946	0.96688616	-0.54427546	0.25938815	0.44992948	-0.68087476	-0.60469204	0.6963892	0.9784942	-0.50740635	1.1138928	0.46761677	0.55944055	0.7568245	-0.48293754	0.42125058	-0.29431278	0.7385744	-0.9334539
S__GCF_014279835.1	taxon	-0.56004083	-0.3429441	-0.48230556	0.3441959	0.6005652	0.07451157	0.9442799	-0.08383898	-0.878094	-0.115258664	-0.23699525	0.35997176	0.25096676	0.034392975	0.7186532	-0.9643983	0.7410192	0.45078182	-0.16672078	-1.2333146	0.22997288	0.49674237	-0.21962923	0.4918329	0.24791822	0.31554487	0.36497363	0.2095961	0.6026744	-0.9149765	0.01796472	0.09636927
S__IMGVR_UViG_3300006310_000001	taxon	-0.62807024	0.09609032	-1.0082296	-0.27009565	0.8797733	0.3852752	0.12642987	0.41390496	0.34943572	0.0774581	0.18819241	0.07974786	0.9039084	0.56516445	0.04294586	-0.45769045	0.96923184	-0.17092022	0.42283353	-0.9091531	1.0811975	0.5651876	0.15362048	0.37542993	0.3826462	0.47173542	-0.12492964	0.45265675	0.28954086	-0.343	-0.07145654	-0.6367477
S__IMGVR_UViG_3300006467_000165	taxon	-0.6128009	-0.81319207	-0.5116125	0.74326026	0.8450712	0.0068728477	0.72057694	-0.4423409	-0.6135789	-0.19331138	-0.53570175	0.77873546	0.90420216	-0.39726174	1.2113271	-0.7232137	0.55212516	0.83128273	-0.5611605	-1.0995102	0.19338456	0.53061295	-0.67302775	0.8876972	0.9924841	0.25443065	0.36622193	-0.04638326	1.1728343	-0.7667556	0.46277648	-0.3879454
S__IMGVR_UViG_3300009440_000004	taxon	-0.45988142	-0.41142315	-0.5247646	-0.07986802	1.3302956	0.7121523	-0.14481416	-0.54466546	0.31965572	-0.36700347	-0.020346392	0.0270639	1.1749715	-0.54130536	0.97337496	0.0345861	0.560247	0.28996783	-0.6970314	-0.5719818	0.8915168	1.0312765	-0.35932207	1.069237	0.6450321	0.45879978	0.64402616	-0.12067211	0.6385266	-0.008437857	0.8060162	-1.1324238
S__IMGVR_UViG_3300009443_000008	taxon	-0.7322091	-0.7895577	-0.14625168	0.73654497	1.7021191	0.5190246	0.25521383	-1.4627166	-0.3560355	-0.56262696	-0.72773397	0.6781324	1.1623447	-1.2171347	1.4425746	0.22593737	-0.29244304	0.8820299	-1.1855452	-0.45611978	0.37479863	1.2156513	-1.0626537	1.2855271	0.88011694	0.44381067	1.2084213	-0.5731214	0.6957452	-0.10937876	0.6718943	-1.2805386
S__IMGVR_UViG_3300020166_000001	taxon	-0.48582566	0.1356296	-1.2381952	-0.46307135	0.935111	0.8138867	-0.28437752	0.3154567	0.92740846	0.15602894	0.34749687	-0.23085144	0.93305707	-0.0068809986	-0.13783455	-0.2374833	0.9665531	-0.1023656	-0.090414345	-0.55269516	1.4514918	0.5500453	-0.01867421	0.32986385	0.84230304	0.2892986	0.041259527	0.12625659	-0.009219766	0.19716848	-0.008304611	-1.1935217
S__IMGVR_UViG_3300020166_000015	taxon	-0.43947494	-0.63822055	-0.6426718	0.33732176	1.0243952	0.6171208	0.3811613	-0.63542473	-0.09187693	-0.2408823	-0.22588868	0.3075843	1.0151006	-0.6470244	1.0741575	-0.3096454	0.4906026	0.44718555	-0.7326539	-0.79673785	0.60006416	0.8293801	-0.51882684	0.9798261	0.87647593	0.3025862	0.5865369	-0.32063103	0.8187058	-0.1554084	0.556827	-0.94428545
S__IMGVR_UViG_3300020182_000036	taxon	-0.46214533	-0.6603857	-0.42928684	0.109344065	1.1381596	0.60315794	-0.0066336244	-0.58466357	0.0566893	-0.24950014	-0.24018002	0.34849694	1.1482209	-0.57848746	0.9614644	-0.105122685	0.5421252	0.49477482	-0.7293918	-0.6323272	0.6170923	1.0180058	-0.5333389	0.9677172	0.86673194	0.36707872	0.6811315	-0.11704564	0.8767987	-0.24161509	0.7561881	-0.9287573
S__IMGVR_UViG_3300020185_000065	taxon	-0.56744677	0.007631451	-1.0944055	-0.37455374	1.1787107	0.57398653	-0.29680708	0.26596087	0.8265811	-0.077889666	0.36949122	-0.0134635605	1.1695477	0.27646577	0.20565335	-0.42251766	0.92195195	-0.17691875	0.16071123	-0.6807783	1.3333025	0.65273523	0.0058172047	0.76423836	0.77641857	0.5545622	0.00689888	0.14958495	0.16157925	0.1522156	0.3004491	-1.2441947
S__IMGVR_UViG_3300021087_000038	taxon	-0.6305572	-0.358963	-0.4855153	-0.13354325	1.1552503	0.46716422	0.1229472	-0.31272978	-0.14782122	-0.19318753	-0.21140869	0.1585626	0.9536649	-0.22866711	0.8935149	-0.12707831	0.61590374	0.16454366	-0.2455894	-0.9183474	0.5371332	0.8174528	-0.21967621	0.6716936	0.32631662	0.44120747	0.4512112	0.31682113	0.75843346	-0.4997364	0.32466894	-0.5773111
S__IMGVR_UViG_3300023238_000017	taxon	-0.6105302	0.02042085	-1.0139219	-0.30202645	0.940939	0.42147192	0.004966259	0.40742263	0.4445277	0.07517946	0.20689864	0.11481125	1.0245394	0.50058645	0.12168489	-0.43743247	0.9878874	-0.15581071	0.33262578	-0.9031701	1.0634096	0.57221997	0.10520926	0.47360906	0.51039237	0.4850837	-0.07755235	0.4310849	0.33702216	-0.26347402	-0.03780915	-0.7209308
S__IMGVR_UViG_3300023239_000003	taxon	-0.41307634	-0.7196939	-0.3115514	0.2003581	1.4430254	0.5514665	-0.17105037	-1.0109098	-0.018714562	-0.5582182	-0.22893907	0.37970033	1.3330615	-0.74354947	1.2697746	0.079325795	0.41774207	0.6256873	-0.8155314	-0.5597264	0.6059488	1.2080007	-0.5918697	1.3381348	0.9176285	0.42973262	0.7827663	-0.11486709	0.7262367	-0.013497591	0.960012	-1.135524
S__IMGVR_UViG_3300024520_000070	taxon	-0.5611677	-0.39719453	-0.5485304	-0.06103319	1.0176393	0.55711645	0.08790234	-0.26551688	0.10303308	-0.09018308	-0.1570808	0.1764232	0.9780633	-0.350937	0.82334846	-0.19286586	0.656551	0.25486934	-0.46963662	-0.7815403	0.6787698	0.80665594	-0.35017353	0.7221798	0.5649399	0.34260237	0.48596472	0.054701567	0.8194162	-0.3875968	0.49662971	-0.7235566
S__IMGVR_UViG_3300025071_000006	taxon	-0.6331564	-0.66874826	-0.5298315	1.058577	0.7681717	-0.008608803	0.92185974	-0.8713732	-0.9622221	-0.36745998	-0.40500328	0.7214028	0.40196687	-0.26774162	0.96124315	-0.89224726	0.3441036	0.7295751	-0.6485157	-1.1124315	0.3318006	0.75871366	-0.80096936	1.0412672	0.53716063	0.49795842	0.20436573	-0.35531974	1.070111	-0.7473984	0.25475267	-0.5467552
S__IMGVR_UViG_3300025079_000001	taxon	-0.63702667	-0.82793033	-0.44756052	0.58408666	0.84529114	0.23900169	0.40673465	-0.51116127	-0.32407552	-0.109297484	-0.33186138	0.6225391	1.1786249	-0.6111584	1.0210667	-0.5108707	0.79786	0.86748534	-0.78249353	-0.79683435	0.4163795	0.7147914	-0.71295714	0.9888394	1.1470828	0.11411595	0.49908227	-0.07105598	0.8628382	-0.54071546	0.52569705	-0.55324054
S__IMGVR_UViG_3300025296_001443	taxon	-0.6019293	-0.0384503	-1.0382662	-0.3244049	0.9958589	0.48492572	-0.11796796	0.3668046	0.650613	0.05961469	0.23614785	0.09094773	1.0879594	0.3531216	0.13806146	-0.4994119	0.9564942	-0.119569205	0.21319199	-0.791515	1.1714052	0.56601965	0.014540434	0.5681858	0.7218568	0.48893034	-0.041020334	0.24960881	0.31388247	-0.0994596	0.16285369	-0.9602175
S__IMGVR_UViG_3300025632_000006	taxon	-0.56595314	-0.05959463	-1.0979023	-0.32638162	1.0549332	0.607379	-0.2287747	0.31158623	0.85731363	0.058923125	0.32916772	0.04879351	1.1847428	0.24032585	0.13666129	-0.4727545	0.96233153	-0.103557125	0.06610969	-0.63156986	1.311983	0.6387535	-0.05888796	0.7320912	0.8844849	0.5052167	0.015154839	0.078891814	0.24134266	0.08390109	0.31168187	-1.195661
S__IMGVR_UViG_3300025637_000035	taxon	-0.54816693	0.0061484277	-1.108811	-0.40097564	1.2291448	0.65793514	-0.37792173	0.23255993	0.9853946	-0.07999408	0.47473037	-0.07197832	1.239602	0.21117629	0.20865065	-0.39554942	0.95447767	-0.17613675	0.07876003	-0.53996855	1.4459558	0.69150877	0.007065922	0.8656716	0.859319	0.5563479	0.03822452	0.062058985	0.05903536	0.28779942	0.39800626	-1.390729
S__IMGVR_UViG_3300025653_000044	taxon	-0.4917131	-0.46170074	-0.5602797	-0.030902267	1.1414375	0.69616526	-0.02575694	-0.40435898	0.28194532	-0.19672129	-0.08910155	0.1178924	1.127835	-0.52119327	0.87481755	-0.08810216	0.5896627	0.3403388	-0.7084482	-0.5942022	0.8122696	0.95960224	-0.41203701	0.9378973	0.71836513	0.38997206	0.6107775	-0.15012705	0.75760347	-0.15413375	0.73549986	-1.0049484
S__IMGVR_UViG_3300025860_000061	taxon	-0.6391682	0.15078196	-1.1230983	-0.4231165	1.2701366	0.84014964	-0.37709165	0.24363458	1.0864054	0.03696558	0.3387299	-0.17325315	1.1049594	0.025320105	0.0183499	-0.19801682	0.7211358	-0.107964665	-0.11332306	-0.42095417	1.5688341	0.7606371	-0.10736781	0.6608096	0.7840887	0.5439707	0.13817221	0.053896964	0.021350026	0.25570145	0.20601434	-1.5074253
S__IMGVR_UViG_3300025869_000017	taxon	-0.67794824	0.10798046	-0.73497134	0.25616926	1.0264895	0.59509903	0.5392303	-0.039360657	0.60519344	-0.18963616	0.20897242	-0.2567699	0.80428773	-0.09015995	0.734841	-0.4463906	0.66590726	0.21913764	-0.73049533	-0.65992725	1.1873193	0.60333276	-0.09162019	0.9934156	0.17082182	0.44607186	0.3942935	-0.41642433	0.5875489	-0.0382908	0.54796803	-0.9354284
S__IMGVR_UViG_3300027687_000007	taxon	-0.8150228	0.71108747	-1.048782	-0.14548838	0.736655	0.8148557	0.58859056	0.79892004	1.4043027	0.2823154	0.7383212	-0.80736244	0.6045184	0.3102259	0.13819572	-0.64744174	1.0434356	-0.2528184	-0.7816175	-0.8076061	1.858097	0.2338928	0.16346407	0.6996217	-0.3273173	0.38294646	0.024931028	-0.4863997	0.37903962	0.2610737	0.42018503	-1.0476357
S__IMGVR_UViG_3300027780_000015	taxon	-0.70874435	0.20309015	-0.763529	0.1036222	1.0242542	0.698549	0.5346117	0.105714075	0.8013706	-0.15487945	0.26868087	-0.39494634	0.8129095	-0.047344327	0.6598276	-0.3859272	0.7062901	0.074161425	-0.685771	-0.6074757	1.2578475	0.5693463	-0.014902711	0.901408	0.1261105	0.43857872	0.4191875	-0.40364808	0.5347876	0.00039210916	0.5446134	-0.96929
S__IMGVR_UViG_3300027813_000042	taxon	-0.46853465	-0.5623962	-0.53632027	1.2560385	1.181981	0.151294	0.78932405	-1.1714828	-0.7659473	-0.73597145	-0.24911281	0.4919613	0.5038797	-0.387488	1.2417512	-0.6899225	-0.024799818	0.7251804	-0.8457556	-0.89218384	0.3994031	1.1122198	-0.7355214	1.314825	0.58668935	0.71504474	0.5811024	-0.50922084	0.9416229	-0.38571507	0.49623212	-1.0528902
S__IMGVR_UViG_3300027833_000016	taxon	-0.5670259	-0.25789246	-0.597381	0.008850753	0.91991407	0.52127534	0.26149952	-0.28779906	-0.14695913	-0.19297437	-0.025713712	0.10298779	0.76327956	-0.19916105	0.6731164	-0.26751167	0.65222025	0.22060211	-0.42361036	-0.74605775	0.74811435	0.88289547	-0.29031277	0.6476315	0.29927254	0.43617517	0.41268918	-0.00023782253	0.668739	-0.47056445	0.33757326	-0.64332324
S__IMGVR_UViG_3300027833_000046	taxon	-0.57127476	-0.51963127	-0.54647976	1.174368	1.1927757	-0.09908214	0.78216815	-1.0441456	-0.9624808	-0.6343734	-0.38916498	0.51201016	0.4745092	-0.29276145	1.225909	-0.6798677	-0.08310043	0.685415	-0.6395372	-1.0500035	0.35482436	0.95018005	-0.6765922	1.0976022	0.36637777	0.63616407	0.54547316	-0.3478525	0.95036376	-0.51778686	0.3326035	-0.7417842
S__IMGVR_UViG_3300027861_000023	taxon	-0.7304501	0.1988594	-1.0199212	-0.30155098	0.9951091	0.5407562	0.047911286	0.38008356	0.496452	0.18708062	0.05734899	0.03863734	0.82652783	0.2996099	-0.019977376	-0.2960165	0.6793973	-0.062286675	0.17864299	-0.7883496	1.1737388	0.64153355	0.006768167	0.24374598	0.4404539	0.51230824	0.016769797	0.34656832	0.31370255	-0.31694376	-0.20925769	-0.87208104
S__IMGVR_UViG_3300028198_000003	taxon	-0.5588245	0.08378577	-1.0642731	-0.34643757	0.93116987	0.49987122	-0.057138845	0.33017436	0.48527324	0.049002655	0.31624824	0.012644352	0.98849726	0.47461295	0.10980894	-0.3867749	1.0522346	-0.19197327	0.3266296	-0.85437036	1.11964	0.56358063	0.14715552	0.46030995	0.45716074	0.4346692	-0.1091747	0.41546533	0.19109204	-0.15050276	-0.033301562	-0.77945083
S__IMGVR_UViG_3300028535_000001	taxon	-0.35551918	-0.40192306	-0.6906331	-0.19401932	0.9552208	0.6751805	-0.112310275	-0.3937118	0.21114229	-0.18002126	0.092263415	-0.05496522	1.0035228	-0.5526862	0.7634878	-0.099996865	0.8440609	0.23319238	-0.545105	-0.6410262	0.78053594	0.7457599	-0.2011779	0.6832723	0.7398467	0.16461681	0.50312346	-0.033693194	0.44384292	-0.0044275597	0.54026407	-0.8472624
S__IMGVR_UViG_3300031519_000018	taxon	-0.6616705	-0.77592194	-0.29133004	0.9207858	1.4197372	0.12718463	0.41328922	-1.0601852	-0.541869	-0.654553	-0.5781371	0.56787574	1.1323507	-0.7851372	1.6796966	-0.20624837	0.12619328	0.7997127	-0.77971363	-0.8758466	0.12458014	0.9228227	-0.8341389	1.3500721	0.7858672	0.47177	0.8493066	-0.12041736	0.86310923	-0.3306101	0.7125304	-0.820774
S__IMGVR_UViG_3300031687_001020	taxon	-0.6436199	0.18447396	-1.1107024	-0.4780547	1.238561	0.8396573	-0.3584594	0.27907702	1.0849731	0.037772775	0.36685878	-0.18998733	1.0807251	0.045599356	0.016561285	-0.20172638	0.7469363	-0.1431649	-0.067723066	-0.41820204	1.5668739	0.758518	-0.066566065	0.6166453	0.7257911	0.5574845	0.14181525	0.08242163	-0.036691785	0.24754083	0.17602889	-1.46735
S__IMGVR_UViG_3300031688_001339	taxon	-0.63635665	0.17598933	-1.1218345	-0.46795154	1.268158	0.8431431	-0.39064026	0.26078832	1.1188412	0.019560933	0.37945884	-0.2000378	1.0963492	0.025314525	0.01811196	-0.19735594	0.729625	-0.13586038	-0.08924851	-0.40276593	1.600925	0.75674677	-0.08007856	0.651279	0.76338387	0.5492404	0.13859946	0.047530234	-0.03338939	0.29532266	0.21093772	-1.5199417
S__IMGVR_UViG_3300035195_000275	taxon	-0.49759114	-0.69984114	-0.40790603	0.6015812	1.1914165	0.29386866	0.43523705	-0.82118535	-0.31363666	-0.43843326	-0.37324423	0.5829259	0.99244815	-0.60556704	1.3291223	-0.38571972	0.35881954	0.64622045	-0.71073973	-0.88094854	0.28409895	0.89239824	-0.6750549	1.048753	1.0056385	0.33506978	0.61320996	-0.17921805	0.9493592	-0.2524234	0.5783314	-0.8192029
S__IMGVR_UViG_3300037585_000783	taxon	-0.66606474	0.23285246	-1.119831	-0.33981514	1.0820731	0.55537796	-0.059885442	0.34384048	0.60570574	0.075956374	0.21841264	-0.046614144	0.82078975	0.28697094	-0.034084015	-0.2531645	0.7432182	-0.12702245	0.12221736	-0.76729834	1.3002043	0.6838844	-0.009711385	0.34287927	0.49084613	0.5123512	0.04717976	0.29539895	0.21337956	-0.10986422	-0.15320304	-0.9511633
S__IMGVR_UViG_3300038315_000065	taxon	-0.102541	-0.49649128	-0.8663101	0.0367108	0.84638584	0.6069792	0.092364475	-0.5992527	-0.21482	-0.09921923	0.0047800615	0.044616874	0.90042865	-0.5942942	0.906637	-0.15579617	0.8348957	0.38170648	-0.537611	-0.8313975	0.4726172	0.7304045	-0.16509256	0.66734105	0.9554465	-0.070218176	0.52488375	0.04546219	0.5026181	-0.061008498	0.327492	-0.5899074
S__IMGVR_UViG_3300046168_000044	taxon	-0.62921786	-0.7185915	-0.5668128	0.4739918	0.6540185	0.10747036	0.59403735	-0.22045213	-0.5809006	0.007115066	-0.29882944	0.66179997	0.7979734	-0.28076196	0.83493996	-0.811886	0.94761074	0.69720554	-0.5142469	-1.1159557	0.39794195	0.4695	-0.54056776	0.7021386	0.9443424	0.13723445	0.22370452	0.06404257	1.0865026	-0.79821944	0.23288488	-0.1984643
S__IMGVR_UViG_3300046532_001046	taxon	-0.64005744	0.10923308	-0.96016794	-0.39462352	0.77591187	0.34811077	0.010500401	0.4173488	0.32442433	0.10204959	0.28700647	0.13524719	0.8496496	0.59861034	-0.009904355	-0.45434916	1.1922474	-0.1604375	0.409816	-0.92150176	1.1680193	0.48868725	0.10425699	0.30957505	0.37446746	0.41586486	-0.25226888	0.4527046	0.28114912	-0.31081325	-0.20461448	-0.5813179
S__IMGVR_UViG_3300047157_000078	taxon	-0.48031196	-0.74720687	-0.3993715	0.24876863	1.0861284	0.4904175	0.09309904	-0.6900586	-0.094235525	-0.22462758	-0.3549174	0.50368357	1.159511	-0.6602939	1.0762883	-0.20970061	0.4738027	0.6268573	-0.7521871	-0.67475605	0.49150938	1.0122185	-0.5972184	1.0361233	0.95051366	0.31902528	0.66121924	-0.12852097	0.93331957	-0.2912131	0.7797276	-0.8601767
S__IMGVR_UViG_3300049783_000307	taxon	-0.852194	-0.7171432	-0.41428554	1.0527399	1.4076478	0.65433234	0.86981124	-1.1833761	-0.5642899	-0.40602696	-0.6731404	0.69619286	0.71181494	-0.9770491	1.1977953	-0.15861772	-0.09227602	0.9450978	-1.2178009	-0.72791135	0.0706368	0.88145185	-1.074564	1.3024505	0.7812729	0.4874805	0.74013346	-0.65940565	0.96174186	-0.71696955	0.42676982	-1.0134151
S__IMGVR_UViG_GVMAG-M-3300025652-16_000001	taxon	-0.60218173	-1.3091141	-0.33323497	1.9159563	1.3211691	0.25630045	1.3075272	-1.7758453	-1.223056	-0.9416529	-0.92580795	1.2293633	0.6414539	-1.0873027	1.9547644	-0.73479474	-0.37058067	1.0420051	-1.2010179	-1.0055213	-0.29324922	0.922918	-1.2746091	1.6315264	0.9457056	0.9383521	0.88535017	-0.8590199	1.569954	-0.59306383	0.6639583	-0.9656342
S__IMGVR_UViG_GVMAG-S-1102114-126_000001	taxon	-0.47730052	-0.39036688	-0.54313767	-0.05643189	1.25524	0.7129067	-0.087258495	-0.5248467	0.32259944	-0.3392305	-0.016258398	0.018788975	1.1295257	-0.5413208	0.92275167	0.0030168295	0.5467632	0.30383152	-0.70650256	-0.5616647	0.9038524	1.0281287	-0.3868765	1.0231463	0.6296107	0.43547705	0.6229336	-0.17109513	0.6296184	-0.04485143	0.8160243	-1.1248934
S__IMGVR_UViG_GVMAG-S-ERX556030-34_000001	taxon	-0.20796633	0.25681633	-1.1808912	-0.877774	0.6173513	0.9502779	-0.17696023	0.546907	0.71141404	0.20463344	0.30978376	-0.2402286	0.5019369	-0.010537306	-0.14072959	-0.06470843	1.4238499	-0.19757922	0.0441736	-0.70738834	1.5739391	0.3883775	0.14851323	0.11009852	0.7943193	-0.14277327	0.1296562	0.4125801	0.204799	-0.049015492	-0.28730828	-0.42426494
S__IMGVR_UViG_GVMAG-S-ERX556043-36_000001	taxon	-0.5311284	-0.17870659	-0.5531297	-0.5560069	0.58802176	0.5129286	0.09443636	0.07496941	0.031901866	-0.021983616	0.18343586	-0.048803106	0.6581446	-0.14833035	0.4706895	-0.26708674	1.1697612	-0.010046985	-0.06031522	-0.7964157	0.8772898	0.47128454	0.024867833	0.21271741	0.24610126	0.09885673	0.2209039	0.30701214	0.32509214	-0.3926961	0.1205076	-0.19373387
S__Phycodnaviridae_HM004430_Bathycoccus_sp_RCC1105_virus_BpV2	taxon	-0.6783094	-0.5245255	-0.29725724	0.6434208	1.4319913	0.0010568053	0.28934354	-0.8433036	-0.41539192	-0.5955603	-0.39094695	0.37839526	1.0087825	-0.53527856	1.4975691	-0.20558053	0.23478559	0.6867646	-0.5466622	-0.9518132	0.3039469	0.84704375	-0.62046754	1.1438758	0.5244073	0.39542088	0.67279583	0.12836146	0.7040674	-0.35828286	0.636311	-0.70034236
S__Schulz_GVMAG_M_3300025652_16	taxon	-0.7135776	0.7766842	-0.9902099	-0.60641855	0.39688	0.9553962	0.60423136	1.2163384	1.578839	0.41102296	0.78501743	-1.0092924	0.41998887	0.6398076	-0.3205989	-0.5413486	1.2268801	-0.4717939	-0.33028695	-0.4876645	1.8645741	0.01070451	0.29778326	0.28698656	-0.43421456	0.24426326	0.12133261	-0.47019684	-0.0067150146	0.0461694	0.31540856	-0.92445505
S__Schulz_GVMAG_S_1024967_63	taxon	-0.6689685	0.16357219	-1.0871946	-0.5418592	0.98599803	0.7654977	-0.3563282	0.3615101	1.0480431	0.13200545	0.41130483	-0.12009395	0.94602937	0.08670522	-0.15652056	-0.24169917	1.0080506	-0.15474775	-0.054550946	-0.4790805	1.649108	0.5785563	-0.09052837	0.47106877	0.7204727	0.37665054	-0.05997336	0.12121594	0.019173801	0.1879755	0.031571433	-1.2229092
S__Schulz_GVMAG_S_1102104_120	taxon	-0.69053787	0.27403563	-1.0534109	-0.34382576	0.930514	0.624453	0.024515748	0.3820685	0.5854374	0.15634358	0.21313578	-0.04854055	0.7697729	0.3017417	-0.09107998	-0.28432196	0.79779834	-0.12118852	0.124785125	-0.63351095	1.332659	0.6898664	0.037375897	0.28431463	0.39271754	0.5391591	0.004744619	0.2740288	0.10493851	-0.21493185	-0.19925481	-0.9593202
S__Schulz_GVMAG_S_1102114_126	taxon	-0.7994717	-0.68800056	-0.27720758	0.9538636	1.5930643	0.39772624	0.48073375	-1.5051398	-0.47428948	-0.56585944	-0.71333903	0.6967096	0.94714165	-1.1065501	1.3934377	0.11569166	-0.42632577	0.96471727	-1.1806918	-0.5437481	0.34449098	1.1881132	-1.1290402	1.3447189	0.6906662	0.53332174	1.0542808	-0.6026666	0.65883976	-0.27604347	0.7172216	-1.2781901
S__TARA_ARC_108_MAG_00021	taxon	-0.064436644	0.11146307	-0.2728225	-1.7309201	0.07238892	1.0136917	0.1794668	0.57141954	0.42414036	0.1472505	0.5713107	-0.86907876	0.25818515	-0.29750413	-0.043557808	-0.16143465	1.6267304	-0.3332667	0.39188862	0.16977918	1.3019611	0.12494153	0.5928067	-0.10530266	0.0988217	-0.2818795	0.43315774	-0.08458209	-0.9788928	-0.15416244	0.48016512	0.11480597
S__TARA_ARC_108_MAG_00099	taxon	-0.20773256	0.22057676	-0.3867182	-1.3044133	-0.08921574	0.77621937	0.40512702	0.76352835	0.070420355	0.2632904	0.47965848	-0.59795815	0.05389124	0.06814332	-0.12801501	-0.3848771	1.6614316	-0.23364437	0.3227091	-0.19051138	1.1783409	0.10882118	0.53047353	-0.20105572	-0.070304334	-0.14768994	0.1837759	0.102547705	-0.5531635	-0.5324907	-0.030644402	0.33872485
S__TARA_ARC_108_MAG_00146	taxon	0.09366015	0.33051383	-0.32499138	-1.9749477	-0.40478995	1.0348244	0.29728532	1.1936035	0.16526528	0.5545087	0.8243292	-0.8165852	0.07901609	0.07167889	-0.54465574	-0.368091	2.008848	-0.32170904	0.54476386	0.36589417	1.3840039	-0.031177938	0.6605502	-0.31005302	0.039923906	-0.33701128	0.28869617	-0.24812609	-1.300831	-0.5097654	0.21161364	0.70193946
S__TARA_ARC_108_MAG_00181	taxon	0.1170568	0.3468033	-1.0731546	-1.1595501	0.055539683	0.76730275	0.15574037	1.1594975	0.42258838	0.28077665	0.49412516	-0.44298226	0.19768673	0.415615	-0.38572758	-0.28093272	1.952035	-0.38699064	0.72403723	-0.51403916	1.5218697	0.0495869	0.74560153	-0.28263503	0.55828196	-0.44555718	0.07558668	0.42507297	-0.28897142	-0.056265384	-0.38488162	0.18880577
S__TARA_ARC_NCLDV_00033	taxon	-0.5365387	0.08233309	-1.0374005	-0.5294014	0.7450384	0.51946443	-0.05303134	0.66397023	0.8044461	0.065778464	0.38897747	-0.09740882	0.9714358	0.34880883	-0.022423789	-0.55176437	1.105443	-0.26008636	0.39170942	-0.60622585	1.305687	0.43847898	0.21622592	0.32469982	0.63224715	0.364157	-0.039150417	0.21235749	-0.009444654	-0.0020301985	0.19637111	-0.8569245
S__TARA_ARC_NCLDV_00036	taxon	-0.53686684	0.2902395	-1.0551968	-0.6117528	0.5510856	0.7719366	0.050579265	0.6445184	0.583175	0.57873964	0.41643786	-0.01679413	0.68338597	0.46779898	-0.21495153	-0.14480092	1.3196856	-0.10846051	0.23584205	-0.55076694	1.3791847	0.45616287	0.3041807	0.114095554	0.41032213	0.062021017	-0.09334594	0.49023995	0.11960578	-0.4284888	-0.54423445	-0.34172007
S__TARA_ARC_NCLDV_00127	taxon	-0.20943381	-0.44634396	-0.8364819	-0.04803741	0.6245755	0.44352406	0.41305947	-0.12093723	-0.5328574	-0.013259739	-0.117444664	0.24514936	0.64183915	-0.26961368	0.94772726	-0.4611982	1.2085291	0.42818516	-0.23582888	-1.1770006	0.45465663	0.35829172	-0.23218194	0.49914992	0.9903739	-0.22289601	0.36976206	0.35016316	0.80477935	-0.57933694	0.022460312	0.11641523
S__TARA_ARC_NCLDV_00176	taxon	-0.68789315	0.14603043	-1.0497146	-0.39740884	1.0711708	0.6461437	-0.13956127	0.36762476	0.74786127	0.13783067	0.15425104	-0.021901887	0.92927545	0.17122303	-0.013747022	-0.30690724	0.7124077	-0.09116447	0.07561749	-0.67368865	1.3194484	0.635312	-0.065103084	0.35812446	0.6078192	0.51619273	0.05625403	0.2314313	0.22092593	-0.079886295	-0.039140172	-1.1082563
S__TARA_ARC_NCLDV_00188	taxon	-0.5775329	-0.73507774	-0.5762431	0.52675855	0.5958962	0.15623865	0.6358894	-0.33817357	-0.65408033	0.008558035	-0.2766196	0.6622756	0.76936316	-0.2910344	0.75908124	-0.78360915	0.9968339	0.7239996	-0.5856432	-1.0372906	0.5118409	0.5304986	-0.61340266	0.65770656	1.0227344	0.08751449	0.15705425	-0.009275198	1.1990303	-0.8677503	0.19700158	-0.25675115
S__TARA_SOC_28_MAG_00007	taxon	-0.2019885	0.7263974	-0.65658367	-2.2144165	-0.20490342	0.8266192	0.2489839	1.5954154	0.5727055	0.70702535	0.89293927	-0.85548836	0.00866127	0.58316916	-0.871883	-0.5284571	1.7827139	-0.7363081	1.2531899	0.35088366	1.7255013	-0.0366942	1.0108675	-0.40289336	-0.21606648	-0.09869001	0.013317734	0.047239035	-1.5412014	-0.37616718	-0.07294224	0.49381027
S__TARA_SOC_28_MAG_00016	taxon	-0.023585394	0.53529364	-0.67325383	-2.207111	-0.3132621	0.9919173	0.08559752	1.6509529	0.75901675	0.6277715	1.1207407	-0.9570707	0.28109205	0.45713696	-0.8264104	-0.54395664	2.077903	-0.678911	1.1409875	0.4797141	1.7999933	-0.096800804	0.9583539	-0.32540822	0.20649874	-0.28367934	0.015085071	-0.04902467	-1.5405295	-0.27607244	0.17039518	0.36754268
S__TARA_SOC_NCLDV_00026	taxon	-0.67002416	-0.9552661	-0.3088229	0.83916163	0.8840385	0.4753058	0.92816895	-0.96165806	-1.0230418	-0.4124117	-0.6878896	0.9041642	0.5687366	-0.67576075	1.403933	-0.5884232	0.5453427	0.52200365	-0.74390197	-1.0888236	-0.11906296	0.7967016	-0.874733	0.8929268	0.6845355	0.64449847	0.40518975	-0.35344493	1.4448953	-0.8248119	0.15385483	-0.42391497
ST8	site	0.007153362	0.9567331	-0.5148493	0.90136456	-0.5826499	-0.46019676	-0.94339025	-0.31248784	0.92569727	-0.4099905	1.1014688	-0.67782265	0.034648716	2.115739	-0.42526886	-0.9026977	1.823231	-1.2302663	1.1990703	-1.1102294	2.17812	-0.5131639	1.3950038	1.230205	1.9325476	-1.3923776	-1.6260847	2.2189124	-1.0582691	0.55476534	3.0172522	0.59409815
ST13	site	-0.9396966	1.9934056	-1.382091	0.87867427	-0.19692975	-1.4744611	-1.9336557	0.117206454	1.1127951	0.12000987	1.1849282	-2.1214151	-0.047249913	2.4748545	-0.0912406	-0.5846796	2.300416	-0.8597392	1.551609	-0.7663115	3.3235674	-0.44544747	1.96944	2.512474	1.2334638	-1.8536735	-1.7074727	2.2617455	-1.4055123	0.9090165	2.4496303	-0.9632657
GeoB25202_R1	site	-0.75416917	2.9199967	-0.48200685	0.72327423	-0.6060578	-0.08986822	-0.88948834	-0.955277	0.046584964	-0.61705744	0.55458844	-1.4792176	-0.06629896	1.6610498	1.075971	0.041618258	0.6469017	-0.50037694	-0.4859277	-0.8725035	1.1682688	-0.17803869	1.6607289	0.22348107	1.098351	0.54883695	-2.32677	1.8700979	-0.4456722	0.096708775	3.7370012	0.34664986
GeoB25202_R2	site	0.500935	2.2919362	0.25588703	0.707182	-1.0469093	0.6994834	-1.1506354	0.1417051	1.3514606	-0.34191668	0.6481339	-1.8586948	0.24612403	2.7131433	-1.4355594	0.04218276	0.9562257	-1.4628966	0.35005784	-1.2475548	2.0780954	-1.2932916	1.8043895	-0.36119896	0.0643619	-0.76910555	-0.2621904	2.832884	-1.467565	1.7224984	1.6586757	0.44004065
