from	to	threshold	signed_weight	weight	abs_weight	method	method_suffix	threshold_value	core
S__GCA_016838795.1	S__GCA_016838825.1	10	0.556269980592913	0.556269980592913	0.556269980592913	pearson_abs_threshold	pearson	0.55	ST13
S__GCA_002317795.1	S__GCA_001542995.1	10	0.714159622695942	0.714159622695942	0.714159622695942	pearson_abs_threshold	pearson	0.55	ST13
S__Schulz_GVMAG_M_3300025652_16	S__IMGVR_UViG_GVMAG-M-3300025652-16_000001	10	-0.626470823160097	0.626470823160097	0.626470823160097	pearson_abs_threshold	pearson	0.55	ST13
S__GCA_016777225.1	S__IMGVR_UViG_3300038315_000065	10	-0.56097973694009	0.56097973694009	0.56097973694009	pearson_abs_threshold	pearson	0.55	ST13
S__GCA_016838825.1	S__3300024058_22	10	0.582359066300964	0.582359066300964	0.582359066300964	pearson_abs_threshold	pearson	0.55	ST13
S__3300027847_80	S__GCA_017854145.1	10	0.592637004266322	0.592637004266322	0.592637004266322	pearson_abs_threshold	pearson	0.55	ST13
S__GCA_016777225.1	S__Phycodnaviridae_HM004430_Bathycoccus_sp_RCC1105_virus_BpV2	10	0.584986856290814	0.584986856290814	0.584986856290814	pearson_abs_threshold	pearson	0.55	ST13
S__GCA_016838825.1	S__3300006311_3	10	0.593930616257491	0.593930616257491	0.593930616257491	pearson_abs_threshold	pearson	0.55	ST13
S__GCA_016838825.1	S__3300027997_10	10	0.616127311887813	0.616127311887813	0.616127311887813	pearson_abs_threshold	pearson	0.55	ST13
S__GCA_016777225.1	S__3300027997_10	10	0.614304061830322	0.614304061830322	0.614304061830322	pearson_abs_threshold	pearson	0.55	ST13
S__GCA_016777225.1	S__TARA_ARC_NCLDV_00188	10	0.622003490263653	0.622003490263653	0.622003490263653	pearson_abs_threshold	pearson	0.55	ST13
S__Phycodnaviridae_HM004430_Bathycoccus_sp_RCC1105_virus_BpV2	S__IMGVR_UViG_3300027833_000046	10	0.627433878899177	0.627433878899177	0.627433878899177	pearson_abs_threshold	pearson	0.55	ST13
S__Phycodnaviridae_HM004430_Bathycoccus_sp_RCC1105_virus_BpV2	S__IMGVR_UViG_3300035195_000275	10	0.624257541872974	0.624257541872974	0.624257541872974	pearson_abs_threshold	pearson	0.55	ST13
S__TARA_ARC_NCLDV_00188	S__IMGVR_UViG_3300035195_000275	10	0.573351584150485	0.573351584150485	0.573351584150485	pearson_abs_threshold	pearson	0.55	ST13
S__Phycodnaviridae_HM004430_Bathycoccus_sp_RCC1105_virus_BpV2	S__IMGVR_UViG_3300006467_000165	10	0.597860843703997	0.597860843703997	0.597860843703997	pearson_abs_threshold	pearson	0.55	ST13
S__IMGVR_UViG_3300027833_000046	S__IMGVR_UViG_3300006467_000165	10	0.654332620306398	0.654332620306398	0.654332620306398	pearson_abs_threshold	pearson	0.55	ST13
S__GCA_016777225.1	S__GCA_905478185.1	10	0.576279189410047	0.576279189410047	0.576279189410047	pearson_abs_threshold	pearson	0.55	ST13
S__IMGVR_UViG_3300027780_000015	S__GCA_905478185.1	10	0.600770626393863	0.600770626393863	0.600770626393863	pearson_abs_threshold	pearson	0.55	ST13
S__Phycodnaviridae_HM004430_Bathycoccus_sp_RCC1105_virus_BpV2	S__GCA_905478185.1	10	0.619649649958945	0.619649649958945	0.619649649958945	pearson_abs_threshold	pearson	0.55	ST13
S__GCA_905612455.1	S__GCA_905182815.1	10	0.576499277369972	0.576499277369972	0.576499277369972	pearson_abs_threshold	pearson	0.55	ST13
S__3300020330_9	S__GCA_015659035.1	10	0.817588862013229	0.817588862013229	0.817588862013229	pearson_abs_threshold	pearson	0.55	ST13
S__IMGVR_UViG_3300006467_000165	S__GCA_003331785.1	10	0.713831757534402	0.713831757534402	0.713831757534402	pearson_abs_threshold	pearson	0.55	ST13
S__GCA_016777225.1	S__3300027687_20	10	-0.59621130088821	0.59621130088821	0.59621130088821	pearson_abs_threshold	pearson	0.55	ST13
S__GCA_002499015.1	S__3300027687_20	10	0.59649695597159	0.59649695597159	0.59649695597159	pearson_abs_threshold	pearson	0.55	ST13
S__IMGVR_UViG_3300038315_000065	S__3300027687_20	10	0.622666042875855	0.622666042875855	0.622666042875855	pearson_abs_threshold	pearson	0.55	ST13
S__3300027997_10	S__3300027687_20	10	-0.666970077785431	0.666970077785431	0.666970077785431	pearson_abs_threshold	pearson	0.55	ST13
S__GCA_905612275.1	S__GCA_008975185.1	10	-0.552254660962811	0.552254660962811	0.552254660962811	pearson_abs_threshold	pearson	0.55	ST13
S__GCA_015659035.1	S__GCA_008975185.1	10	0.604223779953261	0.604223779953261	0.604223779953261	pearson_abs_threshold	pearson	0.55	ST13
S__3300027687_20	S__TARA_ARC_108_MAG_00021	10	0.727604700140787	0.727604700140787	0.727604700140787	pearson_abs_threshold	pearson	0.55	ST13
S__3300024516_13	S__3300020263_16	10	0.658550716814385	0.658550716814385	0.658550716814385	pearson_abs_threshold	pearson	0.55	ST13
S__GCA_016777225.1	S__GCA_905182465.1	10	0.586899498157358	0.586899498157358	0.586899498157358	pearson_abs_threshold	pearson	0.55	ST13
S__GCA_001643535.1	S__GCA_905182465.1	10	0.551787799703737	0.551787799703737	0.551787799703737	pearson_abs_threshold	pearson	0.55	ST13
S__Phycodnaviridae_HM004430_Bathycoccus_sp_RCC1105_virus_BpV2	S__GCA_905182465.1	10	0.566321244110579	0.566321244110579	0.566321244110579	pearson_abs_threshold	pearson	0.55	ST13
S__3300027997_10	S__GCA_905182465.1	10	0.782802943266659	0.782802943266659	0.782802943266659	pearson_abs_threshold	pearson	0.55	ST13
S__GCA_003331785.1	S__GCA_905182465.1	10	0.668446571897687	0.668446571897687	0.668446571897687	pearson_abs_threshold	pearson	0.55	ST13
S__3300027687_20	S__GCA_905182465.1	10	-0.631498107305858	0.631498107305858	0.631498107305858	pearson_abs_threshold	pearson	0.55	ST13
S__TARA_ARC_108_MAG_00021	S__GCA_905182465.1	10	-0.619191548228688	0.619191548228688	0.619191548228688	pearson_abs_threshold	pearson	0.55	ST13
S__3300020263_16	S__GCA_905181595.1	10	0.629988705420721	0.629988705420721	0.629988705420721	pearson_abs_threshold	pearson	0.55	ST13
S__GCA_017854145.1	S__GCA_014384505.1	10	0.57443266616876	0.57443266616876	0.57443266616876	pearson_abs_threshold	pearson	0.55	ST13
S__GCA_905182865.1	S__GCA_014384505.1	10	0.699429295584278	0.699429295584278	0.699429295584278	pearson_abs_threshold	pearson	0.55	ST13
S__3300020263_16	S__GCA_014384505.1	10	0.687873001400579	0.687873001400579	0.687873001400579	pearson_abs_threshold	pearson	0.55	ST13
S__GCA_905181595.1	S__GCA_014384505.1	10	0.784339324844515	0.784339324844515	0.784339324844515	pearson_abs_threshold	pearson	0.55	ST13
S__TARA_ARC_NCLDV_00188	S__IMGVR_UViG_3300031519_000018	10	0.560415847060801	0.560415847060801	0.560415847060801	pearson_abs_threshold	pearson	0.55	ST13
S__GCA_905478185.1	S__IMGVR_UViG_3300031519_000018	10	0.580398847701527	0.580398847701527	0.580398847701527	pearson_abs_threshold	pearson	0.55	ST13
S__3300020330_9	S__GCA_009392475.1	10	0.855042023811899	0.855042023811899	0.855042023811899	pearson_abs_threshold	pearson	0.55	ST13
S__GCA_015659035.1	S__GCA_009392475.1	10	0.995638112954389	0.995638112954389	0.995638112954389	pearson_abs_threshold	pearson	0.55	ST13
S__GCA_008975185.1	S__GCA_009392475.1	10	0.606937159037257	0.606937159037257	0.606937159037257	pearson_abs_threshold	pearson	0.55	ST13
S__GCA_905478185.1	S__3300027827_16	10	0.695488341509638	0.695488341509638	0.695488341509638	pearson_abs_threshold	pearson	0.55	ST13
S__3300020330_9	S__GCA_001510275.1	10	0.784142850578571	0.784142850578571	0.784142850578571	pearson_abs_threshold	pearson	0.55	ST13
S__GCA_015659035.1	S__GCA_001510275.1	10	0.90078899176021	0.90078899176021	0.90078899176021	pearson_abs_threshold	pearson	0.55	ST13
S__GCA_008975185.1	S__GCA_001510275.1	10	0.673817280895223	0.673817280895223	0.673817280895223	pearson_abs_threshold	pearson	0.55	ST13
S__GCA_014384505.1	S__GCA_001510275.1	10	-0.592449214820346	0.592449214820346	0.592449214820346	pearson_abs_threshold	pearson	0.55	ST13
S__GCA_009392475.1	S__GCA_001510275.1	10	0.912489944519702	0.912489944519702	0.912489944519702	pearson_abs_threshold	pearson	0.55	ST13
S__3300020330_9	S__IMGVR_UViG_3300024520_000070	10	0.632686503719794	0.632686503719794	0.632686503719794	pearson_abs_threshold	pearson	0.55	ST13
S__GCA_009392475.1	S__IMGVR_UViG_3300024520_000070	10	0.566595324651345	0.566595324651345	0.566595324651345	pearson_abs_threshold	pearson	0.55	ST13
S__GCA_001510275.1	S__IMGVR_UViG_3300024520_000070	10	0.658848138332487	0.658848138332487	0.658848138332487	pearson_abs_threshold	pearson	0.55	ST13
S__Phycodnaviridae_HM004430_Bathycoccus_sp_RCC1105_virus_BpV2	S__3300027771_26	10	0.739569473593046	0.739569473593046	0.739569473593046	pearson_abs_threshold	pearson	0.55	ST13
S__IMGVR_UViG_3300027833_000046	S__3300027771_26	10	0.72112571526724	0.72112571526724	0.72112571526724	pearson_abs_threshold	pearson	0.55	ST13
S__GCA_905478185.1	S__3300027771_26	10	0.595450479557609	0.595450479557609	0.595450479557609	pearson_abs_threshold	pearson	0.55	ST13
S__IMGVR_UViG_3300027813_000042	S__IMGVR_UViG_3300025071_000006	10	0.606494859498121	0.606494859498121	0.606494859498121	pearson_abs_threshold	pearson	0.55	ST13
S__Phycodnaviridae_HM004430_Bathycoccus_sp_RCC1105_virus_BpV2	S__IMGVR_UViG_3300025071_000006	10	0.622221851422546	0.622221851422546	0.622221851422546	pearson_abs_threshold	pearson	0.55	ST13
S__GCA_905612455.1	S__GCF_012276695.1	10	0.63090937658949	0.63090937658949	0.63090937658949	pearson_abs_threshold	pearson	0.55	ST13
S__GCA_905182815.1	S__GCF_012276695.1	10	0.636218736478696	0.636218736478696	0.636218736478696	pearson_abs_threshold	pearson	0.55	ST13
S__GCA_012960805.1	S__GCF_012276695.1	10	0.736255995567397	0.736255995567397	0.736255995567397	pearson_abs_threshold	pearson	0.55	ST13
S__GCA_016276965.1	S__GCA_013215285.1	10	0.592668248265572	0.592668248265572	0.592668248265572	pearson_abs_threshold	pearson	0.55	ST13
S__GCA_905182815.1	S__GCA_013215285.1	10	0.638550097961894	0.638550097961894	0.638550097961894	pearson_abs_threshold	pearson	0.55	ST13
S__3300020263_16	S__3300027752_17	10	0.555340712891278	0.555340712891278	0.555340712891278	pearson_abs_threshold	pearson	0.55	ST13
S__GCA_002499015.1	S__GCA_905182885.1	10	0.565252799589306	0.565252799589306	0.565252799589306	pearson_abs_threshold	pearson	0.55	ST13
S__3300027997_10	S__GCA_905182885.1	10	-0.628764306824918	0.628764306824918	0.628764306824918	pearson_abs_threshold	pearson	0.55	ST13
S__GCA_905182865.1	S__GCA_905182885.1	10	0.609427732265429	0.609427732265429	0.609427732265429	pearson_abs_threshold	pearson	0.55	ST13
S__GCA_003331785.1	S__GCA_905182885.1	10	-0.619695991184317	0.619695991184317	0.619695991184317	pearson_abs_threshold	pearson	0.55	ST13
S__3300027687_20	S__GCA_905182885.1	10	0.699540579795664	0.699540579795664	0.699540579795664	pearson_abs_threshold	pearson	0.55	ST13
S__TARA_ARC_108_MAG_00021	S__GCA_905182885.1	10	0.689870489162688	0.689870489162688	0.689870489162688	pearson_abs_threshold	pearson	0.55	ST13
S__GCA_905182465.1	S__GCA_905182885.1	10	-0.751822823937857	0.751822823937857	0.751822823937857	pearson_abs_threshold	pearson	0.55	ST13
S__GCA_013215285.1	S__TARA_SOC_NCLDV_00026	10	0.552742068547531	0.552742068547531	0.552742068547531	pearson_abs_threshold	pearson	0.55	ST13
S__IMGVR_UViG_3300027833_000046	S__GCA_905182775.1	10	0.625429440168121	0.625429440168121	0.625429440168121	pearson_abs_threshold	pearson	0.55	ST13
S__3300027687_20	S__GCA_905182775.1	10	-0.567477209186794	0.567477209186794	0.567477209186794	pearson_abs_threshold	pearson	0.55	ST13
S__IMGVR_UViG_3300031519_000018	S__GCA_905182775.1	10	0.588568546413626	0.588568546413626	0.588568546413626	pearson_abs_threshold	pearson	0.55	ST13
S__3300027771_26	S__GCA_905182775.1	10	0.769404035629224	0.769404035629224	0.769404035629224	pearson_abs_threshold	pearson	0.55	ST13
S__IMGVR_UViG_3300025071_000006	S__GCA_905182775.1	10	0.746511600146714	0.746511600146714	0.746511600146714	pearson_abs_threshold	pearson	0.55	ST13
S__GCA_905182865.1	S__GCA_905182235.1	10	0.634509379460512	0.634509379460512	0.634509379460512	pearson_abs_threshold	pearson	0.55	ST13
S__GCA_014384505.1	S__GCA_905182235.1	10	0.621812650351345	0.621812650351345	0.621812650351345	pearson_abs_threshold	pearson	0.55	ST13
S__3300027752_17	S__GCA_905182235.1	10	0.582279631294384	0.582279631294384	0.582279631294384	pearson_abs_threshold	pearson	0.55	ST13
S__GCA_905182885.1	S__GCA_905182235.1	10	0.552932730093824	0.552932730093824	0.552932730093824	pearson_abs_threshold	pearson	0.55	ST13
S__GCA_003331785.1	S__GCA_905182795.1	10	-0.584645810622912	0.584645810622912	0.584645810622912	pearson_abs_threshold	pearson	0.55	ST13
S__3300027752_17	S__GCA_905182795.1	10	0.59567395255524	0.59567395255524	0.59567395255524	pearson_abs_threshold	pearson	0.55	ST13
S__GCA_905182885.1	S__GCA_905182795.1	10	0.720854636291177	0.720854636291177	0.720854636291177	pearson_abs_threshold	pearson	0.55	ST13
S__GCA_905182235.1	S__GCA_905182795.1	10	0.811454083757759	0.811454083757759	0.811454083757759	pearson_abs_threshold	pearson	0.55	ST13
S__3300027997_10	S__3300024060_27	10	0.562954882239711	0.562954882239711	0.562954882239711	pearson_abs_threshold	pearson	0.55	ST13
S__GCA_015659035.1	S__GCA_004356455.1	10	0.675661607065498	0.675661607065498	0.675661607065498	pearson_abs_threshold	pearson	0.55	ST13
S__GCA_009392475.1	S__GCA_004356455.1	10	0.644856465912689	0.644856465912689	0.644856465912689	pearson_abs_threshold	pearson	0.55	ST13
S__Phycodnaviridae_HM004430_Bathycoccus_sp_RCC1105_virus_BpV2	S__IMGVR_UViG_3300027833_000016	10	-0.558032057202685	0.558032057202685	0.558032057202685	pearson_abs_threshold	pearson	0.55	ST13
S__GCA_905182465.1	S__IMGVR_UViG_3300027833_000016	10	-0.550401222215879	0.550401222215879	0.550401222215879	pearson_abs_threshold	pearson	0.55	ST13
S__GCA_905182885.1	S__IMGVR_UViG_3300027833_000016	10	0.641117498691413	0.641117498691413	0.641117498691413	pearson_abs_threshold	pearson	0.55	ST13
S__GCA_905182795.1	S__IMGVR_UViG_3300027833_000016	10	0.716901973795774	0.716901973795774	0.716901973795774	pearson_abs_threshold	pearson	0.55	ST13
S__3300024058_12	S__GCA_017368835.1	10	0.612468002876551	0.612468002876551	0.612468002876551	pearson_abs_threshold	pearson	0.55	ST13
S__3300024060_27	S__GCA_017368835.1	10	0.709632329667439	0.709632329667439	0.709632329667439	pearson_abs_threshold	pearson	0.55	ST13
S__3300027997_10	S__GCA_905181585.1	10	0.651795914964695	0.651795914964695	0.651795914964695	pearson_abs_threshold	pearson	0.55	ST13
S__GCA_003331785.1	S__GCA_905181585.1	10	0.673299618447167	0.673299618447167	0.673299618447167	pearson_abs_threshold	pearson	0.55	ST13
S__3300027687_20	S__GCA_905181585.1	10	-0.567177312335356	0.567177312335356	0.567177312335356	pearson_abs_threshold	pearson	0.55	ST13
S__GCA_905182465.1	S__GCA_905181585.1	10	0.807661261681012	0.807661261681012	0.807661261681012	pearson_abs_threshold	pearson	0.55	ST13
S__GCA_905182885.1	S__GCA_905181585.1	10	-0.691873666198624	0.691873666198624	0.691873666198624	pearson_abs_threshold	pearson	0.55	ST13
S__GCF_013407165.1	S__TARA_ARC_NCLDV_00033	10	-0.605984639876162	0.605984639876162	0.605984639876162	pearson_abs_threshold	pearson	0.55	ST13
S__TARA_ARC_108_MAG_00021	S__GCA_012964335.1	10	0.601186548097344	0.601186548097344	0.601186548097344	pearson_abs_threshold	pearson	0.55	ST13
S__IMGVR_UViG_3300025869_000017	S__GCA_012964335.1	10	0.57447066390767	0.57447066390767	0.57447066390767	pearson_abs_threshold	pearson	0.55	ST13
S__GCA_905182235.1	S__GCA_012964335.1	10	0.640612266150925	0.640612266150925	0.640612266150925	pearson_abs_threshold	pearson	0.55	ST13
S__GCA_905182795.1	S__GCA_012964335.1	10	0.610813774131291	0.610813774131291	0.610813774131291	pearson_abs_threshold	pearson	0.55	ST13
S__3300024060_27	S__GCA_012964335.1	10	-0.604114707833677	0.604114707833677	0.604114707833677	pearson_abs_threshold	pearson	0.55	ST13
S__IMGVR_UViG_3300027833_000016	S__GCA_012964335.1	10	0.696460125371085	0.696460125371085	0.696460125371085	pearson_abs_threshold	pearson	0.55	ST13
S__3300027997_10	S__GCA_902512375.1	10	-0.619657925942889	0.619657925942889	0.619657925942889	pearson_abs_threshold	pearson	0.55	ST13
S__GCA_905182885.1	S__GCA_902512375.1	10	0.637786089415576	0.637786089415576	0.637786089415576	pearson_abs_threshold	pearson	0.55	ST13
S__GCA_905182235.1	S__GCA_902512375.1	10	0.557106603432786	0.557106603432786	0.557106603432786	pearson_abs_threshold	pearson	0.55	ST13
S__GCA_905182795.1	S__GCA_902512375.1	10	0.726819354957514	0.726819354957514	0.726819354957514	pearson_abs_threshold	pearson	0.55	ST13
S__IMGVR_UViG_3300027833_000016	S__GCA_902512375.1	10	0.592196838217265	0.592196838217265	0.592196838217265	pearson_abs_threshold	pearson	0.55	ST13
S__GCA_012964335.1	S__GCA_902512375.1	10	0.681904414740543	0.681904414740543	0.681904414740543	pearson_abs_threshold	pearson	0.55	ST13
S__GCA_905182865.1	S__TARA_ARC_108_MAG_00099	10	0.595512495845268	0.595512495845268	0.595512495845268	pearson_abs_threshold	pearson	0.55	ST13
S__GCA_905182885.1	S__TARA_ARC_108_MAG_00099	10	0.61838858840942	0.61838858840942	0.61838858840942	pearson_abs_threshold	pearson	0.55	ST13
S__GCA_905182235.1	S__TARA_ARC_108_MAG_00099	10	0.73104799586626	0.73104799586626	0.73104799586626	pearson_abs_threshold	pearson	0.55	ST13
S__GCA_905182795.1	S__TARA_ARC_108_MAG_00099	10	0.708391610636858	0.708391610636858	0.708391610636858	pearson_abs_threshold	pearson	0.55	ST13
S__3300024060_27	S__TARA_ARC_108_MAG_00099	10	-0.630883788337044	0.630883788337044	0.630883788337044	pearson_abs_threshold	pearson	0.55	ST13
S__IMGVR_UViG_3300027833_000016	S__TARA_ARC_108_MAG_00099	10	0.597220317887582	0.597220317887582	0.597220317887582	pearson_abs_threshold	pearson	0.55	ST13
S__GCA_012964335.1	S__TARA_ARC_108_MAG_00099	10	0.89110296524454	0.89110296524454	0.89110296524454	pearson_abs_threshold	pearson	0.55	ST13
S__GCA_902512375.1	S__TARA_ARC_108_MAG_00099	10	0.791592608588231	0.791592608588231	0.791592608588231	pearson_abs_threshold	pearson	0.55	ST13
S__GCA_008975185.1	S__TARA_SOC_28_MAG_00016	10	-0.57355492699138	0.57355492699138	0.57355492699138	pearson_abs_threshold	pearson	0.55	ST13
S__3300027827_16	S__TARA_SOC_28_MAG_00016	10	0.550096376280943	0.550096376280943	0.550096376280943	pearson_abs_threshold	pearson	0.55	ST13
S__TARA_ARC_108_MAG_00099	S__TARA_SOC_28_MAG_00016	10	0.570201165925165	0.570201165925165	0.570201165925165	pearson_abs_threshold	pearson	0.55	ST13
S__GCA_008975185.1	S__GCA_905612305.1	10	-0.602094149210621	0.602094149210621	0.602094149210621	pearson_abs_threshold	pearson	0.55	ST13
S__GCA_003672175.1	S__GCA_905612305.1	10	0.564688405906479	0.564688405906479	0.564688405906479	pearson_abs_threshold	pearson	0.55	ST13
S__3300027827_16	S__GCA_905612305.1	10	0.573913933414359	0.573913933414359	0.573913933414359	pearson_abs_threshold	pearson	0.55	ST13
S__TARA_SOC_28_MAG_00016	S__GCA_905612305.1	10	0.767116702448424	0.767116702448424	0.767116702448424	pearson_abs_threshold	pearson	0.55	ST13
S__3300027997_10	S__TARA_ARC_108_MAG_00181	10	0.578402706509671	0.578402706509671	0.578402706509671	pearson_abs_threshold	pearson	0.55	ST13
S__GCA_003331785.1	S__TARA_ARC_108_MAG_00181	10	0.573669415943556	0.573669415943556	0.573669415943556	pearson_abs_threshold	pearson	0.55	ST13
S__GCA_905182465.1	S__TARA_ARC_108_MAG_00181	10	0.711184794650312	0.711184794650312	0.711184794650312	pearson_abs_threshold	pearson	0.55	ST13
S__GCA_905182885.1	S__TARA_ARC_108_MAG_00181	10	-0.626688863528171	0.626688863528171	0.626688863528171	pearson_abs_threshold	pearson	0.55	ST13
S__GCA_905182795.1	S__TARA_ARC_108_MAG_00181	10	-0.569497442702267	0.569497442702267	0.569497442702267	pearson_abs_threshold	pearson	0.55	ST13
S__3300024060_27	S__TARA_ARC_108_MAG_00181	10	0.554815670320938	0.554815670320938	0.554815670320938	pearson_abs_threshold	pearson	0.55	ST13
S__IMGVR_UViG_3300027833_000016	S__TARA_ARC_108_MAG_00181	10	-0.635332790805991	0.635332790805991	0.635332790805991	pearson_abs_threshold	pearson	0.55	ST13
S__GCA_905181585.1	S__TARA_ARC_108_MAG_00181	10	0.676426762798366	0.676426762798366	0.676426762798366	pearson_abs_threshold	pearson	0.55	ST13
S__GCA_012964335.1	S__TARA_ARC_108_MAG_00181	10	-0.558515602107181	0.558515602107181	0.558515602107181	pearson_abs_threshold	pearson	0.55	ST13
S__GCA_902512375.1	S__TARA_ARC_108_MAG_00181	10	-0.635408390410122	0.635408390410122	0.635408390410122	pearson_abs_threshold	pearson	0.55	ST13
S__TARA_ARC_108_MAG_00099	S__TARA_ARC_108_MAG_00181	10	-0.585604635282808	0.585604635282808	0.585604635282808	pearson_abs_threshold	pearson	0.55	ST13
S__3300027997_10	S__GCF_003326015.1	10	0.578564928068421	0.578564928068421	0.578564928068421	pearson_abs_threshold	pearson	0.55	ST13
S__GCA_003331785.1	S__GCF_003326015.1	10	0.574963224274127	0.574963224274127	0.574963224274127	pearson_abs_threshold	pearson	0.55	ST13
S__GCA_905182465.1	S__GCF_003326015.1	10	0.710348641470298	0.710348641470298	0.710348641470298	pearson_abs_threshold	pearson	0.55	ST13
S__GCA_905182885.1	S__GCF_003326015.1	10	-0.626574132504785	0.626574132504785	0.626574132504785	pearson_abs_threshold	pearson	0.55	ST13
S__GCA_905182795.1	S__GCF_003326015.1	10	-0.571657208323991	0.571657208323991	0.571657208323991	pearson_abs_threshold	pearson	0.55	ST13
S__3300024060_27	S__GCF_003326015.1	10	0.556797157096734	0.556797157096734	0.556797157096734	pearson_abs_threshold	pearson	0.55	ST13
S__IMGVR_UViG_3300027833_000016	S__GCF_003326015.1	10	-0.635300985973195	0.635300985973195	0.635300985973195	pearson_abs_threshold	pearson	0.55	ST13
S__GCA_905181585.1	S__GCF_003326015.1	10	0.677340472648872	0.677340472648872	0.677340472648872	pearson_abs_threshold	pearson	0.55	ST13
S__GCA_012964335.1	S__GCF_003326015.1	10	-0.562354197740335	0.562354197740335	0.562354197740335	pearson_abs_threshold	pearson	0.55	ST13
S__GCA_902512375.1	S__GCF_003326015.1	10	-0.63528700993201	0.63528700993201	0.63528700993201	pearson_abs_threshold	pearson	0.55	ST13
S__TARA_ARC_108_MAG_00099	S__GCF_003326015.1	10	-0.589523834381128	0.589523834381128	0.589523834381128	pearson_abs_threshold	pearson	0.55	ST13
S__TARA_ARC_108_MAG_00181	S__GCF_003326015.1	10	0.999933285968491	0.999933285968491	0.999933285968491	pearson_abs_threshold	pearson	0.55	ST13
S__GCA_004356455.1	S__GCA_004356825.1	10	0.577249063571082	0.577249063571082	0.577249063571082	pearson_abs_threshold	pearson	0.55	ST13
S__GCA_004195625.1	S__IMGVR_UViG_3300028198_000003	10	0.560239711639021	0.560239711639021	0.560239711639021	pearson_abs_threshold	pearson	0.55	ST13
S__IMGVR_UViG_3300027833_000046	S__IMGVR_UViG_3300028198_000003	10	-0.630457200091561	0.630457200091561	0.630457200091561	pearson_abs_threshold	pearson	0.55	ST13
S__3300027687_20	S__IMGVR_UViG_3300028198_000003	10	0.557900460086493	0.557900460086493	0.557900460086493	pearson_abs_threshold	pearson	0.55	ST13
S__GCA_905182775.1	S__IMGVR_UViG_3300028198_000003	10	-0.649700559704001	0.649700559704001	0.649700559704001	pearson_abs_threshold	pearson	0.55	ST13
S__IMGVR_UViG_3300027813_000042	S__GCA_015659595.1	10	-0.588756131302682	0.588756131302682	0.588756131302682	pearson_abs_threshold	pearson	0.55	ST13
S__IMGVR_UViG_3300027833_000046	S__GCA_015659595.1	10	-0.57902789153228	0.57902789153228	0.57902789153228	pearson_abs_threshold	pearson	0.55	ST13
S__IMGVR_UViG_3300024520_000070	S__GCA_015659595.1	10	0.607087298464181	0.607087298464181	0.607087298464181	pearson_abs_threshold	pearson	0.55	ST13
S__GCA_905182775.1	S__GCA_015659595.1	10	-0.599062634924559	0.599062634924559	0.599062634924559	pearson_abs_threshold	pearson	0.55	ST13
S__TARA_ARC_NCLDV_00033	S__GCA_015659595.1	10	0.551253632480851	0.551253632480851	0.551253632480851	pearson_abs_threshold	pearson	0.55	ST13
S__IMGVR_UViG_3300028198_000003	S__GCA_015659595.1	10	0.625875724412559	0.625875724412559	0.625875724412559	pearson_abs_threshold	pearson	0.55	ST13
S__GCA_001643535.1	S__IMGVR_UViG_3300037585_000783	10	0.631850596661239	0.631850596661239	0.631850596661239	pearson_abs_threshold	pearson	0.55	ST13
S__IMGVR_UViG_3300027833_000046	S__IMGVR_UViG_3300037585_000783	10	0.552764559532004	0.552764559532004	0.552764559532004	pearson_abs_threshold	pearson	0.55	ST13
S__IMGVR_UViG_3300006467_000165	S__IMGVR_UViG_3300037585_000783	10	0.595561036596499	0.595561036596499	0.595561036596499	pearson_abs_threshold	pearson	0.55	ST13
S__GCA_003331785.1	S__IMGVR_UViG_3300037585_000783	10	0.570521093044965	0.570521093044965	0.570521093044965	pearson_abs_threshold	pearson	0.55	ST13
S__3300027687_20	S__IMGVR_UViG_3300037585_000783	10	-0.556990310549591	0.556990310549591	0.556990310549591	pearson_abs_threshold	pearson	0.55	ST13
S__GCA_905182465.1	S__IMGVR_UViG_3300037585_000783	10	0.733244367244747	0.733244367244747	0.733244367244747	pearson_abs_threshold	pearson	0.55	ST13
S__GCA_905182885.1	S__IMGVR_UViG_3300037585_000783	10	-0.685904614628855	0.685904614628855	0.685904614628855	pearson_abs_threshold	pearson	0.55	ST13
S__GCA_905181585.1	S__IMGVR_UViG_3300037585_000783	10	0.652135378354566	0.652135378354566	0.652135378354566	pearson_abs_threshold	pearson	0.55	ST13
S__TARA_ARC_108_MAG_00181	S__IMGVR_UViG_3300037585_000783	10	0.749714915584626	0.749714915584626	0.749714915584626	pearson_abs_threshold	pearson	0.55	ST13
S__GCF_003326015.1	S__IMGVR_UViG_3300037585_000783	10	0.746438120988235	0.746438120988235	0.746438120988235	pearson_abs_threshold	pearson	0.55	ST13
S__GCA_013390475.1	S__GCA_011055585.1	10	0.600137873008272	0.600137873008272	0.600137873008272	pearson_abs_threshold	pearson	0.55	ST13
S__GCA_013911135.1	S__GCA_011055585.1	10	0.739830099552949	0.739830099552949	0.739830099552949	pearson_abs_threshold	pearson	0.55	ST13
S__GCA_004195625.1	S__IMGVR_UViG_GVMAG-S-ERX556043-36_000001	10	0.561093673438746	0.561093673438746	0.561093673438746	pearson_abs_threshold	pearson	0.55	ST13
S__IMGVR_UViG_3300027833_000046	S__IMGVR_UViG_GVMAG-S-ERX556043-36_000001	10	-0.625196520975513	0.625196520975513	0.625196520975513	pearson_abs_threshold	pearson	0.55	ST13
S__3300027687_20	S__IMGVR_UViG_GVMAG-S-ERX556043-36_000001	10	0.556077809008097	0.556077809008097	0.556077809008097	pearson_abs_threshold	pearson	0.55	ST13
S__GCA_905182775.1	S__IMGVR_UViG_GVMAG-S-ERX556043-36_000001	10	-0.643595460618583	0.643595460618583	0.643595460618583	pearson_abs_threshold	pearson	0.55	ST13
S__IMGVR_UViG_3300028198_000003	S__IMGVR_UViG_GVMAG-S-ERX556043-36_000001	10	0.998650207470883	0.998650207470883	0.998650207470883	pearson_abs_threshold	pearson	0.55	ST13
S__GCA_015659595.1	S__IMGVR_UViG_GVMAG-S-ERX556043-36_000001	10	0.610181419186148	0.610181419186148	0.610181419186148	pearson_abs_threshold	pearson	0.55	ST13
S__TARA_ARC_108_MAG_00021	S__3300027791_27	10	0.629171604236451	0.629171604236451	0.629171604236451	pearson_abs_threshold	pearson	0.55	ST13
S__GCA_905182465.1	S__3300027791_27	10	-0.572467177081081	0.572467177081081	0.572467177081081	pearson_abs_threshold	pearson	0.55	ST13
S__IMGVR_UViG_3300027833_000016	S__3300027791_27	10	0.693674214844061	0.693674214844061	0.693674214844061	pearson_abs_threshold	pearson	0.55	ST13
S__GCA_012964335.1	S__3300027791_27	10	0.783652118720878	0.783652118720878	0.783652118720878	pearson_abs_threshold	pearson	0.55	ST13
S__TARA_ARC_108_MAG_00099	S__3300027791_27	10	0.67860592163988	0.67860592163988	0.67860592163988	pearson_abs_threshold	pearson	0.55	ST13
S__GCA_905182795.1	S__3300025276_12	10	0.625201212548547	0.625201212548547	0.625201212548547	pearson_abs_threshold	pearson	0.55	ST13
S__GCA_902512375.1	S__3300025276_12	10	0.66571401587009	0.66571401587009	0.66571401587009	pearson_abs_threshold	pearson	0.55	ST13
S__TARA_ARC_108_MAG_00099	S__3300025276_12	10	0.684592377386382	0.684592377386382	0.684592377386382	pearson_abs_threshold	pearson	0.55	ST13
S__TARA_SOC_28_MAG_00016	S__3300025276_12	10	0.676728288526821	0.676728288526821	0.676728288526821	pearson_abs_threshold	pearson	0.55	ST13
S__TARA_ARC_108_MAG_00181	S__3300025276_12	10	-0.669575504143301	0.669575504143301	0.669575504143301	pearson_abs_threshold	pearson	0.55	ST13
S__GCF_003326015.1	S__3300025276_12	10	-0.669615628213129	0.669615628213129	0.669615628213129	pearson_abs_threshold	pearson	0.55	ST13
S__3300027997_10	S__GCA_905182765.1	10	0.569648328508224	0.569648328508224	0.569648328508224	pearson_abs_threshold	pearson	0.55	ST13
S__GCA_003331785.1	S__GCA_905182765.1	10	0.569990784799118	0.569990784799118	0.569990784799118	pearson_abs_threshold	pearson	0.55	ST13
S__3300027687_20	S__GCA_905182765.1	10	-0.567100252616387	0.567100252616387	0.567100252616387	pearson_abs_threshold	pearson	0.55	ST13
S__GCA_905182465.1	S__GCA_905182765.1	10	0.723953021828761	0.723953021828761	0.723953021828761	pearson_abs_threshold	pearson	0.55	ST13
S__GCA_905182885.1	S__GCA_905182765.1	10	-0.699281939153474	0.699281939153474	0.699281939153474	pearson_abs_threshold	pearson	0.55	ST13
S__GCA_905181585.1	S__GCA_905182765.1	10	0.893648584250045	0.893648584250045	0.893648584250045	pearson_abs_threshold	pearson	0.55	ST13
S__TARA_ARC_108_MAG_00181	S__GCA_905182765.1	10	0.753468875928318	0.753468875928318	0.753468875928318	pearson_abs_threshold	pearson	0.55	ST13
S__GCF_003326015.1	S__GCA_905182765.1	10	0.754394838990244	0.754394838990244	0.754394838990244	pearson_abs_threshold	pearson	0.55	ST13
S__IMGVR_UViG_3300037585_000783	S__GCA_905182765.1	10	0.740756602770971	0.740756602770971	0.740756602770971	pearson_abs_threshold	pearson	0.55	ST13
S__GCA_012964845.1	S__3300026264_29	10	-0.677726755631136	0.677726755631136	0.677726755631136	pearson_abs_threshold	pearson	0.55	ST13
S__GCA_004356825.1	S__3300026264_29	10	0.654910638586834	0.654910638586834	0.654910638586834	pearson_abs_threshold	pearson	0.55	ST13
S__IMGVR_UViG_3300027833_000016	S__TARA_ARC_108_MAG_00146	10	0.582141664099308	0.582141664099308	0.582141664099308	pearson_abs_threshold	pearson	0.55	ST13
S__GCA_902512375.1	S__TARA_ARC_108_MAG_00146	10	0.555105440678129	0.555105440678129	0.555105440678129	pearson_abs_threshold	pearson	0.55	ST13
S__TARA_ARC_108_MAG_00099	S__TARA_ARC_108_MAG_00146	10	0.583255342615842	0.583255342615842	0.583255342615842	pearson_abs_threshold	pearson	0.55	ST13
S__TARA_ARC_108_MAG_00181	S__TARA_ARC_108_MAG_00146	10	-0.622949588076524	0.622949588076524	0.622949588076524	pearson_abs_threshold	pearson	0.55	ST13
S__GCF_003326015.1	S__TARA_ARC_108_MAG_00146	10	-0.622733538390934	0.622733538390934	0.622733538390934	pearson_abs_threshold	pearson	0.55	ST13
S__3300025276_12	S__TARA_ARC_108_MAG_00146	10	0.64174386945089	0.64174386945089	0.64174386945089	pearson_abs_threshold	pearson	0.55	ST13
S__3300020330_9	S__GCA_002295725.1	10	0.553860385436753	0.553860385436753	0.553860385436753	pearson_abs_threshold	pearson	0.55	ST13
S__GCA_015659035.1	S__GCA_002295725.1	10	0.735344956878706	0.735344956878706	0.735344956878706	pearson_abs_threshold	pearson	0.55	ST13
S__GCA_008975185.1	S__GCA_002295725.1	10	0.663414638575901	0.663414638575901	0.663414638575901	pearson_abs_threshold	pearson	0.55	ST13
S__GCA_014384505.1	S__GCA_002295725.1	10	-0.60432767182791	0.60432767182791	0.60432767182791	pearson_abs_threshold	pearson	0.55	ST13
S__GCA_009392475.1	S__GCA_002295725.1	10	0.739899669653184	0.739899669653184	0.739899669653184	pearson_abs_threshold	pearson	0.55	ST13
S__GCA_001510275.1	S__GCA_002295725.1	10	0.810806634246743	0.810806634246743	0.810806634246743	pearson_abs_threshold	pearson	0.55	ST13
S__3300024516_26	S__GCA_002295725.1	10	0.640324193403956	0.640324193403956	0.640324193403956	pearson_abs_threshold	pearson	0.55	ST13
S__GCA_905182465.1	S__3300025894_53	10	-0.551710973126563	0.551710973126563	0.551710973126563	pearson_abs_threshold	pearson	0.55	ST13
S__IMGVR_UViG_3300031687_001020	S__3300025894_53	10	0.57695139153769	0.57695139153769	0.57695139153769	pearson_abs_threshold	pearson	0.55	ST13
S__TARA_ARC_108_MAG_00099	S__3300025894_53	10	0.573096610937416	0.573096610937416	0.573096610937416	pearson_abs_threshold	pearson	0.55	ST13
S__3300027791_27	S__3300025894_53	10	0.652837647104479	0.652837647104479	0.652837647104479	pearson_abs_threshold	pearson	0.55	ST13
S__TARA_ARC_108_MAG_00146	S__3300025894_53	10	0.754721665856857	0.754721665856857	0.754721665856857	pearson_abs_threshold	pearson	0.55	ST13
S__GCA_015659595.1	S__GCA_002082295.1	10	0.753369217689023	0.753369217689023	0.753369217689023	pearson_abs_threshold	pearson	0.55	ST13
S__IMGVR_UViG_3300024520_000070	S__IMGVR_UViG_3300025296_001443	10	0.57380642687896	0.57380642687896	0.57380642687896	pearson_abs_threshold	pearson	0.55	ST13
S__GCA_905612305.1	S__3300027844_79	10	0.660730661284118	0.660730661284118	0.660730661284118	pearson_abs_threshold	pearson	0.55	ST13
S__TARA_SOC_NCLDV_00026	S__GCA_008974855.1	10	0.612188618067065	0.612188618067065	0.612188618067065	pearson_abs_threshold	pearson	0.55	ST13
S__GCA_013911135.1	S__GCA_008974855.1	10	0.815394609671162	0.815394609671162	0.815394609671162	pearson_abs_threshold	pearson	0.55	ST13
S__GCA_011055585.1	S__GCA_008974855.1	10	0.79575042764964	0.79575042764964	0.79575042764964	pearson_abs_threshold	pearson	0.55	ST13
S__GCA_905182865.1	S__GCA_905480095.1	10	-0.574943014958303	0.574943014958303	0.574943014958303	pearson_abs_threshold	pearson	0.55	ST13
S__GCA_905182465.1	S__GCA_905480095.1	10	0.597988842008754	0.597988842008754	0.597988842008754	pearson_abs_threshold	pearson	0.55	ST13
S__GCA_905182885.1	S__GCA_905480095.1	10	-0.592699787039594	0.592699787039594	0.592699787039594	pearson_abs_threshold	pearson	0.55	ST13
S__IMGVR_UViG_3300027833_000016	S__GCA_905480095.1	10	-0.604888690450208	0.604888690450208	0.604888690450208	pearson_abs_threshold	pearson	0.55	ST13
S__GCA_905181585.1	S__GCA_905480095.1	10	0.778514717743327	0.778514717743327	0.778514717743327	pearson_abs_threshold	pearson	0.55	ST13
S__GCA_902512375.1	S__GCA_905480095.1	10	-0.603749852761704	0.603749852761704	0.603749852761704	pearson_abs_threshold	pearson	0.55	ST13
S__TARA_ARC_108_MAG_00099	S__GCA_905480095.1	10	-0.568984999890879	0.568984999890879	0.568984999890879	pearson_abs_threshold	pearson	0.55	ST13
S__TARA_SOC_28_MAG_00016	S__GCA_905480095.1	10	-0.562456163099778	0.562456163099778	0.562456163099778	pearson_abs_threshold	pearson	0.55	ST13
S__TARA_ARC_108_MAG_00181	S__GCA_905480095.1	10	0.880674464526041	0.880674464526041	0.880674464526041	pearson_abs_threshold	pearson	0.55	ST13
S__GCF_003326015.1	S__GCA_905480095.1	10	0.882752790468318	0.882752790468318	0.882752790468318	pearson_abs_threshold	pearson	0.55	ST13
S__IMGVR_UViG_3300037585_000783	S__GCA_905480095.1	10	0.57585993443917	0.57585993443917	0.57585993443917	pearson_abs_threshold	pearson	0.55	ST13
S__3300025276_12	S__GCA_905480095.1	10	-0.640528669752162	0.640528669752162	0.640528669752162	pearson_abs_threshold	pearson	0.55	ST13
S__GCA_905182765.1	S__GCA_905480095.1	10	0.860862406405633	0.860862406405633	0.860862406405633	pearson_abs_threshold	pearson	0.55	ST13
S__TARA_ARC_108_MAG_00146	S__GCA_905480095.1	10	-0.593191310418512	0.593191310418512	0.593191310418512	pearson_abs_threshold	pearson	0.55	ST13
S__GCA_905182865.1	S__GCA_905480315.1	10	-0.563363711353922	0.563363711353922	0.563363711353922	pearson_abs_threshold	pearson	0.55	ST13
S__GCA_905182465.1	S__GCA_905480315.1	10	0.597778505730585	0.597778505730585	0.597778505730585	pearson_abs_threshold	pearson	0.55	ST13
S__GCA_905182885.1	S__GCA_905480315.1	10	-0.598629134983908	0.598629134983908	0.598629134983908	pearson_abs_threshold	pearson	0.55	ST13
S__IMGVR_UViG_3300027833_000016	S__GCA_905480315.1	10	-0.611131190134083	0.611131190134083	0.611131190134083	pearson_abs_threshold	pearson	0.55	ST13
S__GCA_905181585.1	S__GCA_905480315.1	10	0.779732775637539	0.779732775637539	0.779732775637539	pearson_abs_threshold	pearson	0.55	ST13
S__GCA_902512375.1	S__GCA_905480315.1	10	-0.610072927654737	0.610072927654737	0.610072927654737	pearson_abs_threshold	pearson	0.55	ST13
S__TARA_ARC_108_MAG_00099	S__GCA_905480315.1	10	-0.554520333727165	0.554520333727165	0.554520333727165	pearson_abs_threshold	pearson	0.55	ST13
S__TARA_ARC_108_MAG_00181	S__GCA_905480315.1	10	0.882638286125629	0.882638286125629	0.882638286125629	pearson_abs_threshold	pearson	0.55	ST13
S__GCF_003326015.1	S__GCA_905480315.1	10	0.884362823309169	0.884362823309169	0.884362823309169	pearson_abs_threshold	pearson	0.55	ST13
S__IMGVR_UViG_3300037585_000783	S__GCA_905480315.1	10	0.591116244302245	0.591116244302245	0.591116244302245	pearson_abs_threshold	pearson	0.55	ST13
S__3300025276_12	S__GCA_905480315.1	10	-0.647260154922674	0.647260154922674	0.647260154922674	pearson_abs_threshold	pearson	0.55	ST13
S__GCA_905182765.1	S__GCA_905480315.1	10	0.862189965123765	0.862189965123765	0.862189965123765	pearson_abs_threshold	pearson	0.55	ST13
S__TARA_ARC_108_MAG_00146	S__GCA_905480315.1	10	-0.599753682710185	0.599753682710185	0.599753682710185	pearson_abs_threshold	pearson	0.55	ST13
S__GCA_905480095.1	S__GCA_905480315.1	10	0.998532745043114	0.998532745043114	0.998532745043114	pearson_abs_threshold	pearson	0.55	ST13
S__3300027997_10	S__3300027779_22	10	-0.611020636413341	0.611020636413341	0.611020636413341	pearson_abs_threshold	pearson	0.55	ST13
S__3300027687_20	S__3300027779_22	10	0.550621331124167	0.550621331124167	0.550621331124167	pearson_abs_threshold	pearson	0.55	ST13
S__GCA_905182465.1	S__3300027779_22	10	-0.601612080018398	0.601612080018398	0.601612080018398	pearson_abs_threshold	pearson	0.55	ST13
S__GCA_902512375.1	S__3300027779_22	10	0.590449265284925	0.590449265284925	0.590449265284925	pearson_abs_threshold	pearson	0.55	ST13
S__IMGVR_UViG_3300028198_000003	S__3300027779_22	10	0.752619001134824	0.752619001134824	0.752619001134824	pearson_abs_threshold	pearson	0.55	ST13
S__GCA_015659595.1	S__3300027779_22	10	0.606835670002882	0.606835670002882	0.606835670002882	pearson_abs_threshold	pearson	0.55	ST13
S__IMGVR_UViG_GVMAG-S-ERX556043-36_000001	S__3300027779_22	10	0.74751407048407	0.74751407048407	0.74751407048407	pearson_abs_threshold	pearson	0.55	ST13
S__3300025276_12	S__3300027779_22	10	0.584198908110146	0.584198908110146	0.584198908110146	pearson_abs_threshold	pearson	0.55	ST13
S__GCA_905182765.1	S__3300027779_22	10	-0.553819196610041	0.553819196610041	0.553819196610041	pearson_abs_threshold	pearson	0.55	ST13
S__IMGVR_UViG_3300024520_000070	S__TARA_ARC_NCLDV_00176	10	0.578507397571514	0.578507397571514	0.578507397571514	pearson_abs_threshold	pearson	0.55	ST13
S__TARA_ARC_NCLDV_00033	S__TARA_ARC_NCLDV_00176	10	0.663318822090357	0.663318822090357	0.663318822090357	pearson_abs_threshold	pearson	0.55	ST13
S__IMGVR_UViG_3300025296_001443	S__TARA_ARC_NCLDV_00176	10	0.731053675365108	0.731053675365108	0.731053675365108	pearson_abs_threshold	pearson	0.55	ST13
S__GCA_004356455.1	S__TARA_ARC_NCLDV_00127	10	0.660403754188509	0.660403754188509	0.660403754188509	pearson_abs_threshold	pearson	0.55	ST13
S__GCA_902512375.1	S__TARA_ARC_NCLDV_00127	10	-0.630589205209171	0.630589205209171	0.630589205209171	pearson_abs_threshold	pearson	0.55	ST13
S__TARA_ARC_108_MAG_00181	S__TARA_ARC_NCLDV_00127	10	0.597894393073619	0.597894393073619	0.597894393073619	pearson_abs_threshold	pearson	0.55	ST13
S__GCF_003326015.1	S__TARA_ARC_NCLDV_00127	10	0.601068698674109	0.601068698674109	0.601068698674109	pearson_abs_threshold	pearson	0.55	ST13
S__GCA_000383355.1	S__TARA_ARC_NCLDV_00127	10	0.754163510857346	0.754163510857346	0.754163510857346	pearson_abs_threshold	pearson	0.55	ST13
S__GCA_905182765.1	S__TARA_ARC_NCLDV_00127	10	0.56218738182577	0.56218738182577	0.56218738182577	pearson_abs_threshold	pearson	0.55	ST13
S__GCA_905480095.1	S__TARA_ARC_NCLDV_00127	10	0.68431316015388	0.68431316015388	0.68431316015388	pearson_abs_threshold	pearson	0.55	ST13
S__GCA_905480315.1	S__TARA_ARC_NCLDV_00127	10	0.696577452488701	0.696577452488701	0.696577452488701	pearson_abs_threshold	pearson	0.55	ST13
S__IMGVR_UViG_GVMAG-S-1102114-126_000001	S__Schulz_GVMAG_S_1102114_126	10	-0.637482775856549	0.637482775856549	0.637482775856549	pearson_abs_threshold	pearson	0.55	ST13
S__IMGVR_UViG_3300027813_000042	S__IMGVR_UViG_3300027861_000023	10	-0.562116088931811	0.562116088931811	0.562116088931811	pearson_abs_threshold	pearson	0.55	ST13
S__IMGVR_UViG_3300024520_000070	S__IMGVR_UViG_3300027861_000023	10	0.687063905630135	0.687063905630135	0.687063905630135	pearson_abs_threshold	pearson	0.55	ST13
S__GCA_905182775.1	S__IMGVR_UViG_3300027861_000023	10	-0.563308677991204	0.563308677991204	0.563308677991204	pearson_abs_threshold	pearson	0.55	ST13
S__TARA_ARC_NCLDV_00033	S__IMGVR_UViG_3300027861_000023	10	0.787989936934078	0.787989936934078	0.787989936934078	pearson_abs_threshold	pearson	0.55	ST13
S__IMGVR_UViG_3300028198_000003	S__IMGVR_UViG_3300027861_000023	10	0.617612573708202	0.617612573708202	0.617612573708202	pearson_abs_threshold	pearson	0.55	ST13
S__GCA_015659595.1	S__IMGVR_UViG_3300027861_000023	10	0.720717806114884	0.720717806114884	0.720717806114884	pearson_abs_threshold	pearson	0.55	ST13
S__IMGVR_UViG_GVMAG-S-ERX556043-36_000001	S__IMGVR_UViG_3300027861_000023	10	0.607440184158761	0.607440184158761	0.607440184158761	pearson_abs_threshold	pearson	0.55	ST13
S__IMGVR_UViG_3300025296_001443	S__IMGVR_UViG_3300027861_000023	10	0.591248869146307	0.591248869146307	0.591248869146307	pearson_abs_threshold	pearson	0.55	ST13
S__3300027779_22	S__IMGVR_UViG_3300027861_000023	10	0.598015312143683	0.598015312143683	0.598015312143683	pearson_abs_threshold	pearson	0.55	ST13
S__TARA_ARC_NCLDV_00176	S__IMGVR_UViG_3300027861_000023	10	0.856010515291659	0.856010515291659	0.856010515291659	pearson_abs_threshold	pearson	0.55	ST13
S__GCA_905182865.1	S__3300020317_19	10	-0.566300738951985	0.566300738951985	0.566300738951985	pearson_abs_threshold	pearson	0.55	ST13
S__GCA_905182465.1	S__3300020317_19	10	0.595343105597673	0.595343105597673	0.595343105597673	pearson_abs_threshold	pearson	0.55	ST13
S__GCA_905182885.1	S__3300020317_19	10	-0.60095040382112	0.60095040382112	0.60095040382112	pearson_abs_threshold	pearson	0.55	ST13
S__IMGVR_UViG_3300027833_000016	S__3300020317_19	10	-0.613833377975597	0.613833377975597	0.613833377975597	pearson_abs_threshold	pearson	0.55	ST13
S__GCA_905181585.1	S__3300020317_19	10	0.778233302751236	0.778233302751236	0.778233302751236	pearson_abs_threshold	pearson	0.55	ST13
S__GCA_902512375.1	S__3300020317_19	10	-0.61259583997499	0.61259583997499	0.61259583997499	pearson_abs_threshold	pearson	0.55	ST13
S__TARA_ARC_108_MAG_00099	S__3300020317_19	10	-0.558198159579073	0.558198159579073	0.558198159579073	pearson_abs_threshold	pearson	0.55	ST13
S__TARA_SOC_28_MAG_00016	S__3300020317_19	10	-0.55160103902113	0.55160103902113	0.55160103902113	pearson_abs_threshold	pearson	0.55	ST13
S__TARA_ARC_108_MAG_00181	S__3300020317_19	10	0.882022228370589	0.882022228370589	0.882022228370589	pearson_abs_threshold	pearson	0.55	ST13
S__GCF_003326015.1	S__3300020317_19	10	0.88377225422063	0.88377225422063	0.88377225422063	pearson_abs_threshold	pearson	0.55	ST13
S__IMGVR_UViG_3300037585_000783	S__3300020317_19	10	0.598106249603408	0.598106249603408	0.598106249603408	pearson_abs_threshold	pearson	0.55	ST13
S__3300025276_12	S__3300020317_19	10	-0.650383301603183	0.650383301603183	0.650383301603183	pearson_abs_threshold	pearson	0.55	ST13
S__GCA_905182765.1	S__3300020317_19	10	0.860570303694282	0.860570303694282	0.860570303694282	pearson_abs_threshold	pearson	0.55	ST13
S__TARA_ARC_108_MAG_00146	S__3300020317_19	10	-0.602194493977456	0.602194493977456	0.602194493977456	pearson_abs_threshold	pearson	0.55	ST13
S__GCA_905480095.1	S__3300020317_19	10	0.99763447365871	0.99763447365871	0.99763447365871	pearson_abs_threshold	pearson	0.55	ST13
S__GCA_905480315.1	S__3300020317_19	10	0.999706688820627	0.999706688820627	0.999706688820627	pearson_abs_threshold	pearson	0.55	ST13
S__TARA_ARC_NCLDV_00127	S__3300020317_19	10	0.698945605507875	0.698945605507875	0.698945605507875	pearson_abs_threshold	pearson	0.55	ST13
S__GCA_905182465.1	S__Schulz_GVMAG_S_1102104_120	10	-0.622856595402147	0.622856595402147	0.622856595402147	pearson_abs_threshold	pearson	0.55	ST13
S__IMGVR_UViG_3300025071_000006	S__Schulz_GVMAG_S_1102104_120	10	-0.683329890789375	0.683329890789375	0.683329890789375	pearson_abs_threshold	pearson	0.55	ST13
S__IMGVR_UViG_3300027833_000016	S__Schulz_GVMAG_S_1102104_120	10	0.594778209299676	0.594778209299676	0.594778209299676	pearson_abs_threshold	pearson	0.55	ST13
S__GCA_905181585.1	S__Schulz_GVMAG_S_1102104_120	10	-0.564061208680652	0.564061208680652	0.564061208680652	pearson_abs_threshold	pearson	0.55	ST13
S__GCA_015659595.1	S__Schulz_GVMAG_S_1102104_120	10	0.605982743702599	0.605982743702599	0.605982743702599	pearson_abs_threshold	pearson	0.55	ST13
S__IMGVR_UViG_3300037585_000783	S__Schulz_GVMAG_S_1102104_120	10	-0.564753103848935	0.564753103848935	0.564753103848935	pearson_abs_threshold	pearson	0.55	ST13
S__3300027791_27	S__Schulz_GVMAG_S_1102104_120	10	0.656424228809043	0.656424228809043	0.656424228809043	pearson_abs_threshold	pearson	0.55	ST13
S__GCA_905182765.1	S__Schulz_GVMAG_S_1102104_120	10	-0.576471525451795	0.576471525451795	0.576471525451795	pearson_abs_threshold	pearson	0.55	ST13
S__TARA_ARC_108_MAG_00146	S__Schulz_GVMAG_S_1102104_120	10	0.752971527970077	0.752971527970077	0.752971527970077	pearson_abs_threshold	pearson	0.55	ST13
S__3300025894_53	S__Schulz_GVMAG_S_1102104_120	10	0.758899416128025	0.758899416128025	0.758899416128025	pearson_abs_threshold	pearson	0.55	ST13
S__IMGVR_UViG_3300027861_000023	S__Schulz_GVMAG_S_1102104_120	10	0.598263161337638	0.598263161337638	0.598263161337638	pearson_abs_threshold	pearson	0.55	ST13
S__3300027997_10	S__3300001683_28	10	-0.560392994462147	0.560392994462147	0.560392994462147	pearson_abs_threshold	pearson	0.55	ST13
S__GCA_905182465.1	S__3300001683_28	10	-0.554024746731206	0.554024746731206	0.554024746731206	pearson_abs_threshold	pearson	0.55	ST13
S__IMGVR_UViG_3300028198_000003	S__3300001683_28	10	0.612631941144799	0.612631941144799	0.612631941144799	pearson_abs_threshold	pearson	0.55	ST13
S__GCA_015659595.1	S__3300001683_28	10	0.723568521461366	0.723568521461366	0.723568521461366	pearson_abs_threshold	pearson	0.55	ST13
S__IMGVR_UViG_GVMAG-S-ERX556043-36_000001	S__3300001683_28	10	0.599073199763926	0.599073199763926	0.599073199763926	pearson_abs_threshold	pearson	0.55	ST13
S__IMGVR_UViG_3300025296_001443	S__3300001683_28	10	0.563358317447534	0.563358317447534	0.563358317447534	pearson_abs_threshold	pearson	0.55	ST13
S__3300027779_22	S__3300001683_28	10	0.868271585255945	0.868271585255945	0.868271585255945	pearson_abs_threshold	pearson	0.55	ST13
S__TARA_ARC_NCLDV_00176	S__3300001683_28	10	0.554006689420391	0.554006689420391	0.554006689420391	pearson_abs_threshold	pearson	0.55	ST13
S__IMGVR_UViG_3300027861_000023	S__3300001683_28	10	0.717218507074209	0.717218507074209	0.717218507074209	pearson_abs_threshold	pearson	0.55	ST13
S__Schulz_GVMAG_S_1102104_120	S__3300001683_28	10	0.585866794604196	0.585866794604196	0.585866794604196	pearson_abs_threshold	pearson	0.55	ST13
S__GCA_902512375.1	S__IMGVR_UViG_GVMAG-S-ERX556030-34_000001	10	-0.680474418385517	0.680474418385517	0.680474418385517	pearson_abs_threshold	pearson	0.55	ST13
S__TARA_ARC_108_MAG_00181	S__IMGVR_UViG_GVMAG-S-ERX556030-34_000001	10	0.592890599881072	0.592890599881072	0.592890599881072	pearson_abs_threshold	pearson	0.55	ST13
S__GCF_003326015.1	S__IMGVR_UViG_GVMAG-S-ERX556030-34_000001	10	0.591447200012469	0.591447200012469	0.591447200012469	pearson_abs_threshold	pearson	0.55	ST13
S__IMGVR_UViG_3300037585_000783	S__IMGVR_UViG_GVMAG-S-ERX556030-34_000001	10	0.573139139224543	0.573139139224543	0.573139139224543	pearson_abs_threshold	pearson	0.55	ST13
S__GCA_905182765.1	S__IMGVR_UViG_GVMAG-S-ERX556030-34_000001	10	0.560352402140376	0.560352402140376	0.560352402140376	pearson_abs_threshold	pearson	0.55	ST13
S__GCA_905480095.1	S__IMGVR_UViG_GVMAG-S-ERX556030-34_000001	10	0.665750194023278	0.665750194023278	0.665750194023278	pearson_abs_threshold	pearson	0.55	ST13
S__GCA_905480315.1	S__IMGVR_UViG_GVMAG-S-ERX556030-34_000001	10	0.680632834404231	0.680632834404231	0.680632834404231	pearson_abs_threshold	pearson	0.55	ST13
S__TARA_ARC_NCLDV_00127	S__IMGVR_UViG_GVMAG-S-ERX556030-34_000001	10	0.71297657600117	0.71297657600117	0.71297657600117	pearson_abs_threshold	pearson	0.55	ST13
S__3300020317_19	S__IMGVR_UViG_GVMAG-S-ERX556030-34_000001	10	0.689015167494344	0.689015167494344	0.689015167494344	pearson_abs_threshold	pearson	0.55	ST13
S__GCA_015659595.1	S__GCA_018673385.1	10	0.567427624623679	0.567427624623679	0.567427624623679	pearson_abs_threshold	pearson	0.55	ST13
S__IMGVR_UViG_3300027861_000023	S__GCA_018673385.1	10	0.561524423155992	0.561524423155992	0.561524423155992	pearson_abs_threshold	pearson	0.55	ST13
S__GCA_015659035.1	S__TARA_ARC_NCLDV_00036	10	0.663848505196545	0.663848505196545	0.663848505196545	pearson_abs_threshold	pearson	0.55	ST13
S__GCA_009392475.1	S__TARA_ARC_NCLDV_00036	10	0.637567464375179	0.637567464375179	0.637567464375179	pearson_abs_threshold	pearson	0.55	ST13
S__GCA_004356455.1	S__TARA_ARC_NCLDV_00036	10	0.557715465077505	0.557715465077505	0.557715465077505	pearson_abs_threshold	pearson	0.55	ST13
S__GCA_000383355.1	S__TARA_ARC_NCLDV_00036	10	0.633044753557743	0.633044753557743	0.633044753557743	pearson_abs_threshold	pearson	0.55	ST13
S__3300026264_29	S__TARA_ARC_NCLDV_00036	10	0.591329714475797	0.591329714475797	0.591329714475797	pearson_abs_threshold	pearson	0.55	ST13
S__GCA_002295725.1	S__TARA_ARC_NCLDV_00036	10	0.574616201984216	0.574616201984216	0.574616201984216	pearson_abs_threshold	pearson	0.55	ST13
S__3300027844_79	S__TARA_ARC_NCLDV_00036	10	-0.613380377570286	0.613380377570286	0.613380377570286	pearson_abs_threshold	pearson	0.55	ST13
S__TARA_ARC_NCLDV_00127	S__TARA_ARC_NCLDV_00036	10	0.829190477151703	0.829190477151703	0.829190477151703	pearson_abs_threshold	pearson	0.55	ST13
S__3300020263_16	S__GCA_003229345.1	10	-0.606882905151815	0.606882905151815	0.606882905151815	pearson_abs_threshold	pearson	0.55	ST13
S__GCA_905181595.1	S__GCA_003229345.1	10	-0.551336467246047	0.551336467246047	0.551336467246047	pearson_abs_threshold	pearson	0.55	ST13
S__GCA_014384505.1	S__GCA_003229345.1	10	-0.554541524549247	0.554541524549247	0.554541524549247	pearson_abs_threshold	pearson	0.55	ST13
S__IMGVR_UViG_3300027813_000042	S__GCA_002313235.1	10	-0.61743002023038	0.61743002023038	0.61743002023038	pearson_abs_threshold	pearson	0.55	ST13
S__GCA_017854145.1	S__GCA_002313235.1	10	-0.583383705805034	0.583383705805034	0.583383705805034	pearson_abs_threshold	pearson	0.55	ST13
S__IMGVR_UViG_3300027833_000046	S__GCA_002313235.1	10	-0.607689770628877	0.607689770628877	0.607689770628877	pearson_abs_threshold	pearson	0.55	ST13
S__IMGVR_UViG_3300025071_000006	S__GCA_002313235.1	10	-0.565591489245582	0.565591489245582	0.565591489245582	pearson_abs_threshold	pearson	0.55	ST13
S__GCA_905182775.1	S__GCA_002313235.1	10	-0.630483133832282	0.630483133832282	0.630483133832282	pearson_abs_threshold	pearson	0.55	ST13
S__IMGVR_UViG_3300028198_000003	S__GCA_002313235.1	10	0.551453477589364	0.551453477589364	0.551453477589364	pearson_abs_threshold	pearson	0.55	ST13
S__GCA_015659595.1	S__GCA_002313235.1	10	0.659164473939998	0.659164473939998	0.659164473939998	pearson_abs_threshold	pearson	0.55	ST13
S__IMGVR_UViG_3300027861_000023	S__GCA_002313235.1	10	0.663233772456509	0.663233772456509	0.663233772456509	pearson_abs_threshold	pearson	0.55	ST13
S__3300001683_28	S__GCA_002313235.1	10	0.645706965746475	0.645706965746475	0.645706965746475	pearson_abs_threshold	pearson	0.55	ST13
S__GCA_018673385.1	S__GCA_002313235.1	10	0.833678832727713	0.833678832727713	0.833678832727713	pearson_abs_threshold	pearson	0.55	ST13
S__GCA_001643535.1	S__GCA_905182065.1	10	0.566262715533245	0.566262715533245	0.566262715533245	pearson_abs_threshold	pearson	0.55	ST13
S__GCA_905182465.1	S__GCA_905182065.1	10	0.619240983723744	0.619240983723744	0.619240983723744	pearson_abs_threshold	pearson	0.55	ST13
S__GCA_905182885.1	S__GCA_905182065.1	10	-0.668201611635535	0.668201611635535	0.668201611635535	pearson_abs_threshold	pearson	0.55	ST13
S__GCA_905182775.1	S__GCA_905182065.1	10	0.554269672619777	0.554269672619777	0.554269672619777	pearson_abs_threshold	pearson	0.55	ST13
S__GCA_905181585.1	S__GCA_905182065.1	10	0.766314722055186	0.766314722055186	0.766314722055186	pearson_abs_threshold	pearson	0.55	ST13
S__TARA_ARC_108_MAG_00181	S__GCA_905182065.1	10	0.608515713940607	0.608515713940607	0.608515713940607	pearson_abs_threshold	pearson	0.55	ST13
S__GCF_003326015.1	S__GCA_905182065.1	10	0.607224963978921	0.607224963978921	0.607224963978921	pearson_abs_threshold	pearson	0.55	ST13
S__IMGVR_UViG_3300037585_000783	S__GCA_905182065.1	10	0.864023570399766	0.864023570399766	0.864023570399766	pearson_abs_threshold	pearson	0.55	ST13
S__GCA_905182765.1	S__GCA_905182065.1	10	0.862787113359033	0.862787113359033	0.862787113359033	pearson_abs_threshold	pearson	0.55	ST13
S__GCA_905480095.1	S__GCA_905182065.1	10	0.684643673842876	0.684643673842876	0.684643673842876	pearson_abs_threshold	pearson	0.55	ST13
S__GCA_905480315.1	S__GCA_905182065.1	10	0.698333901236345	0.698333901236345	0.698333901236345	pearson_abs_threshold	pearson	0.55	ST13
S__3300020317_19	S__GCA_905182065.1	10	0.706880098573951	0.706880098573951	0.706880098573951	pearson_abs_threshold	pearson	0.55	ST13
S__IMGVR_UViG_GVMAG-S-ERX556030-34_000001	S__GCA_905182065.1	10	0.677124307032434	0.677124307032434	0.677124307032434	pearson_abs_threshold	pearson	0.55	ST13
S__GCA_003331785.1	S__GCA_016777365.1	10	0.591776445272292	0.591776445272292	0.591776445272292	pearson_abs_threshold	pearson	0.55	ST13
S__GCA_014384505.1	S__GCA_016777365.1	10	-0.570298257096143	0.570298257096143	0.570298257096143	pearson_abs_threshold	pearson	0.55	ST13
S__GCA_905182795.1	S__GCA_016777365.1	10	-0.684071496096692	0.684071496096692	0.684071496096692	pearson_abs_threshold	pearson	0.55	ST13
S__GCA_905181585.1	S__GCA_016777365.1	10	0.643299432403936	0.643299432403936	0.643299432403936	pearson_abs_threshold	pearson	0.55	ST13
S__TARA_ARC_108_MAG_00181	S__GCA_016777365.1	10	0.740086400430565	0.740086400430565	0.740086400430565	pearson_abs_threshold	pearson	0.55	ST13
S__GCF_003326015.1	S__GCA_016777365.1	10	0.744461771229718	0.744461771229718	0.744461771229718	pearson_abs_threshold	pearson	0.55	ST13
S__GCA_000383355.1	S__GCA_016777365.1	10	0.614255746174666	0.614255746174666	0.614255746174666	pearson_abs_threshold	pearson	0.55	ST13
S__3300025276_12	S__GCA_016777365.1	10	-0.561031849334153	0.561031849334153	0.561031849334153	pearson_abs_threshold	pearson	0.55	ST13
S__GCA_905182765.1	S__GCA_016777365.1	10	0.707286127628037	0.707286127628037	0.707286127628037	pearson_abs_threshold	pearson	0.55	ST13
S__GCA_002295725.1	S__GCA_016777365.1	10	0.577110257250618	0.577110257250618	0.577110257250618	pearson_abs_threshold	pearson	0.55	ST13
S__GCA_905480095.1	S__GCA_016777365.1	10	0.838298023445463	0.838298023445463	0.838298023445463	pearson_abs_threshold	pearson	0.55	ST13
S__GCA_905480315.1	S__GCA_016777365.1	10	0.849585056628913	0.849585056628913	0.849585056628913	pearson_abs_threshold	pearson	0.55	ST13
S__TARA_ARC_NCLDV_00127	S__GCA_016777365.1	10	0.83592192266832	0.83592192266832	0.83592192266832	pearson_abs_threshold	pearson	0.55	ST13
S__3300020317_19	S__GCA_016777365.1	10	0.853306575449548	0.853306575449548	0.853306575449548	pearson_abs_threshold	pearson	0.55	ST13
S__TARA_ARC_NCLDV_00036	S__GCA_016777365.1	10	0.661696812378883	0.661696812378883	0.661696812378883	pearson_abs_threshold	pearson	0.55	ST13
S__GCA_011055585.1	S__GCA_016838845.1	10	0.639343777562012	0.639343777562012	0.639343777562012	pearson_abs_threshold	pearson	0.55	ST13
S__TARA_ARC_NCLDV_00036	S__GCA_016838845.1	10	0.588529894804941	0.588529894804941	0.588529894804941	pearson_abs_threshold	pearson	0.55	ST13
S__TARA_ARC_NCLDV_00188	S__GCA_905620445.1	10	-0.578056697130576	0.578056697130576	0.578056697130576	pearson_abs_threshold	pearson	0.55	ST13
S__GCA_905612365.1	S__GCA_905620445.1	10	0.624374256485376	0.624374256485376	0.624374256485376	pearson_abs_threshold	pearson	0.55	ST13
S__IMGVR_UViG_3300009440_000004	S__GCA_905620445.1	10	0.574597165125034	0.574597165125034	0.574597165125034	pearson_abs_threshold	pearson	0.55	ST13
S__IMGVR_UViG_3300025296_001443	S__GCA_905620445.1	10	0.571921643665316	0.571921643665316	0.571921643665316	pearson_abs_threshold	pearson	0.55	ST13
S__TARA_ARC_NCLDV_00176	S__GCA_905620445.1	10	0.573070045546226	0.573070045546226	0.573070045546226	pearson_abs_threshold	pearson	0.55	ST13
S__IMGVR_UViG_3300028198_000003	S__GCA_000213395.2	10	0.601345713068288	0.601345713068288	0.601345713068288	pearson_abs_threshold	pearson	0.55	ST13
S__GCA_015659595.1	S__GCA_000213395.2	10	0.718180599726261	0.718180599726261	0.718180599726261	pearson_abs_threshold	pearson	0.55	ST13
S__IMGVR_UViG_GVMAG-S-ERX556043-36_000001	S__GCA_000213395.2	10	0.586775623312324	0.586775623312324	0.586775623312324	pearson_abs_threshold	pearson	0.55	ST13
S__3300025894_53	S__GCA_000213395.2	10	0.614221189509997	0.614221189509997	0.614221189509997	pearson_abs_threshold	pearson	0.55	ST13
S__3300027779_22	S__GCA_000213395.2	10	0.571100024144598	0.571100024144598	0.571100024144598	pearson_abs_threshold	pearson	0.55	ST13
S__IMGVR_UViG_3300027861_000023	S__GCA_000213395.2	10	0.708068630425766	0.708068630425766	0.708068630425766	pearson_abs_threshold	pearson	0.55	ST13
S__Schulz_GVMAG_S_1102104_120	S__GCA_000213395.2	10	0.5679095235184	0.5679095235184	0.5679095235184	pearson_abs_threshold	pearson	0.55	ST13
S__3300001683_28	S__GCA_000213395.2	10	0.700986899534748	0.700986899534748	0.700986899534748	pearson_abs_threshold	pearson	0.55	ST13
S__GCA_002313235.1	S__GCA_000213395.2	10	0.630084955553187	0.630084955553187	0.630084955553187	pearson_abs_threshold	pearson	0.55	ST13
S__GCA_902512375.1	S__IMGVR_UViG_3300046168_000044	10	-0.598218239402103	0.598218239402103	0.598218239402103	pearson_abs_threshold	pearson	0.55	ST13
S__GCA_000383355.1	S__IMGVR_UViG_3300046168_000044	10	0.607371371785564	0.607371371785564	0.607371371785564	pearson_abs_threshold	pearson	0.55	ST13
S__TARA_ARC_NCLDV_00127	S__IMGVR_UViG_3300046168_000044	10	0.853998572425233	0.853998572425233	0.853998572425233	pearson_abs_threshold	pearson	0.55	ST13
S__IMGVR_UViG_GVMAG-S-ERX556030-34_000001	S__IMGVR_UViG_3300046168_000044	10	0.846119339475993	0.846119339475993	0.846119339475993	pearson_abs_threshold	pearson	0.55	ST13
S__TARA_ARC_NCLDV_00036	S__IMGVR_UViG_3300046168_000044	10	0.611331800838425	0.611331800838425	0.611331800838425	pearson_abs_threshold	pearson	0.55	ST13
S__GCA_016777365.1	S__IMGVR_UViG_3300046168_000044	10	0.649804066703553	0.649804066703553	0.649804066703553	pearson_abs_threshold	pearson	0.55	ST13
S__IMGVR_UViG_3300027813_000042	S__3300026087_14	10	-0.617753569406096	0.617753569406096	0.617753569406096	pearson_abs_threshold	pearson	0.55	ST13
S__GCF_013407165.1	S__3300026087_14	10	-0.56750985570804	0.56750985570804	0.56750985570804	pearson_abs_threshold	pearson	0.55	ST13
S__IMGVR_UViG_3300027833_000046	S__3300026087_14	10	-0.614312862249648	0.614312862249648	0.614312862249648	pearson_abs_threshold	pearson	0.55	ST13
S__IMGVR_UViG_3300025071_000006	S__3300026087_14	10	-0.575887650774833	0.575887650774833	0.575887650774833	pearson_abs_threshold	pearson	0.55	ST13
S__GCA_905182775.1	S__3300026087_14	10	-0.645412963443074	0.645412963443074	0.645412963443074	pearson_abs_threshold	pearson	0.55	ST13
S__TARA_ARC_NCLDV_00033	S__3300026087_14	10	0.665374870969982	0.665374870969982	0.665374870969982	pearson_abs_threshold	pearson	0.55	ST13
S__GCA_905616395.1	S__3300026087_14	10	0.616348347473366	0.616348347473366	0.616348347473366	pearson_abs_threshold	pearson	0.55	ST13
S__IMGVR_UViG_3300028198_000003	S__3300026087_14	10	0.742228765607639	0.742228765607639	0.742228765607639	pearson_abs_threshold	pearson	0.55	ST13
S__GCA_015659595.1	S__3300026087_14	10	0.855368264508153	0.855368264508153	0.855368264508153	pearson_abs_threshold	pearson	0.55	ST13
S__IMGVR_UViG_GVMAG-S-ERX556043-36_000001	S__3300026087_14	10	0.728577749201303	0.728577749201303	0.728577749201303	pearson_abs_threshold	pearson	0.55	ST13
S__GCA_002082295.1	S__3300026087_14	10	0.565072591283751	0.565072591283751	0.565072591283751	pearson_abs_threshold	pearson	0.55	ST13
S__IMGVR_UViG_3300025296_001443	S__3300026087_14	10	0.683758196084199	0.683758196084199	0.683758196084199	pearson_abs_threshold	pearson	0.55	ST13
S__3300027779_22	S__3300026087_14	10	0.722327910512785	0.722327910512785	0.722327910512785	pearson_abs_threshold	pearson	0.55	ST13
S__TARA_ARC_NCLDV_00176	S__3300026087_14	10	0.675421532285808	0.675421532285808	0.675421532285808	pearson_abs_threshold	pearson	0.55	ST13
S__IMGVR_UViG_3300027861_000023	S__3300026087_14	10	0.853507937176723	0.853507937176723	0.853507937176723	pearson_abs_threshold	pearson	0.55	ST13
S__Schulz_GVMAG_S_1102104_120	S__3300026087_14	10	0.72262230924355	0.72262230924355	0.72262230924355	pearson_abs_threshold	pearson	0.55	ST13
S__3300001683_28	S__3300026087_14	10	0.851687675453046	0.851687675453046	0.851687675453046	pearson_abs_threshold	pearson	0.55	ST13
S__GCA_018673385.1	S__3300026087_14	10	0.678582374278085	0.678582374278085	0.678582374278085	pearson_abs_threshold	pearson	0.55	ST13
S__GCA_002313235.1	S__3300026087_14	10	0.780785701166229	0.780785701166229	0.780785701166229	pearson_abs_threshold	pearson	0.55	ST13
S__GCA_000213395.2	S__3300026087_14	10	0.84579664920011	0.84579664920011	0.84579664920011	pearson_abs_threshold	pearson	0.55	ST13
S__GCA_905182885.1	S__GCF_014279835.1	10	-0.563486927569642	0.563486927569642	0.563486927569642	pearson_abs_threshold	pearson	0.55	ST13
S__IMGVR_UViG_3300027833_000016	S__GCF_014279835.1	10	-0.580071243101382	0.580071243101382	0.580071243101382	pearson_abs_threshold	pearson	0.55	ST13
S__GCA_017368835.1	S__GCF_014279835.1	10	0.614106119284801	0.614106119284801	0.614106119284801	pearson_abs_threshold	pearson	0.55	ST13
S__GCA_905181585.1	S__GCF_014279835.1	10	0.644380550526595	0.644380550526595	0.644380550526595	pearson_abs_threshold	pearson	0.55	ST13
S__3300024516_18	S__GCF_014279835.1	10	-0.575762462505196	0.575762462505196	0.575762462505196	pearson_abs_threshold	pearson	0.55	ST13
S__GCA_902512375.1	S__GCF_014279835.1	10	-0.577634997175796	0.577634997175796	0.577634997175796	pearson_abs_threshold	pearson	0.55	ST13
S__TARA_ARC_108_MAG_00181	S__GCF_014279835.1	10	0.744102810563322	0.744102810563322	0.744102810563322	pearson_abs_threshold	pearson	0.55	ST13
S__GCF_003326015.1	S__GCF_014279835.1	10	0.743079719034074	0.743079719034074	0.743079719034074	pearson_abs_threshold	pearson	0.55	ST13
S__IMGVR_UViG_3300037585_000783	S__GCF_014279835.1	10	0.725287792642178	0.725287792642178	0.725287792642178	pearson_abs_threshold	pearson	0.55	ST13
S__3300025276_12	S__GCF_014279835.1	10	-0.617982487961076	0.617982487961076	0.617982487961076	pearson_abs_threshold	pearson	0.55	ST13
S__GCA_905182765.1	S__GCF_014279835.1	10	0.715867503256141	0.715867503256141	0.715867503256141	pearson_abs_threshold	pearson	0.55	ST13
S__TARA_ARC_108_MAG_00146	S__GCF_014279835.1	10	-0.569414226961147	0.569414226961147	0.569414226961147	pearson_abs_threshold	pearson	0.55	ST13
S__GCA_905480095.1	S__GCF_014279835.1	10	0.826322053684698	0.826322053684698	0.826322053684698	pearson_abs_threshold	pearson	0.55	ST13
S__GCA_905480315.1	S__GCF_014279835.1	10	0.841266523962385	0.841266523962385	0.841266523962385	pearson_abs_threshold	pearson	0.55	ST13
S__3300020317_19	S__GCF_014279835.1	10	0.851468476686174	0.851468476686174	0.851468476686174	pearson_abs_threshold	pearson	0.55	ST13
S__IMGVR_UViG_GVMAG-S-ERX556030-34_000001	S__GCF_014279835.1	10	0.824802902361235	0.824802902361235	0.824802902361235	pearson_abs_threshold	pearson	0.55	ST13
S__GCA_905182065.1	S__GCF_014279835.1	10	0.845714452232723	0.845714452232723	0.845714452232723	pearson_abs_threshold	pearson	0.55	ST13
S__GCA_016777365.1	S__GCF_014279835.1	10	0.637513933447051	0.637513933447051	0.637513933447051	pearson_abs_threshold	pearson	0.55	ST13
S__IMGVR_UViG_3300046168_000044	S__GCF_014279835.1	10	0.632396233003612	0.632396233003612	0.632396233003612	pearson_abs_threshold	pearson	0.55	ST13
S__IMGVR_UViG_3300028198_000003	S__IMGVR_UViG_3300020185_000065	10	0.577665959632818	0.577665959632818	0.577665959632818	pearson_abs_threshold	pearson	0.55	ST13
S__IMGVR_UViG_GVMAG-S-ERX556043-36_000001	S__IMGVR_UViG_3300020185_000065	10	0.594512584743015	0.594512584743015	0.594512584743015	pearson_abs_threshold	pearson	0.55	ST13
S__3300027779_22	S__IMGVR_UViG_3300020185_000065	10	0.554351169214963	0.554351169214963	0.554351169214963	pearson_abs_threshold	pearson	0.55	ST13
S__TARA_ARC_NCLDV_00188	S__GCA_004356895.1	10	-0.644946547392338	0.644946547392338	0.644946547392338	pearson_abs_threshold	pearson	0.55	ST13
S__GCA_905182865.1	S__GCA_905182435.1	10	-0.550083459181969	0.550083459181969	0.550083459181969	pearson_abs_threshold	pearson	0.55	ST13
S__GCA_008975185.1	S__GCA_905182435.1	10	0.663357755299877	0.663357755299877	0.663357755299877	pearson_abs_threshold	pearson	0.55	ST13
S__GCA_014384505.1	S__GCA_905182435.1	10	-0.661575272027189	0.661575272027189	0.661575272027189	pearson_abs_threshold	pearson	0.55	ST13
S__GCA_001510275.1	S__GCA_905182435.1	10	0.610344784117366	0.610344784117366	0.610344784117366	pearson_abs_threshold	pearson	0.55	ST13
S__GCA_905618915.1	S__GCA_905182435.1	10	-0.569690234092751	0.569690234092751	0.569690234092751	pearson_abs_threshold	pearson	0.55	ST13
S__IMGVR_UViG_3300025869_000017	S__GCA_905182435.1	10	-0.567780857275581	0.567780857275581	0.567780857275581	pearson_abs_threshold	pearson	0.55	ST13
S__GCA_905182235.1	S__GCA_905182435.1	10	-0.624793064364498	0.624793064364498	0.624793064364498	pearson_abs_threshold	pearson	0.55	ST13
S__GCA_012964335.1	S__GCA_905182435.1	10	-0.56500374669911	0.56500374669911	0.56500374669911	pearson_abs_threshold	pearson	0.55	ST13
S__TARA_ARC_108_MAG_00099	S__GCA_905182435.1	10	-0.586085955753399	0.586085955753399	0.586085955753399	pearson_abs_threshold	pearson	0.55	ST13
S__TARA_SOC_28_MAG_00016	S__GCA_905182435.1	10	-0.577420463596328	0.577420463596328	0.577420463596328	pearson_abs_threshold	pearson	0.55	ST13
S__GCA_905612305.1	S__GCA_905182435.1	10	-0.615559831631277	0.615559831631277	0.615559831631277	pearson_abs_threshold	pearson	0.55	ST13
S__TARA_ARC_108_MAG_00181	S__GCA_905182435.1	10	0.580818678587445	0.580818678587445	0.580818678587445	pearson_abs_threshold	pearson	0.55	ST13
S__GCF_003326015.1	S__GCA_905182435.1	10	0.589959812049382	0.589959812049382	0.589959812049382	pearson_abs_threshold	pearson	0.55	ST13
S__GCA_002295725.1	S__GCA_905182435.1	10	0.730063974243979	0.730063974243979	0.730063974243979	pearson_abs_threshold	pearson	0.55	ST13
S__GCA_905480095.1	S__GCA_905182435.1	10	0.700392138888749	0.700392138888749	0.700392138888749	pearson_abs_threshold	pearson	0.55	ST13
S__GCA_905480315.1	S__GCA_905182435.1	10	0.684161884083628	0.684161884083628	0.684161884083628	pearson_abs_threshold	pearson	0.55	ST13
S__TARA_ARC_NCLDV_00127	S__GCA_905182435.1	10	0.657429369627125	0.657429369627125	0.657429369627125	pearson_abs_threshold	pearson	0.55	ST13
S__3300020317_19	S__GCA_905182435.1	10	0.687090505662035	0.687090505662035	0.687090505662035	pearson_abs_threshold	pearson	0.55	ST13
S__TARA_ARC_NCLDV_00036	S__GCA_905182435.1	10	0.823358688466811	0.823358688466811	0.823358688466811	pearson_abs_threshold	pearson	0.55	ST13
S__GCA_003229345.1	S__GCA_905182435.1	10	0.657382812768806	0.657382812768806	0.657382812768806	pearson_abs_threshold	pearson	0.55	ST13
S__GCA_016777365.1	S__GCA_905182435.1	10	0.830402719209204	0.830402719209204	0.830402719209204	pearson_abs_threshold	pearson	0.55	ST13
S__GCA_016838845.1	S__GCA_905182435.1	10	0.582369843265534	0.582369843265534	0.582369843265534	pearson_abs_threshold	pearson	0.55	ST13
S__GCA_015659595.1	S__3300026253_8	10	0.56526302083484	0.56526302083484	0.56526302083484	pearson_abs_threshold	pearson	0.55	ST13
S__GCA_902514095.1	S__3300026253_8	10	0.554369311689997	0.554369311689997	0.554369311689997	pearson_abs_threshold	pearson	0.55	ST13
S__3300027844_79	S__3300026253_8	10	0.593129380299403	0.593129380299403	0.593129380299403	pearson_abs_threshold	pearson	0.55	ST13
S__IMGVR_UViG_3300027861_000023	S__3300026253_8	10	0.551329584900167	0.551329584900167	0.551329584900167	pearson_abs_threshold	pearson	0.55	ST13
S__GCA_018673385.1	S__3300026253_8	10	0.682165742413243	0.682165742413243	0.682165742413243	pearson_abs_threshold	pearson	0.55	ST13
S__GCA_000213395.2	S__3300026253_8	10	0.834777871203766	0.834777871203766	0.834777871203766	pearson_abs_threshold	pearson	0.55	ST13
S__3300026087_14	S__3300026253_8	10	0.674406449087822	0.674406449087822	0.674406449087822	pearson_abs_threshold	pearson	0.55	ST13
S__GCA_017854145.1	S__GCA_905478445.1	10	-0.627886441308195	0.627886441308195	0.627886441308195	pearson_abs_threshold	pearson	0.55	ST13
S__GCA_905478185.1	S__GCA_905478445.1	10	-0.604774694348163	0.604774694348163	0.604774694348163	pearson_abs_threshold	pearson	0.55	ST13
S__IMGVR_UViG_3300025632_000006	S__GCA_905478445.1	10	0.56043883331053	0.56043883331053	0.56043883331053	pearson_abs_threshold	pearson	0.55	ST13
S__IMGVR_UViG_3300027813_000042	S__IMGVR_UViG_3300006310_000001	10	-0.615484057976318	0.615484057976318	0.615484057976318	pearson_abs_threshold	pearson	0.55	ST13
S__GCF_013407165.1	S__IMGVR_UViG_3300006310_000001	10	-0.571514069858083	0.571514069858083	0.571514069858083	pearson_abs_threshold	pearson	0.55	ST13
S__IMGVR_UViG_3300027833_000046	S__IMGVR_UViG_3300006310_000001	10	-0.610781507386412	0.610781507386412	0.610781507386412	pearson_abs_threshold	pearson	0.55	ST13
S__IMGVR_UViG_3300025071_000006	S__IMGVR_UViG_3300006310_000001	10	-0.569326060457544	0.569326060457544	0.569326060457544	pearson_abs_threshold	pearson	0.55	ST13
S__GCA_905182775.1	S__IMGVR_UViG_3300006310_000001	10	-0.641100070229649	0.641100070229649	0.641100070229649	pearson_abs_threshold	pearson	0.55	ST13
S__TARA_ARC_NCLDV_00033	S__IMGVR_UViG_3300006310_000001	10	0.663882827102338	0.663882827102338	0.663882827102338	pearson_abs_threshold	pearson	0.55	ST13
S__GCA_905616395.1	S__IMGVR_UViG_3300006310_000001	10	0.627984648972176	0.627984648972176	0.627984648972176	pearson_abs_threshold	pearson	0.55	ST13
S__IMGVR_UViG_3300028198_000003	S__IMGVR_UViG_3300006310_000001	10	0.738225143367831	0.738225143367831	0.738225143367831	pearson_abs_threshold	pearson	0.55	ST13
S__GCA_015659595.1	S__IMGVR_UViG_3300006310_000001	10	0.853240022566575	0.853240022566575	0.853240022566575	pearson_abs_threshold	pearson	0.55	ST13
S__IMGVR_UViG_GVMAG-S-ERX556043-36_000001	S__IMGVR_UViG_3300006310_000001	10	0.725468668550497	0.725468668550497	0.725468668550497	pearson_abs_threshold	pearson	0.55	ST13
S__GCA_002082295.1	S__IMGVR_UViG_3300006310_000001	10	0.571790523411619	0.571790523411619	0.571790523411619	pearson_abs_threshold	pearson	0.55	ST13
S__IMGVR_UViG_3300025296_001443	S__IMGVR_UViG_3300006310_000001	10	0.690499038896751	0.690499038896751	0.690499038896751	pearson_abs_threshold	pearson	0.55	ST13
S__3300027779_22	S__IMGVR_UViG_3300006310_000001	10	0.716148891383679	0.716148891383679	0.716148891383679	pearson_abs_threshold	pearson	0.55	ST13
S__TARA_ARC_NCLDV_00176	S__IMGVR_UViG_3300006310_000001	10	0.683305554577835	0.683305554577835	0.683305554577835	pearson_abs_threshold	pearson	0.55	ST13
S__IMGVR_UViG_3300027861_000023	S__IMGVR_UViG_3300006310_000001	10	0.856380763929318	0.856380763929318	0.856380763929318	pearson_abs_threshold	pearson	0.55	ST13
S__Schulz_GVMAG_S_1102104_120	S__IMGVR_UViG_3300006310_000001	10	0.715763588188443	0.715763588188443	0.715763588188443	pearson_abs_threshold	pearson	0.55	ST13
S__3300001683_28	S__IMGVR_UViG_3300006310_000001	10	0.848353852902961	0.848353852902961	0.848353852902961	pearson_abs_threshold	pearson	0.55	ST13
S__GCA_018673385.1	S__IMGVR_UViG_3300006310_000001	10	0.672679755807543	0.672679755807543	0.672679755807543	pearson_abs_threshold	pearson	0.55	ST13
S__GCA_002313235.1	S__IMGVR_UViG_3300006310_000001	10	0.780679734017281	0.780679734017281	0.780679734017281	pearson_abs_threshold	pearson	0.55	ST13
S__GCA_000213395.2	S__IMGVR_UViG_3300006310_000001	10	0.839050567685212	0.839050567685212	0.839050567685212	pearson_abs_threshold	pearson	0.55	ST13
S__3300026087_14	S__IMGVR_UViG_3300006310_000001	10	0.9989909879473	0.9989909879473	0.9989909879473	pearson_abs_threshold	pearson	0.55	ST13
S__3300026253_8	S__IMGVR_UViG_3300006310_000001	10	0.664050872440267	0.664050872440267	0.664050872440267	pearson_abs_threshold	pearson	0.55	ST13
S__IMGVR_UViG_3300027813_000042	S__IMGVR_UViG_3300046532_001046	10	-0.61563573243817	0.61563573243817	0.61563573243817	pearson_abs_threshold	pearson	0.55	ST13
S__GCF_013407165.1	S__IMGVR_UViG_3300046532_001046	10	-0.565566845843398	0.565566845843398	0.565566845843398	pearson_abs_threshold	pearson	0.55	ST13
S__IMGVR_UViG_3300027833_000046	S__IMGVR_UViG_3300046532_001046	10	-0.610873002600101	0.610873002600101	0.610873002600101	pearson_abs_threshold	pearson	0.55	ST13
S__IMGVR_UViG_3300025071_000006	S__IMGVR_UViG_3300046532_001046	10	-0.569193993590921	0.569193993590921	0.569193993590921	pearson_abs_threshold	pearson	0.55	ST13
S__GCA_905182775.1	S__IMGVR_UViG_3300046532_001046	10	-0.641195817531112	0.641195817531112	0.641195817531112	pearson_abs_threshold	pearson	0.55	ST13
S__TARA_ARC_NCLDV_00033	S__IMGVR_UViG_3300046532_001046	10	0.663327788322068	0.663327788322068	0.663327788322068	pearson_abs_threshold	pearson	0.55	ST13
S__GCA_905616395.1	S__IMGVR_UViG_3300046532_001046	10	0.631438701123299	0.631438701123299	0.631438701123299	pearson_abs_threshold	pearson	0.55	ST13
S__IMGVR_UViG_3300028198_000003	S__IMGVR_UViG_3300046532_001046	10	0.738454967647902	0.738454967647902	0.738454967647902	pearson_abs_threshold	pearson	0.55	ST13
S__GCA_015659595.1	S__IMGVR_UViG_3300046532_001046	10	0.85503105965539	0.85503105965539	0.85503105965539	pearson_abs_threshold	pearson	0.55	ST13
S__IMGVR_UViG_GVMAG-S-ERX556043-36_000001	S__IMGVR_UViG_3300046532_001046	10	0.724789264485191	0.724789264485191	0.724789264485191	pearson_abs_threshold	pearson	0.55	ST13
S__GCA_002082295.1	S__IMGVR_UViG_3300046532_001046	10	0.574472703162518	0.574472703162518	0.574472703162518	pearson_abs_threshold	pearson	0.55	ST13
S__IMGVR_UViG_3300025296_001443	S__IMGVR_UViG_3300046532_001046	10	0.689968259826726	0.689968259826726	0.689968259826726	pearson_abs_threshold	pearson	0.55	ST13
S__3300027779_22	S__IMGVR_UViG_3300046532_001046	10	0.715384781036435	0.715384781036435	0.715384781036435	pearson_abs_threshold	pearson	0.55	ST13
S__TARA_ARC_NCLDV_00176	S__IMGVR_UViG_3300046532_001046	10	0.682652628250511	0.682652628250511	0.682652628250511	pearson_abs_threshold	pearson	0.55	ST13
S__IMGVR_UViG_3300027861_000023	S__IMGVR_UViG_3300046532_001046	10	0.856012462588993	0.856012462588993	0.856012462588993	pearson_abs_threshold	pearson	0.55	ST13
S__Schulz_GVMAG_S_1102104_120	S__IMGVR_UViG_3300046532_001046	10	0.714403649726726	0.714403649726726	0.714403649726726	pearson_abs_threshold	pearson	0.55	ST13
S__3300001683_28	S__IMGVR_UViG_3300046532_001046	10	0.847754000036353	0.847754000036353	0.847754000036353	pearson_abs_threshold	pearson	0.55	ST13
S__GCA_018673385.1	S__IMGVR_UViG_3300046532_001046	10	0.671884933887205	0.671884933887205	0.671884933887205	pearson_abs_threshold	pearson	0.55	ST13
S__GCA_002313235.1	S__IMGVR_UViG_3300046532_001046	10	0.780039243765216	0.780039243765216	0.780039243765216	pearson_abs_threshold	pearson	0.55	ST13
S__GCA_000213395.2	S__IMGVR_UViG_3300046532_001046	10	0.838041674619737	0.838041674619737	0.838041674619737	pearson_abs_threshold	pearson	0.55	ST13
S__3300026087_14	S__IMGVR_UViG_3300046532_001046	10	0.998655259668475	0.998655259668475	0.998655259668475	pearson_abs_threshold	pearson	0.55	ST13
S__3300026253_8	S__IMGVR_UViG_3300046532_001046	10	0.66286813939773	0.66286813939773	0.66286813939773	pearson_abs_threshold	pearson	0.55	ST13
S__IMGVR_UViG_3300006310_000001	S__IMGVR_UViG_3300046532_001046	10	0.999556567182267	0.999556567182267	0.999556567182267	pearson_abs_threshold	pearson	0.55	ST13
S__IMGVR_UViG_3300027813_000042	S__TARA_SOC_28_MAG_00007	10	-0.612793983303077	0.612793983303077	0.612793983303077	pearson_abs_threshold	pearson	0.55	ST13
S__GCF_013407165.1	S__TARA_SOC_28_MAG_00007	10	-0.574107281234471	0.574107281234471	0.574107281234471	pearson_abs_threshold	pearson	0.55	ST13
S__IMGVR_UViG_3300027833_000046	S__TARA_SOC_28_MAG_00007	10	-0.60767623136554	0.60767623136554	0.60767623136554	pearson_abs_threshold	pearson	0.55	ST13
S__IMGVR_UViG_3300025071_000006	S__TARA_SOC_28_MAG_00007	10	-0.56558111914003	0.56558111914003	0.56558111914003	pearson_abs_threshold	pearson	0.55	ST13
S__GCA_905182775.1	S__TARA_SOC_28_MAG_00007	10	-0.637524427011466	0.637524427011466	0.637524427011466	pearson_abs_threshold	pearson	0.55	ST13
S__TARA_ARC_NCLDV_00033	S__TARA_SOC_28_MAG_00007	10	0.664432361326618	0.664432361326618	0.664432361326618	pearson_abs_threshold	pearson	0.55	ST13
S__GCA_905616395.1	S__TARA_SOC_28_MAG_00007	10	0.617209707533442	0.617209707533442	0.617209707533442	pearson_abs_threshold	pearson	0.55	ST13
S__IMGVR_UViG_3300028198_000003	S__TARA_SOC_28_MAG_00007	10	0.736645385868697	0.736645385868697	0.736645385868697	pearson_abs_threshold	pearson	0.55	ST13
S__GCA_015659595.1	S__TARA_SOC_28_MAG_00007	10	0.851584031972983	0.851584031972983	0.851584031972983	pearson_abs_threshold	pearson	0.55	ST13
S__IMGVR_UViG_GVMAG-S-ERX556043-36_000001	S__TARA_SOC_28_MAG_00007	10	0.723944570197308	0.723944570197308	0.723944570197308	pearson_abs_threshold	pearson	0.55	ST13
S__GCA_002082295.1	S__TARA_SOC_28_MAG_00007	10	0.558733599853578	0.558733599853578	0.558733599853578	pearson_abs_threshold	pearson	0.55	ST13
S__IMGVR_UViG_3300025296_001443	S__TARA_SOC_28_MAG_00007	10	0.68751910629807	0.68751910629807	0.68751910629807	pearson_abs_threshold	pearson	0.55	ST13
S__3300027779_22	S__TARA_SOC_28_MAG_00007	10	0.714456094183478	0.714456094183478	0.714456094183478	pearson_abs_threshold	pearson	0.55	ST13
S__TARA_ARC_NCLDV_00176	S__TARA_SOC_28_MAG_00007	10	0.680800690859759	0.680800690859759	0.680800690859759	pearson_abs_threshold	pearson	0.55	ST13
S__IMGVR_UViG_3300027861_000023	S__TARA_SOC_28_MAG_00007	10	0.857393471607288	0.857393471607288	0.857393471607288	pearson_abs_threshold	pearson	0.55	ST13
S__Schulz_GVMAG_S_1102104_120	S__TARA_SOC_28_MAG_00007	10	0.714895769832595	0.714895769832595	0.714895769832595	pearson_abs_threshold	pearson	0.55	ST13
S__3300001683_28	S__TARA_SOC_28_MAG_00007	10	0.846653394250468	0.846653394250468	0.846653394250468	pearson_abs_threshold	pearson	0.55	ST13
S__GCA_018673385.1	S__TARA_SOC_28_MAG_00007	10	0.67140407055823	0.67140407055823	0.67140407055823	pearson_abs_threshold	pearson	0.55	ST13
S__GCA_002313235.1	S__TARA_SOC_28_MAG_00007	10	0.781392768331951	0.781392768331951	0.781392768331951	pearson_abs_threshold	pearson	0.55	ST13
S__GCA_000213395.2	S__TARA_SOC_28_MAG_00007	10	0.837324704441466	0.837324704441466	0.837324704441466	pearson_abs_threshold	pearson	0.55	ST13
S__3300026087_14	S__TARA_SOC_28_MAG_00007	10	0.997979952049849	0.997979952049849	0.997979952049849	pearson_abs_threshold	pearson	0.55	ST13
S__3300026253_8	S__TARA_SOC_28_MAG_00007	10	0.662019441579507	0.662019441579507	0.662019441579507	pearson_abs_threshold	pearson	0.55	ST13
S__IMGVR_UViG_3300006310_000001	S__TARA_SOC_28_MAG_00007	10	0.999279022245842	0.999279022245842	0.999279022245842	pearson_abs_threshold	pearson	0.55	ST13
S__IMGVR_UViG_3300046532_001046	S__TARA_SOC_28_MAG_00007	10	0.998810998128676	0.998810998128676	0.998810998128676	pearson_abs_threshold	pearson	0.55	ST13
S__GCA_016777225.1	S__IMGVR_UViG_3300023238_000017	10	-0.550076106453526	0.550076106453526	0.550076106453526	pearson_abs_threshold	pearson	0.55	ST13
S__GCA_905616395.1	S__IMGVR_UViG_3300023238_000017	10	0.767367765775768	0.767367765775768	0.767367765775768	pearson_abs_threshold	pearson	0.55	ST13
S__IMGVR_UViG_3300028198_000003	S__IMGVR_UViG_3300023238_000017	10	0.59874278522065	0.59874278522065	0.59874278522065	pearson_abs_threshold	pearson	0.55	ST13
S__GCA_015659595.1	S__IMGVR_UViG_3300023238_000017	10	0.724903253314399	0.724903253314399	0.724903253314399	pearson_abs_threshold	pearson	0.55	ST13
S__IMGVR_UViG_GVMAG-S-ERX556043-36_000001	S__IMGVR_UViG_3300023238_000017	10	0.584400463206368	0.584400463206368	0.584400463206368	pearson_abs_threshold	pearson	0.55	ST13
S__GCA_002082295.1	S__IMGVR_UViG_3300023238_000017	10	0.722095087814148	0.722095087814148	0.722095087814148	pearson_abs_threshold	pearson	0.55	ST13
S__3300027779_22	S__IMGVR_UViG_3300023238_000017	10	0.567212259132209	0.567212259132209	0.567212259132209	pearson_abs_threshold	pearson	0.55	ST13
S__IMGVR_UViG_3300027861_000023	S__IMGVR_UViG_3300023238_000017	10	0.697520594504266	0.697520594504266	0.697520594504266	pearson_abs_threshold	pearson	0.55	ST13
S__Schulz_GVMAG_S_1102104_120	S__IMGVR_UViG_3300023238_000017	10	0.552539342689706	0.552539342689706	0.552539342689706	pearson_abs_threshold	pearson	0.55	ST13
S__3300001683_28	S__IMGVR_UViG_3300023238_000017	10	0.694178484097385	0.694178484097385	0.694178484097385	pearson_abs_threshold	pearson	0.55	ST13
S__GCA_002313235.1	S__IMGVR_UViG_3300023238_000017	10	0.629273917708317	0.629273917708317	0.629273917708317	pearson_abs_threshold	pearson	0.55	ST13
S__GCA_905620445.1	S__IMGVR_UViG_3300023238_000017	10	0.640493603649953	0.640493603649953	0.640493603649953	pearson_abs_threshold	pearson	0.55	ST13
S__GCA_000213395.2	S__IMGVR_UViG_3300023238_000017	10	0.664628254300955	0.664628254300955	0.664628254300955	pearson_abs_threshold	pearson	0.55	ST13
S__3300026087_14	S__IMGVR_UViG_3300023238_000017	10	0.818328556123958	0.818328556123958	0.818328556123958	pearson_abs_threshold	pearson	0.55	ST13
S__IMGVR_UViG_3300020185_000065	S__IMGVR_UViG_3300023238_000017	10	0.628063659226053	0.628063659226053	0.628063659226053	pearson_abs_threshold	pearson	0.55	ST13
S__IMGVR_UViG_3300006310_000001	S__IMGVR_UViG_3300023238_000017	10	0.826770636740449	0.826770636740449	0.826770636740449	pearson_abs_threshold	pearson	0.55	ST13
S__IMGVR_UViG_3300046532_001046	S__IMGVR_UViG_3300023238_000017	10	0.830065783392907	0.830065783392907	0.830065783392907	pearson_abs_threshold	pearson	0.55	ST13
S__TARA_SOC_28_MAG_00007	S__IMGVR_UViG_3300023238_000017	10	0.810230471287168	0.810230471287168	0.810230471287168	pearson_abs_threshold	pearson	0.55	ST13
S__GCA_905616395.1	S__IMGVR_UViG_3300021087_000038	10	0.768794047786452	0.768794047786452	0.768794047786452	pearson_abs_threshold	pearson	0.55	ST13
S__IMGVR_UViG_3300028198_000003	S__IMGVR_UViG_3300021087_000038	10	0.596498626541727	0.596498626541727	0.596498626541727	pearson_abs_threshold	pearson	0.55	ST13
S__GCA_015659595.1	S__IMGVR_UViG_3300021087_000038	10	0.722710143073522	0.722710143073522	0.722710143073522	pearson_abs_threshold	pearson	0.55	ST13
S__IMGVR_UViG_GVMAG-S-ERX556043-36_000001	S__IMGVR_UViG_3300021087_000038	10	0.582492166072402	0.582492166072402	0.582492166072402	pearson_abs_threshold	pearson	0.55	ST13
S__GCA_002082295.1	S__IMGVR_UViG_3300021087_000038	10	0.722194579325815	0.722194579325815	0.722194579325815	pearson_abs_threshold	pearson	0.55	ST13
S__3300027779_22	S__IMGVR_UViG_3300021087_000038	10	0.564459366639825	0.564459366639825	0.564459366639825	pearson_abs_threshold	pearson	0.55	ST13
S__IMGVR_UViG_3300027861_000023	S__IMGVR_UViG_3300021087_000038	10	0.697293851815388	0.697293851815388	0.697293851815388	pearson_abs_threshold	pearson	0.55	ST13
S__3300001683_28	S__IMGVR_UViG_3300021087_000038	10	0.692094432502355	0.692094432502355	0.692094432502355	pearson_abs_threshold	pearson	0.55	ST13
S__GCA_002313235.1	S__IMGVR_UViG_3300021087_000038	10	0.628259860854422	0.628259860854422	0.628259860854422	pearson_abs_threshold	pearson	0.55	ST13
S__GCA_905620445.1	S__IMGVR_UViG_3300021087_000038	10	0.642936728500864	0.642936728500864	0.642936728500864	pearson_abs_threshold	pearson	0.55	ST13
S__GCA_000213395.2	S__IMGVR_UViG_3300021087_000038	10	0.661589906187113	0.661589906187113	0.661589906187113	pearson_abs_threshold	pearson	0.55	ST13
S__3300026087_14	S__IMGVR_UViG_3300021087_000038	10	0.816650884463902	0.816650884463902	0.816650884463902	pearson_abs_threshold	pearson	0.55	ST13
S__IMGVR_UViG_3300020185_000065	S__IMGVR_UViG_3300021087_000038	10	0.628147522533693	0.628147522533693	0.628147522533693	pearson_abs_threshold	pearson	0.55	ST13
S__IMGVR_UViG_3300006310_000001	S__IMGVR_UViG_3300021087_000038	10	0.825728816805721	0.825728816805721	0.825728816805721	pearson_abs_threshold	pearson	0.55	ST13
S__IMGVR_UViG_3300046532_001046	S__IMGVR_UViG_3300021087_000038	10	0.828821079182614	0.828821079182614	0.828821079182614	pearson_abs_threshold	pearson	0.55	ST13
S__TARA_SOC_28_MAG_00007	S__IMGVR_UViG_3300021087_000038	10	0.809363891505234	0.809363891505234	0.809363891505234	pearson_abs_threshold	pearson	0.55	ST13
S__IMGVR_UViG_3300023238_000017	S__IMGVR_UViG_3300021087_000038	10	0.999869661465674	0.999869661465674	0.999869661465674	pearson_abs_threshold	pearson	0.55	ST13
S__TARA_ARC_NCLDV_00188	S__GCA_002335045.1	10	-0.565556652557485	0.565556652557485	0.565556652557485	pearson_abs_threshold	pearson	0.55	ST13
S__GCA_905616395.1	S__GCA_002335045.1	10	0.631155874915102	0.631155874915102	0.631155874915102	pearson_abs_threshold	pearson	0.55	ST13
S__GCA_002082295.1	S__GCA_002335045.1	10	0.572259041096497	0.572259041096497	0.572259041096497	pearson_abs_threshold	pearson	0.55	ST13
S__IMGVR_UViG_3300025296_001443	S__GCA_002335045.1	10	0.697180075036497	0.697180075036497	0.697180075036497	pearson_abs_threshold	pearson	0.55	ST13
S__TARA_ARC_NCLDV_00176	S__GCA_002335045.1	10	0.700038902283464	0.700038902283464	0.700038902283464	pearson_abs_threshold	pearson	0.55	ST13
S__GCA_905620445.1	S__GCA_002335045.1	10	0.840320472708685	0.840320472708685	0.840320472708685	pearson_abs_threshold	pearson	0.55	ST13
S__3300026087_14	S__GCA_002335045.1	10	0.605593175823682	0.605593175823682	0.605593175823682	pearson_abs_threshold	pearson	0.55	ST13
S__GCA_004356895.1	S__GCA_002335045.1	10	0.64282246821162	0.64282246821162	0.64282246821162	pearson_abs_threshold	pearson	0.55	ST13
S__IMGVR_UViG_3300006310_000001	S__GCA_002335045.1	10	0.62236351283326	0.62236351283326	0.62236351283326	pearson_abs_threshold	pearson	0.55	ST13
S__IMGVR_UViG_3300046532_001046	S__GCA_002335045.1	10	0.625918800678819	0.625918800678819	0.625918800678819	pearson_abs_threshold	pearson	0.55	ST13
S__TARA_SOC_28_MAG_00007	S__GCA_002335045.1	10	0.603029873919097	0.603029873919097	0.603029873919097	pearson_abs_threshold	pearson	0.55	ST13
S__IMGVR_UViG_3300023238_000017	S__GCA_002335045.1	10	0.776795121658961	0.776795121658961	0.776795121658961	pearson_abs_threshold	pearson	0.55	ST13
S__IMGVR_UViG_3300021087_000038	S__GCA_002335045.1	10	0.779954809490237	0.779954809490237	0.779954809490237	pearson_abs_threshold	pearson	0.55	ST13
S__IMGVR_UViG_3300049783_000307	S__GCA_012974305.1	10	0.559654695134012	0.559654695134012	0.559654695134012	pearson_abs_threshold	pearson	0.55	ST13
S__3300024058_12	S__GCA_012974305.1	10	0.656592857280669	0.656592857280669	0.656592857280669	pearson_abs_threshold	pearson	0.55	ST13
S__3300020263_16	S__GCA_012974305.1	10	-0.669705717861566	0.669705717861566	0.669705717861566	pearson_abs_threshold	pearson	0.55	ST13
S__GCA_905181595.1	S__GCA_012974305.1	10	-0.596273706372138	0.596273706372138	0.596273706372138	pearson_abs_threshold	pearson	0.55	ST13
S__GCA_014384505.1	S__GCA_012974305.1	10	-0.615984534435731	0.615984534435731	0.615984534435731	pearson_abs_threshold	pearson	0.55	ST13
S__3300027752_17	S__GCA_012974305.1	10	-0.581137836480021	0.581137836480021	0.581137836480021	pearson_abs_threshold	pearson	0.55	ST13
S__GCA_905182235.1	S__GCA_012974305.1	10	-0.591717155709837	0.591717155709837	0.591717155709837	pearson_abs_threshold	pearson	0.55	ST13
S__3300024060_27	S__GCA_012974305.1	10	0.562626706013929	0.562626706013929	0.562626706013929	pearson_abs_threshold	pearson	0.55	ST13
S__GCA_017368835.1	S__GCA_012974305.1	10	0.644676597186964	0.644676597186964	0.644676597186964	pearson_abs_threshold	pearson	0.55	ST13
S__TARA_ARC_108_MAG_00099	S__GCA_012974305.1	10	-0.555895892565165	0.555895892565165	0.555895892565165	pearson_abs_threshold	pearson	0.55	ST13
S__GCA_905612305.1	S__GCA_012974305.1	10	-0.588816733318113	0.588816733318113	0.588816733318113	pearson_abs_threshold	pearson	0.55	ST13
S__GCA_002295725.1	S__GCA_012974305.1	10	0.552996987164365	0.552996987164365	0.552996987164365	pearson_abs_threshold	pearson	0.55	ST13
S__TARA_ARC_NCLDV_00036	S__GCA_012974305.1	10	0.624816118390652	0.624816118390652	0.624816118390652	pearson_abs_threshold	pearson	0.55	ST13
S__GCA_003229345.1	S__GCA_012974305.1	10	0.84536664868909	0.84536664868909	0.84536664868909	pearson_abs_threshold	pearson	0.55	ST13
S__GCA_016777365.1	S__GCA_012974305.1	10	0.621353898035218	0.621353898035218	0.621353898035218	pearson_abs_threshold	pearson	0.55	ST13
S__GCA_016838845.1	S__GCA_012974305.1	10	0.601828065620225	0.601828065620225	0.601828065620225	pearson_abs_threshold	pearson	0.55	ST13
S__GCF_014279835.1	S__GCA_012974305.1	10	0.576185626405958	0.576185626405958	0.576185626405958	pearson_abs_threshold	pearson	0.55	ST13
S__GCA_905182435.1	S__GCA_012974305.1	10	0.782482976404051	0.782482976404051	0.782482976404051	pearson_abs_threshold	pearson	0.55	ST13
