threshold	method	site	taxon	sites_present	assignment_entropy	consensus_module	module_prob_1	module_prob_2	module_prob_3	module_prob_4	module_prob_5	module_prob_6	module_prob_7	module_prob_8	module_prob_9	module_prob_10	module_prob_11	module_prob_12	module_prob_13
prev_10	spearman	ST8	S__3300001683_28	4	-0.0	M5	0.0	0.0	0.0	0.0	1.0	0.0	0.0	0.0	0.0	0.0	0.0	0.0	0.0
prev_10	spearman	ST8	S__3300006311_3	4	-0.0	M5	0.0	0.0	0.0	0.0	1.0	0.0	0.0	0.0	0.0	0.0	0.0	0.0	0.0
prev_10	spearman	ST8	S__3300020187_18	4	-0.0	M5	0.0	0.0	0.0	0.0	1.0	0.0	0.0	0.0	0.0	0.0	0.0	0.0	0.0
prev_10	spearman	ST8	S__3300020263_16	4	-0.0	M5	0.0	0.0	0.0	0.0	1.0	0.0	0.0	0.0	0.0	0.0	0.0	0.0	0.0
prev_10	spearman	ST8	S__3300020300_16	4	-0.0	M5	0.0	0.0	0.0	0.0	1.0	0.0	0.0	0.0	0.0	0.0	0.0	0.0	0.0
prev_10	spearman	ST8	S__3300020317_19	2	-0.0	M5	0.0	0.0	0.0	0.0	1.0	0.0	0.0	0.0	0.0	0.0	0.0	0.0	0.0
prev_10	spearman	ST8	S__3300020330_9	4	-0.0	M5	0.0	0.0	0.0	0.0	1.0	0.0	0.0	0.0	0.0	0.0	0.0	0.0	0.0
prev_10	spearman	ST8	S__3300024058_12	4	-0.0	M5	0.0	0.0	0.0	0.0	1.0	0.0	0.0	0.0	0.0	0.0	0.0	0.0	0.0
prev_10	spearman	ST8	S__3300024058_22	4	-0.0	M5	0.0	0.0	0.0	0.0	1.0	0.0	0.0	0.0	0.0	0.0	0.0	0.0	0.0
prev_10	spearman	ST8	S__3300024060_27	4	-0.0	M5	0.0	0.0	0.0	0.0	1.0	0.0	0.0	0.0	0.0	0.0	0.0	0.0	0.0
prev_10	spearman	ST8	S__3300024431_33	4	-0.0	M5	0.0	0.0	0.0	0.0	1.0	0.0	0.0	0.0	0.0	0.0	0.0	0.0	0.0
prev_10	spearman	ST8	S__3300024516_13	4	-0.0	M5	0.0	0.0	0.0	0.0	1.0	0.0	0.0	0.0	0.0	0.0	0.0	0.0	0.0
prev_10	spearman	ST8	S__3300024516_18	4	-0.0	M5	0.0	0.0	0.0	0.0	1.0	0.0	0.0	0.0	0.0	0.0	0.0	0.0	0.0
prev_10	spearman	ST8	S__3300024516_26	4	-0.0	M5	0.0	0.0	0.0	0.0	1.0	0.0	0.0	0.0	0.0	0.0	0.0	0.0	0.0
prev_10	spearman	ST8	S__3300024516_38	4	2.563873529434204	M5	0.07436148822307587	0.08071974664926529	0.07436148822307587	0.07436148822307587	0.07436148822307587	0.07436148822307587	0.07436148822307587	0.08248274773359299	0.08457436412572861	0.0803193747997284	0.07436148822307587	0.07436148822307587	0.07701189070940018
prev_10	spearman	ST8	S__3300025276_12	3	-0.0	M5	0.0	0.0	0.0	0.0	1.0	0.0	0.0	0.0	0.0	0.0	0.0	0.0	0.0
prev_10	spearman	ST8	S__3300025894_53	3	-0.0	M5	0.0	0.0	0.0	0.0	1.0	0.0	0.0	0.0	0.0	0.0	0.0	0.0	0.0
prev_10	spearman	ST8	S__3300026080_15	3	-0.0	M5	0.0	0.0	0.0	0.0	1.0	0.0	0.0	0.0	0.0	0.0	0.0	0.0	0.0
prev_10	spearman	ST8	S__3300026087_14	4	-0.0	M5	0.0	0.0	0.0	0.0	1.0	0.0	0.0	0.0	0.0	0.0	0.0	0.0	0.0
prev_10	spearman	ST8	S__3300026253_28	4	-0.0	M5	0.0	0.0	0.0	0.0	1.0	0.0	0.0	0.0	0.0	0.0	0.0	0.0	0.0
prev_10	spearman	ST8	S__3300026253_8	3	-0.0	M5	0.0	0.0	0.0	0.0	1.0	0.0	0.0	0.0	0.0	0.0	0.0	0.0	0.0
prev_10	spearman	ST8	S__3300026264_29	3	-0.0	M5	0.0	0.0	0.0	0.0	1.0	0.0	0.0	0.0	0.0	0.0	0.0	0.0	0.0
prev_10	spearman	ST8	S__3300026264_34	4	2.563873529434204	M9	0.07436148822307587	0.08071974664926529	0.07436148822307587	0.07436148822307587	0.07436148822307587	0.07436148822307587	0.07436148822307587	0.08248274773359299	0.08457436412572861	0.0803193747997284	0.07436148822307587	0.07436148822307587	0.07701189070940018
prev_10	spearman	ST8	S__3300027687_20	4	-0.0	M5	0.0	0.0	0.0	0.0	1.0	0.0	0.0	0.0	0.0	0.0	0.0	0.0	0.0
prev_10	spearman	ST8	S__3300027752_17	4	-0.0	M5	0.0	0.0	0.0	0.0	1.0	0.0	0.0	0.0	0.0	0.0	0.0	0.0	0.0
prev_10	spearman	ST8	S__3300027771_26	4	-0.0	M5	0.0	0.0	0.0	0.0	1.0	0.0	0.0	0.0	0.0	0.0	0.0	0.0	0.0
prev_10	spearman	ST8	S__3300027779_22	4	-0.0	M5	0.0	0.0	0.0	0.0	1.0	0.0	0.0	0.0	0.0	0.0	0.0	0.0	0.0
prev_10	spearman	ST8	S__3300027791_27	4	-0.0	M5	0.0	0.0	0.0	0.0	1.0	0.0	0.0	0.0	0.0	0.0	0.0	0.0	0.0
prev_10	spearman	ST8	S__3300027827_16	4	-0.0	M5	0.0	0.0	0.0	0.0	1.0	0.0	0.0	0.0	0.0	0.0	0.0	0.0	0.0
prev_10	spearman	ST8	S__3300027844_79	4	-0.0	M5	0.0	0.0	0.0	0.0	1.0	0.0	0.0	0.0	0.0	0.0	0.0	0.0	0.0
prev_10	spearman	ST8	S__3300027847_80	4	2.563873529434204	M5	0.07436148822307587	0.08071974664926529	0.07436148822307587	0.07436148822307587	0.07436148822307587	0.07436148822307587	0.07436148822307587	0.08248274773359299	0.08457436412572861	0.0803193747997284	0.07436148822307587	0.07436148822307587	0.07701189070940018
prev_10	spearman	ST8	S__3300027997_10	4	-0.0	M5	0.0	0.0	0.0	0.0	1.0	0.0	0.0	0.0	0.0	0.0	0.0	0.0	0.0
prev_10	spearman	ST8	S__GCA_000213395.2	4	-0.0	M5	0.0	0.0	0.0	0.0	1.0	0.0	0.0	0.0	0.0	0.0	0.0	0.0	0.0
prev_10	spearman	ST8	S__GCA_000383355.1	3	-0.0	M5	0.0	0.0	0.0	0.0	1.0	0.0	0.0	0.0	0.0	0.0	0.0	0.0	0.0
prev_10	spearman	ST8	S__GCA_000402075.1	4	-0.0	M5	0.0	0.0	0.0	0.0	1.0	0.0	0.0	0.0	0.0	0.0	0.0	0.0	0.0
prev_10	spearman	ST8	S__GCA_001437625.1	4	-0.0	M5	0.0	0.0	0.0	0.0	1.0	0.0	0.0	0.0	0.0	0.0	0.0	0.0	0.0
prev_10	spearman	ST8	S__GCA_001542995.1	4	-0.0	M5	0.0	0.0	0.0	0.0	1.0	0.0	0.0	0.0	0.0	0.0	0.0	0.0	0.0
prev_10	spearman	ST8	S__GCA_001543015.1	4	2.563873529434204	M5	0.07436148822307587	0.08071974664926529	0.07436148822307587	0.07436148822307587	0.07436148822307587	0.07436148822307587	0.07436148822307587	0.08248274773359299	0.08457436412572861	0.0803193747997284	0.07436148822307587	0.07436148822307587	0.07701189070940018
prev_10	spearman	ST8	S__GCA_002082295.1	3	-0.0	M5	0.0	0.0	0.0	0.0	1.0	0.0	0.0	0.0	0.0	0.0	0.0	0.0	0.0
prev_10	spearman	ST8	S__GCA_002295725.1	4	-0.0	M5	0.0	0.0	0.0	0.0	1.0	0.0	0.0	0.0	0.0	0.0	0.0	0.0	0.0
prev_10	spearman	ST8	S__GCA_002313235.1	4	-0.0	M5	0.0	0.0	0.0	0.0	1.0	0.0	0.0	0.0	0.0	0.0	0.0	0.0	0.0
prev_10	spearman	ST8	S__GCA_002317795.1	4	-0.0	M5	0.0	0.0	0.0	0.0	1.0	0.0	0.0	0.0	0.0	0.0	0.0	0.0	0.0
prev_10	spearman	ST8	S__GCA_002335045.1	3	-0.0	M5	0.0	0.0	0.0	0.0	1.0	0.0	0.0	0.0	0.0	0.0	0.0	0.0	0.0
prev_10	spearman	ST8	S__GCA_002499015.1	4	-0.0	M5	0.0	0.0	0.0	0.0	1.0	0.0	0.0	0.0	0.0	0.0	0.0	0.0	0.0
prev_10	spearman	ST8	S__GCA_003229345.1	4	-0.0	M5	0.0	0.0	0.0	0.0	1.0	0.0	0.0	0.0	0.0	0.0	0.0	0.0	0.0
prev_10	spearman	ST8	S__GCA_003331785.1	4	-0.0	M5	0.0	0.0	0.0	0.0	1.0	0.0	0.0	0.0	0.0	0.0	0.0	0.0	0.0
prev_10	spearman	ST8	S__GCA_003526595.1	4	-0.0	M5	0.0	0.0	0.0	0.0	1.0	0.0	0.0	0.0	0.0	0.0	0.0	0.0	0.0
prev_10	spearman	ST8	S__GCA_003545625.1	4	-0.0	M5	0.0	0.0	0.0	0.0	1.0	0.0	0.0	0.0	0.0	0.0	0.0	0.0	0.0
prev_10	spearman	ST8	S__GCA_003672175.1	4	-0.0	M5	0.0	0.0	0.0	0.0	1.0	0.0	0.0	0.0	0.0	0.0	0.0	0.0	0.0
prev_10	spearman	ST8	S__GCA_004195625.1	4	2.563873529434204	M5	0.07436148822307587	0.08071974664926529	0.07436148822307587	0.07436148822307587	0.07436148822307587	0.07436148822307587	0.07436148822307587	0.08248274773359299	0.08457436412572861	0.0803193747997284	0.07436148822307587	0.07436148822307587	0.07701189070940018
prev_10	spearman	ST8	S__GCA_004356455.1	4	-0.0	M5	0.0	0.0	0.0	0.0	1.0	0.0	0.0	0.0	0.0	0.0	0.0	0.0	0.0
prev_10	spearman	ST8	S__GCA_004356825.1	4	-0.0	M5	0.0	0.0	0.0	0.0	1.0	0.0	0.0	0.0	0.0	0.0	0.0	0.0	0.0
prev_10	spearman	ST8	S__GCA_004356895.1	4	-0.0	M5	0.0	0.0	0.0	0.0	1.0	0.0	0.0	0.0	0.0	0.0	0.0	0.0	0.0
prev_10	spearman	ST8	S__GCA_008974855.1	4	-0.0	M5	0.0	0.0	0.0	0.0	1.0	0.0	0.0	0.0	0.0	0.0	0.0	0.0	0.0
prev_10	spearman	ST8	S__GCA_008975185.1	4	-0.0	M5	0.0	0.0	0.0	0.0	1.0	0.0	0.0	0.0	0.0	0.0	0.0	0.0	0.0
prev_10	spearman	ST8	S__GCA_009392475.1	4	-0.0	M5	0.0	0.0	0.0	0.0	1.0	0.0	0.0	0.0	0.0	0.0	0.0	0.0	0.0
prev_10	spearman	ST8	S__GCA_009937205.1	4	-0.0	M5	0.0	0.0	0.0	0.0	1.0	0.0	0.0	0.0	0.0	0.0	0.0	0.0	0.0
prev_10	spearman	ST8	S__GCA_011055585.1	4	2.563873529434204	M5	0.07436148822307587	0.08071974664926529	0.07436148822307587	0.07436148822307587	0.07436148822307587	0.07436148822307587	0.07436148822307587	0.08248274773359299	0.08457436412572861	0.0803193747997284	0.07436148822307587	0.07436148822307587	0.07701189070940018
prev_10	spearman	ST8	S__GCA_012960805.1	4	-0.0	M5	0.0	0.0	0.0	0.0	1.0	0.0	0.0	0.0	0.0	0.0	0.0	0.0	0.0
prev_10	spearman	ST8	S__GCA_012964335.1	4	-0.0	M5	0.0	0.0	0.0	0.0	1.0	0.0	0.0	0.0	0.0	0.0	0.0	0.0	0.0
prev_10	spearman	ST8	S__GCA_012964845.1	3	-0.0	M5	0.0	0.0	0.0	0.0	1.0	0.0	0.0	0.0	0.0	0.0	0.0	0.0	0.0
prev_10	spearman	ST8	S__GCA_012974305.1	3	-0.0	M5	0.0	0.0	0.0	0.0	1.0	0.0	0.0	0.0	0.0	0.0	0.0	0.0	0.0
prev_10	spearman	ST8	S__GCA_012974425.1	3	-0.0	M5	0.0	0.0	0.0	0.0	1.0	0.0	0.0	0.0	0.0	0.0	0.0	0.0	0.0
prev_10	spearman	ST8	S__GCA_013203245.1	2	-0.0	M5	0.0	0.0	0.0	0.0	1.0	0.0	0.0	0.0	0.0	0.0	0.0	0.0	0.0
prev_10	spearman	ST8	S__GCA_013215285.1	4	2.563873529434204	M5	0.07436148822307587	0.08071974664926529	0.07436148822307587	0.07436148822307587	0.07436148822307587	0.07436148822307587	0.07436148822307587	0.08248274773359299	0.08457436412572861	0.0803193747997284	0.07436148822307587	0.07436148822307587	0.07701189070940018
prev_10	spearman	ST8	S__GCA_013390475.1	4	2.563873529434204	M5	0.07436148822307587	0.08071974664926529	0.07436148822307587	0.07436148822307587	0.07436148822307587	0.07436148822307587	0.07436148822307587	0.08248274773359299	0.08457436412572861	0.0803193747997284	0.07436148822307587	0.07436148822307587	0.07701189070940018
prev_10	spearman	ST8	S__GCA_013911135.1	4	-0.0	M5	0.0	0.0	0.0	0.0	1.0	0.0	0.0	0.0	0.0	0.0	0.0	0.0	0.0
prev_10	spearman	ST8	S__GCA_014384505.1	4	-0.0	M5	0.0	0.0	0.0	0.0	1.0	0.0	0.0	0.0	0.0	0.0	0.0	0.0	0.0
prev_10	spearman	ST8	S__GCA_015659035.1	4	-0.0	M5	0.0	0.0	0.0	0.0	1.0	0.0	0.0	0.0	0.0	0.0	0.0	0.0	0.0
prev_10	spearman	ST8	S__GCA_015659595.1	4	-0.0	M5	0.0	0.0	0.0	0.0	1.0	0.0	0.0	0.0	0.0	0.0	0.0	0.0	0.0
prev_10	spearman	ST8	S__GCA_016276965.1	4	2.563873529434204	M5	0.07436148822307587	0.08071974664926529	0.07436148822307587	0.07436148822307587	0.07436148822307587	0.07436148822307587	0.07436148822307587	0.08248274773359299	0.08457436412572861	0.0803193747997284	0.07436148822307587	0.07436148822307587	0.07701189070940018
prev_10	spearman	ST8	S__GCA_016777225.1	4	-0.0	M5	0.0	0.0	0.0	0.0	1.0	0.0	0.0	0.0	0.0	0.0	0.0	0.0	0.0
prev_10	spearman	ST8	S__GCA_016777365.1	2	-0.0	M5	0.0	0.0	0.0	0.0	1.0	0.0	0.0	0.0	0.0	0.0	0.0	0.0	0.0
prev_10	spearman	ST8	S__GCA_016838795.1	4	-0.0	M5	0.0	0.0	0.0	0.0	1.0	0.0	0.0	0.0	0.0	0.0	0.0	0.0	0.0
prev_10	spearman	ST8	S__GCA_016838825.1	4	-0.0	M5	0.0	0.0	0.0	0.0	1.0	0.0	0.0	0.0	0.0	0.0	0.0	0.0	0.0
prev_10	spearman	ST8	S__GCA_016838845.1	4	2.563873529434204	M5	0.07436148822307587	0.08071974664926529	0.07436148822307587	0.07436148822307587	0.07436148822307587	0.07436148822307587	0.07436148822307587	0.08248274773359299	0.08457436412572861	0.0803193747997284	0.07436148822307587	0.07436148822307587	0.07701189070940018
prev_10	spearman	ST8	S__GCA_017368835.1	3	-0.0	M5	0.0	0.0	0.0	0.0	1.0	0.0	0.0	0.0	0.0	0.0	0.0	0.0	0.0
prev_10	spearman	ST8	S__GCA_017854145.1	4	-0.0	M5	0.0	0.0	0.0	0.0	1.0	0.0	0.0	0.0	0.0	0.0	0.0	0.0	0.0
prev_10	spearman	ST8	S__GCA_018673385.1	2	-0.0	M5	0.0	0.0	0.0	0.0	1.0	0.0	0.0	0.0	0.0	0.0	0.0	0.0	0.0
prev_10	spearman	ST8	S__GCA_902512375.1	4	-0.0	M5	0.0	0.0	0.0	0.0	1.0	0.0	0.0	0.0	0.0	0.0	0.0	0.0	0.0
prev_10	spearman	ST8	S__GCA_902514095.1	3	-0.0	M5	0.0	0.0	0.0	0.0	1.0	0.0	0.0	0.0	0.0	0.0	0.0	0.0	0.0
prev_10	spearman	ST8	S__GCA_905181585.1	3	-0.0	M5	0.0	0.0	0.0	0.0	1.0	0.0	0.0	0.0	0.0	0.0	0.0	0.0	0.0
prev_10	spearman	ST8	S__GCA_905181595.1	4	-0.0	M5	0.0	0.0	0.0	0.0	1.0	0.0	0.0	0.0	0.0	0.0	0.0	0.0	0.0
prev_10	spearman	ST8	S__GCA_905181765.1	3	-0.0	M5	0.0	0.0	0.0	0.0	1.0	0.0	0.0	0.0	0.0	0.0	0.0	0.0	0.0
prev_10	spearman	ST8	S__GCA_905182065.1	2	-0.0	M5	0.0	0.0	0.0	0.0	1.0	0.0	0.0	0.0	0.0	0.0	0.0	0.0	0.0
prev_10	spearman	ST8	S__GCA_905182235.1	4	-0.0	M5	0.0	0.0	0.0	0.0	1.0	0.0	0.0	0.0	0.0	0.0	0.0	0.0	0.0
prev_10	spearman	ST8	S__GCA_905182435.1	2	-0.0	M5	0.0	0.0	0.0	0.0	1.0	0.0	0.0	0.0	0.0	0.0	0.0	0.0	0.0
prev_10	spearman	ST8	S__GCA_905182465.1	4	-0.0	M5	0.0	0.0	0.0	0.0	1.0	0.0	0.0	0.0	0.0	0.0	0.0	0.0	0.0
prev_10	spearman	ST8	S__GCA_905182765.1	2	-0.0	M5	0.0	0.0	0.0	0.0	1.0	0.0	0.0	0.0	0.0	0.0	0.0	0.0	0.0
prev_10	spearman	ST8	S__GCA_905182775.1	4	-0.0	M5	0.0	0.0	0.0	0.0	1.0	0.0	0.0	0.0	0.0	0.0	0.0	0.0	0.0
prev_10	spearman	ST8	S__GCA_905182795.1	4	-0.0	M5	0.0	0.0	0.0	0.0	1.0	0.0	0.0	0.0	0.0	0.0	0.0	0.0	0.0
prev_10	spearman	ST8	S__GCA_905182815.1	4	-0.0	M5	0.0	0.0	0.0	0.0	1.0	0.0	0.0	0.0	0.0	0.0	0.0	0.0	0.0
prev_10	spearman	ST8	S__GCA_905182865.1	4	-0.0	M5	0.0	0.0	0.0	0.0	1.0	0.0	0.0	0.0	0.0	0.0	0.0	0.0	0.0
prev_10	spearman	ST8	S__GCA_905182885.1	4	-0.0	M5	0.0	0.0	0.0	0.0	1.0	0.0	0.0	0.0	0.0	0.0	0.0	0.0	0.0
prev_10	spearman	ST8	S__GCA_905478185.1	4	-0.0	M5	0.0	0.0	0.0	0.0	1.0	0.0	0.0	0.0	0.0	0.0	0.0	0.0	0.0
prev_10	spearman	ST8	S__GCA_905478445.1	3	-0.0	M5	0.0	0.0	0.0	0.0	1.0	0.0	0.0	0.0	0.0	0.0	0.0	0.0	0.0
prev_10	spearman	ST8	S__GCA_905478615.1	3	-0.0	M5	0.0	0.0	0.0	0.0	1.0	0.0	0.0	0.0	0.0	0.0	0.0	0.0	0.0
prev_10	spearman	ST8	S__GCA_905480095.1	4	-0.0	M5	0.0	0.0	0.0	0.0	1.0	0.0	0.0	0.0	0.0	0.0	0.0	0.0	0.0
prev_10	spearman	ST8	S__GCA_905480315.1	3	-0.0	M5	0.0	0.0	0.0	0.0	1.0	0.0	0.0	0.0	0.0	0.0	0.0	0.0	0.0
prev_10	spearman	ST8	S__GCA_905612275.1	4	-0.0	M5	0.0	0.0	0.0	0.0	1.0	0.0	0.0	0.0	0.0	0.0	0.0	0.0	0.0
prev_10	spearman	ST8	S__GCA_905612295.1	4	-0.0	M5	0.0	0.0	0.0	0.0	1.0	0.0	0.0	0.0	0.0	0.0	0.0	0.0	0.0
prev_10	spearman	ST8	S__GCA_905612305.1	4	-0.0	M5	0.0	0.0	0.0	0.0	1.0	0.0	0.0	0.0	0.0	0.0	0.0	0.0	0.0
prev_10	spearman	ST8	S__GCA_905612365.1	4	-0.0	M5	0.0	0.0	0.0	0.0	1.0	0.0	0.0	0.0	0.0	0.0	0.0	0.0	0.0
prev_10	spearman	ST8	S__GCA_905612455.1	4	2.563873529434204	M5	0.07436148822307587	0.08071974664926529	0.07436148822307587	0.07436148822307587	0.07436148822307587	0.07436148822307587	0.07436148822307587	0.08248274773359299	0.08457436412572861	0.0803193747997284	0.07436148822307587	0.07436148822307587	0.07701189070940018
prev_10	spearman	ST8	S__GCA_905616395.1	2	-0.0	M5	0.0	0.0	0.0	0.0	1.0	0.0	0.0	0.0	0.0	0.0	0.0	0.0	0.0
prev_10	spearman	ST8	S__GCA_905618915.1	4	-0.0	M5	0.0	0.0	0.0	0.0	1.0	0.0	0.0	0.0	0.0	0.0	0.0	0.0	0.0
prev_10	spearman	ST8	S__GCA_905620445.1	2	-0.0	M5	0.0	0.0	0.0	0.0	1.0	0.0	0.0	0.0	0.0	0.0	0.0	0.0	0.0
prev_10	spearman	ST8	S__GCF_002836475.1	2	-0.0	M5	0.0	0.0	0.0	0.0	1.0	0.0	0.0	0.0	0.0	0.0	0.0	0.0	0.0
prev_10	spearman	ST8	S__GCF_003326015.1	2	-0.0	M5	0.0	0.0	0.0	0.0	1.0	0.0	0.0	0.0	0.0	0.0	0.0	0.0	0.0
prev_10	spearman	ST8	S__GCF_012276695.1	4	2.563873529434204	M5	0.07436148822307587	0.08071974664926529	0.07436148822307587	0.07436148822307587	0.07436148822307587	0.07436148822307587	0.07436148822307587	0.08248274773359299	0.08457436412572861	0.0803193747997284	0.07436148822307587	0.07436148822307587	0.07701189070940018
prev_10	spearman	ST8	S__GCF_013407165.1	4	-0.0	M5	0.0	0.0	0.0	0.0	1.0	0.0	0.0	0.0	0.0	0.0	0.0	0.0	0.0
prev_10	spearman	ST8	S__GCF_014279835.1	4	-0.0	M5	0.0	0.0	0.0	0.0	1.0	0.0	0.0	0.0	0.0	0.0	0.0	0.0	0.0
prev_10	spearman	ST8	S__IMGVR_UViG_3300006310_000001	3	-0.0	M5	0.0	0.0	0.0	0.0	1.0	0.0	0.0	0.0	0.0	0.0	0.0	0.0	0.0
prev_10	spearman	ST8	S__IMGVR_UViG_3300006467_000165	4	-0.0	M5	0.0	0.0	0.0	0.0	1.0	0.0	0.0	0.0	0.0	0.0	0.0	0.0	0.0
prev_10	spearman	ST8	S__IMGVR_UViG_3300009440_000004	4	-0.0	M5	0.0	0.0	0.0	0.0	1.0	0.0	0.0	0.0	0.0	0.0	0.0	0.0	0.0
prev_10	spearman	ST8	S__IMGVR_UViG_3300009443_000008	3	-0.0	M5	0.0	0.0	0.0	0.0	1.0	0.0	0.0	0.0	0.0	0.0	0.0	0.0	0.0
prev_10	spearman	ST8	S__IMGVR_UViG_3300020166_000001	2	-0.0	M5	0.0	0.0	0.0	0.0	1.0	0.0	0.0	0.0	0.0	0.0	0.0	0.0	0.0
prev_10	spearman	ST8	S__IMGVR_UViG_3300020166_000015	4	-0.0	M5	0.0	0.0	0.0	0.0	1.0	0.0	0.0	0.0	0.0	0.0	0.0	0.0	0.0
prev_10	spearman	ST8	S__IMGVR_UViG_3300020182_000036	4	-0.0	M5	0.0	0.0	0.0	0.0	1.0	0.0	0.0	0.0	0.0	0.0	0.0	0.0	0.0
prev_10	spearman	ST8	S__IMGVR_UViG_3300020185_000065	3	-0.0	M5	0.0	0.0	0.0	0.0	1.0	0.0	0.0	0.0	0.0	0.0	0.0	0.0	0.0
prev_10	spearman	ST8	S__IMGVR_UViG_3300021087_000038	4	-0.0	M5	0.0	0.0	0.0	0.0	1.0	0.0	0.0	0.0	0.0	0.0	0.0	0.0	0.0
prev_10	spearman	ST8	S__IMGVR_UViG_3300023238_000017	3	-0.0	M5	0.0	0.0	0.0	0.0	1.0	0.0	0.0	0.0	0.0	0.0	0.0	0.0	0.0
prev_10	spearman	ST8	S__IMGVR_UViG_3300023239_000003	4	-0.0	M5	0.0	0.0	0.0	0.0	1.0	0.0	0.0	0.0	0.0	0.0	0.0	0.0	0.0
prev_10	spearman	ST8	S__IMGVR_UViG_3300024520_000070	4	-0.0	M5	0.0	0.0	0.0	0.0	1.0	0.0	0.0	0.0	0.0	0.0	0.0	0.0	0.0
prev_10	spearman	ST8	S__IMGVR_UViG_3300025071_000006	4	-0.0	M5	0.0	0.0	0.0	0.0	1.0	0.0	0.0	0.0	0.0	0.0	0.0	0.0	0.0
prev_10	spearman	ST8	S__IMGVR_UViG_3300025079_000001	4	-0.0	M5	0.0	0.0	0.0	0.0	1.0	0.0	0.0	0.0	0.0	0.0	0.0	0.0	0.0
prev_10	spearman	ST8	S__IMGVR_UViG_3300025296_001443	3	-0.0	M5	0.0	0.0	0.0	0.0	1.0	0.0	0.0	0.0	0.0	0.0	0.0	0.0	0.0
prev_10	spearman	ST8	S__IMGVR_UViG_3300025632_000006	3	-0.0	M5	0.0	0.0	0.0	0.0	1.0	0.0	0.0	0.0	0.0	0.0	0.0	0.0	0.0
prev_10	spearman	ST8	S__IMGVR_UViG_3300025637_000035	3	-0.0	M5	0.0	0.0	0.0	0.0	1.0	0.0	0.0	0.0	0.0	0.0	0.0	0.0	0.0
prev_10	spearman	ST8	S__IMGVR_UViG_3300025653_000044	4	-0.0	M5	0.0	0.0	0.0	0.0	1.0	0.0	0.0	0.0	0.0	0.0	0.0	0.0	0.0
prev_10	spearman	ST8	S__IMGVR_UViG_3300025860_000061	2	-0.0	M5	0.0	0.0	0.0	0.0	1.0	0.0	0.0	0.0	0.0	0.0	0.0	0.0	0.0
prev_10	spearman	ST8	S__IMGVR_UViG_3300025869_000017	4	-0.0	M5	0.0	0.0	0.0	0.0	1.0	0.0	0.0	0.0	0.0	0.0	0.0	0.0	0.0
prev_10	spearman	ST8	S__IMGVR_UViG_3300027687_000007	4	-0.0	M5	0.0	0.0	0.0	0.0	1.0	0.0	0.0	0.0	0.0	0.0	0.0	0.0	0.0
prev_10	spearman	ST8	S__IMGVR_UViG_3300027780_000015	4	-0.0	M5	0.0	0.0	0.0	0.0	1.0	0.0	0.0	0.0	0.0	0.0	0.0	0.0	0.0
prev_10	spearman	ST8	S__IMGVR_UViG_3300027813_000042	4	-0.0	M5	0.0	0.0	0.0	0.0	1.0	0.0	0.0	0.0	0.0	0.0	0.0	0.0	0.0
prev_10	spearman	ST8	S__IMGVR_UViG_3300027833_000016	4	-0.0	M5	0.0	0.0	0.0	0.0	1.0	0.0	0.0	0.0	0.0	0.0	0.0	0.0	0.0
prev_10	spearman	ST8	S__IMGVR_UViG_3300027833_000046	4	-0.0	M5	0.0	0.0	0.0	0.0	1.0	0.0	0.0	0.0	0.0	0.0	0.0	0.0	0.0
prev_10	spearman	ST8	S__IMGVR_UViG_3300027861_000023	2	-0.0	M5	0.0	0.0	0.0	0.0	1.0	0.0	0.0	0.0	0.0	0.0	0.0	0.0	0.0
prev_10	spearman	ST8	S__IMGVR_UViG_3300028198_000003	3	-0.0	M5	0.0	0.0	0.0	0.0	1.0	0.0	0.0	0.0	0.0	0.0	0.0	0.0	0.0
prev_10	spearman	ST8	S__IMGVR_UViG_3300028535_000001	4	-0.0	M5	0.0	0.0	0.0	0.0	1.0	0.0	0.0	0.0	0.0	0.0	0.0	0.0	0.0
prev_10	spearman	ST8	S__IMGVR_UViG_3300031519_000018	4	-0.0	M5	0.0	0.0	0.0	0.0	1.0	0.0	0.0	0.0	0.0	0.0	0.0	0.0	0.0
prev_10	spearman	ST8	S__IMGVR_UViG_3300031687_001020	2	-0.0	M5	0.0	0.0	0.0	0.0	1.0	0.0	0.0	0.0	0.0	0.0	0.0	0.0	0.0
prev_10	spearman	ST8	S__IMGVR_UViG_3300031688_001339	2	-0.0	M5	0.0	0.0	0.0	0.0	1.0	0.0	0.0	0.0	0.0	0.0	0.0	0.0	0.0
prev_10	spearman	ST8	S__IMGVR_UViG_3300035195_000275	4	-0.0	M5	0.0	0.0	0.0	0.0	1.0	0.0	0.0	0.0	0.0	0.0	0.0	0.0	0.0
prev_10	spearman	ST8	S__IMGVR_UViG_3300037585_000783	2	-0.0	M5	0.0	0.0	0.0	0.0	1.0	0.0	0.0	0.0	0.0	0.0	0.0	0.0	0.0
prev_10	spearman	ST8	S__IMGVR_UViG_3300038315_000065	4	-0.0	M5	0.0	0.0	0.0	0.0	1.0	0.0	0.0	0.0	0.0	0.0	0.0	0.0	0.0
prev_10	spearman	ST8	S__IMGVR_UViG_3300046168_000044	4	-0.0	M5	0.0	0.0	0.0	0.0	1.0	0.0	0.0	0.0	0.0	0.0	0.0	0.0	0.0
prev_10	spearman	ST8	S__IMGVR_UViG_3300046532_001046	3	-0.0	M5	0.0	0.0	0.0	0.0	1.0	0.0	0.0	0.0	0.0	0.0	0.0	0.0	0.0
prev_10	spearman	ST8	S__IMGVR_UViG_3300047157_000078	4	-0.0	M5	0.0	0.0	0.0	0.0	1.0	0.0	0.0	0.0	0.0	0.0	0.0	0.0	0.0
prev_10	spearman	ST8	S__IMGVR_UViG_3300049783_000307	3	-0.0	M5	0.0	0.0	0.0	0.0	1.0	0.0	0.0	0.0	0.0	0.0	0.0	0.0	0.0
prev_10	spearman	ST8	S__IMGVR_UViG_GVMAG-M-3300025652-16_000001	4	-0.0	M5	0.0	0.0	0.0	0.0	1.0	0.0	0.0	0.0	0.0	0.0	0.0	0.0	0.0
prev_10	spearman	ST8	S__IMGVR_UViG_GVMAG-S-1102114-126_000001	4	-0.0	M5	0.0	0.0	0.0	0.0	1.0	0.0	0.0	0.0	0.0	0.0	0.0	0.0	0.0
prev_10	spearman	ST8	S__IMGVR_UViG_GVMAG-S-ERX556030-34_000001	2	-0.0	M5	0.0	0.0	0.0	0.0	1.0	0.0	0.0	0.0	0.0	0.0	0.0	0.0	0.0
prev_10	spearman	ST8	S__IMGVR_UViG_GVMAG-S-ERX556043-36_000001	4	-0.0	M5	0.0	0.0	0.0	0.0	1.0	0.0	0.0	0.0	0.0	0.0	0.0	0.0	0.0
prev_10	spearman	ST8	S__Phycodnaviridae_HM004430_Bathycoccus_sp_RCC1105_virus_BpV2	4	-0.0	M5	0.0	0.0	0.0	0.0	1.0	0.0	0.0	0.0	0.0	0.0	0.0	0.0	0.0
prev_10	spearman	ST8	S__Schulz_GVMAG_M_3300025652_16	4	-0.0	M5	0.0	0.0	0.0	0.0	1.0	0.0	0.0	0.0	0.0	0.0	0.0	0.0	0.0
prev_10	spearman	ST8	S__Schulz_GVMAG_S_1024967_63	2	-0.0	M5	0.0	0.0	0.0	0.0	1.0	0.0	0.0	0.0	0.0	0.0	0.0	0.0	0.0
prev_10	spearman	ST8	S__Schulz_GVMAG_S_1102104_120	2	-0.0	M5	0.0	0.0	0.0	0.0	1.0	0.0	0.0	0.0	0.0	0.0	0.0	0.0	0.0
prev_10	spearman	ST8	S__Schulz_GVMAG_S_1102114_126	3	-0.0	M5	0.0	0.0	0.0	0.0	1.0	0.0	0.0	0.0	0.0	0.0	0.0	0.0	0.0
prev_10	spearman	ST8	S__TARA_ARC_108_MAG_00021	4	-0.0	M5	0.0	0.0	0.0	0.0	1.0	0.0	0.0	0.0	0.0	0.0	0.0	0.0	0.0
prev_10	spearman	ST8	S__TARA_ARC_108_MAG_00099	4	-0.0	M5	0.0	0.0	0.0	0.0	1.0	0.0	0.0	0.0	0.0	0.0	0.0	0.0	0.0
prev_10	spearman	ST8	S__TARA_ARC_108_MAG_00146	4	-0.0	M5	0.0	0.0	0.0	0.0	1.0	0.0	0.0	0.0	0.0	0.0	0.0	0.0	0.0
prev_10	spearman	ST8	S__TARA_ARC_108_MAG_00181	3	-0.0	M5	0.0	0.0	0.0	0.0	1.0	0.0	0.0	0.0	0.0	0.0	0.0	0.0	0.0
prev_10	spearman	ST8	S__TARA_ARC_NCLDV_00033	3	-0.0	M5	0.0	0.0	0.0	0.0	1.0	0.0	0.0	0.0	0.0	0.0	0.0	0.0	0.0
prev_10	spearman	ST8	S__TARA_ARC_NCLDV_00036	2	-0.0	M5	0.0	0.0	0.0	0.0	1.0	0.0	0.0	0.0	0.0	0.0	0.0	0.0	0.0
prev_10	spearman	ST8	S__TARA_ARC_NCLDV_00127	4	-0.0	M5	0.0	0.0	0.0	0.0	1.0	0.0	0.0	0.0	0.0	0.0	0.0	0.0	0.0
prev_10	spearman	ST8	S__TARA_ARC_NCLDV_00176	2	-0.0	M5	0.0	0.0	0.0	0.0	1.0	0.0	0.0	0.0	0.0	0.0	0.0	0.0	0.0
prev_10	spearman	ST8	S__TARA_ARC_NCLDV_00188	4	-0.0	M5	0.0	0.0	0.0	0.0	1.0	0.0	0.0	0.0	0.0	0.0	0.0	0.0	0.0
prev_10	spearman	ST8	S__TARA_SOC_28_MAG_00007	2	-0.0	M5	0.0	0.0	0.0	0.0	1.0	0.0	0.0	0.0	0.0	0.0	0.0	0.0	0.0
prev_10	spearman	ST8	S__TARA_SOC_28_MAG_00016	3	-0.0	M5	0.0	0.0	0.0	0.0	1.0	0.0	0.0	0.0	0.0	0.0	0.0	0.0	0.0
prev_10	spearman	ST8	S__TARA_SOC_NCLDV_00026	4	-0.0	M5	0.0	0.0	0.0	0.0	1.0	0.0	0.0	0.0	0.0	0.0	0.0	0.0	0.0
prev_10	spearman	ST13	S__3300001683_28	4	-0.0	M5	0.0	0.0	0.0	0.0	1.0	0.0	0.0	0.0	0.0	0.0	0.0	0.0	0.0
prev_10	spearman	ST13	S__3300006311_3	4	-0.0	M5	0.0	0.0	0.0	0.0	1.0	0.0	0.0	0.0	0.0	0.0	0.0	0.0	0.0
prev_10	spearman	ST13	S__3300020187_18	4	2.563873529434204	M5	0.07436148822307587	0.08071974664926529	0.07436148822307587	0.07436148822307587	0.07436148822307587	0.07436148822307587	0.07436148822307587	0.08248274773359299	0.08457436412572861	0.0803193747997284	0.07436148822307587	0.07436148822307587	0.07701189070940018
prev_10	spearman	ST13	S__3300020263_16	4	-0.0	M5	0.0	0.0	0.0	0.0	1.0	0.0	0.0	0.0	0.0	0.0	0.0	0.0	0.0
prev_10	spearman	ST13	S__3300020300_16	4	-0.0	M5	0.0	0.0	0.0	0.0	1.0	0.0	0.0	0.0	0.0	0.0	0.0	0.0	0.0
prev_10	spearman	ST13	S__3300020317_19	2	-0.0	M5	0.0	0.0	0.0	0.0	1.0	0.0	0.0	0.0	0.0	0.0	0.0	0.0	0.0
prev_10	spearman	ST13	S__3300020330_9	4	-0.0	M5	0.0	0.0	0.0	0.0	1.0	0.0	0.0	0.0	0.0	0.0	0.0	0.0	0.0
prev_10	spearman	ST13	S__3300024058_12	4	-0.0	M5	0.0	0.0	0.0	0.0	1.0	0.0	0.0	0.0	0.0	0.0	0.0	0.0	0.0
prev_10	spearman	ST13	S__3300024058_22	4	-0.0	M5	0.0	0.0	0.0	0.0	1.0	0.0	0.0	0.0	0.0	0.0	0.0	0.0	0.0
prev_10	spearman	ST13	S__3300024060_27	4	-0.0	M5	0.0	0.0	0.0	0.0	1.0	0.0	0.0	0.0	0.0	0.0	0.0	0.0	0.0
prev_10	spearman	ST13	S__3300024431_33	4	2.563873529434204	M5	0.07436148822307587	0.08071974664926529	0.07436148822307587	0.07436148822307587	0.07436148822307587	0.07436148822307587	0.07436148822307587	0.08248274773359299	0.08457436412572861	0.0803193747997284	0.07436148822307587	0.07436148822307587	0.07701189070940018
prev_10	spearman	ST13	S__3300024516_13	4	-0.0	M5	0.0	0.0	0.0	0.0	1.0	0.0	0.0	0.0	0.0	0.0	0.0	0.0	0.0
prev_10	spearman	ST13	S__3300024516_18	4	-0.0	M5	0.0	0.0	0.0	0.0	1.0	0.0	0.0	0.0	0.0	0.0	0.0	0.0	0.0
prev_10	spearman	ST13	S__3300024516_26	4	-0.0	M5	0.0	0.0	0.0	0.0	1.0	0.0	0.0	0.0	0.0	0.0	0.0	0.0	0.0
prev_10	spearman	ST13	S__3300024516_38	4	2.563873529434204	M5	0.07436148822307587	0.08071974664926529	0.07436148822307587	0.07436148822307587	0.07436148822307587	0.07436148822307587	0.07436148822307587	0.08248274773359299	0.08457436412572861	0.0803193747997284	0.07436148822307587	0.07436148822307587	0.07701189070940018
prev_10	spearman	ST13	S__3300025276_12	3	-0.0	M5	0.0	0.0	0.0	0.0	1.0	0.0	0.0	0.0	0.0	0.0	0.0	0.0	0.0
prev_10	spearman	ST13	S__3300025894_53	3	-0.0	M5	0.0	0.0	0.0	0.0	1.0	0.0	0.0	0.0	0.0	0.0	0.0	0.0	0.0
prev_10	spearman	ST13	S__3300026080_15	3	-0.0	M5	0.0	0.0	0.0	0.0	1.0	0.0	0.0	0.0	0.0	0.0	0.0	0.0	0.0
prev_10	spearman	ST13	S__3300026087_14	4	-0.0	M5	0.0	0.0	0.0	0.0	1.0	0.0	0.0	0.0	0.0	0.0	0.0	0.0	0.0
prev_10	spearman	ST13	S__3300026253_28	4	2.563873529434204	M5	0.07436148822307587	0.08071974664926529	0.07436148822307587	0.07436148822307587	0.07436148822307587	0.07436148822307587	0.07436148822307587	0.08248274773359299	0.08457436412572861	0.0803193747997284	0.07436148822307587	0.07436148822307587	0.07701189070940018
prev_10	spearman	ST13	S__3300026253_8	3	-0.0	M5	0.0	0.0	0.0	0.0	1.0	0.0	0.0	0.0	0.0	0.0	0.0	0.0	0.0
prev_10	spearman	ST13	S__3300026264_29	3	-0.0	M5	0.0	0.0	0.0	0.0	1.0	0.0	0.0	0.0	0.0	0.0	0.0	0.0	0.0
prev_10	spearman	ST13	S__3300026264_34	4	2.563873529434204	M9	0.07436148822307587	0.08071974664926529	0.07436148822307587	0.07436148822307587	0.07436148822307587	0.07436148822307587	0.07436148822307587	0.08248274773359299	0.08457436412572861	0.0803193747997284	0.07436148822307587	0.07436148822307587	0.07701189070940018
prev_10	spearman	ST13	S__3300027687_20	4	-0.0	M5	0.0	0.0	0.0	0.0	1.0	0.0	0.0	0.0	0.0	0.0	0.0	0.0	0.0
prev_10	spearman	ST13	S__3300027752_17	4	-0.0	M5	0.0	0.0	0.0	0.0	1.0	0.0	0.0	0.0	0.0	0.0	0.0	0.0	0.0
prev_10	spearman	ST13	S__3300027771_26	4	-0.0	M5	0.0	0.0	0.0	0.0	1.0	0.0	0.0	0.0	0.0	0.0	0.0	0.0	0.0
prev_10	spearman	ST13	S__3300027779_22	4	-0.0	M5	0.0	0.0	0.0	0.0	1.0	0.0	0.0	0.0	0.0	0.0	0.0	0.0	0.0
prev_10	spearman	ST13	S__3300027791_27	4	-0.0	M5	0.0	0.0	0.0	0.0	1.0	0.0	0.0	0.0	0.0	0.0	0.0	0.0	0.0
prev_10	spearman	ST13	S__3300027827_16	4	-0.0	M5	0.0	0.0	0.0	0.0	1.0	0.0	0.0	0.0	0.0	0.0	0.0	0.0	0.0
prev_10	spearman	ST13	S__3300027844_79	4	-0.0	M5	0.0	0.0	0.0	0.0	1.0	0.0	0.0	0.0	0.0	0.0	0.0	0.0	0.0
prev_10	spearman	ST13	S__3300027847_80	4	-0.0	M5	0.0	0.0	0.0	0.0	1.0	0.0	0.0	0.0	0.0	0.0	0.0	0.0	0.0
prev_10	spearman	ST13	S__3300027997_10	4	-0.0	M5	0.0	0.0	0.0	0.0	1.0	0.0	0.0	0.0	0.0	0.0	0.0	0.0	0.0
prev_10	spearman	ST13	S__GCA_000213395.2	4	-0.0	M5	0.0	0.0	0.0	0.0	1.0	0.0	0.0	0.0	0.0	0.0	0.0	0.0	0.0
prev_10	spearman	ST13	S__GCA_000383355.1	3	-0.0	M5	0.0	0.0	0.0	0.0	1.0	0.0	0.0	0.0	0.0	0.0	0.0	0.0	0.0
prev_10	spearman	ST13	S__GCA_000402075.1	4	-0.0	M5	0.0	0.0	0.0	0.0	1.0	0.0	0.0	0.0	0.0	0.0	0.0	0.0	0.0
prev_10	spearman	ST13	S__GCA_001437625.1	4	2.563873529434204	M5	0.07436148822307587	0.08071974664926529	0.07436148822307587	0.07436148822307587	0.07436148822307587	0.07436148822307587	0.07436148822307587	0.08248274773359299	0.08457436412572861	0.0803193747997284	0.07436148822307587	0.07436148822307587	0.07701189070940018
prev_10	spearman	ST13	S__GCA_001510275.1	3	-0.0	M5	0.0	0.0	0.0	0.0	1.0	0.0	0.0	0.0	0.0	0.0	0.0	0.0	0.0
prev_10	spearman	ST13	S__GCA_001542995.1	4	-0.0	M5	0.0	0.0	0.0	0.0	1.0	0.0	0.0	0.0	0.0	0.0	0.0	0.0	0.0
prev_10	spearman	ST13	S__GCA_001543015.1	4	2.563873529434204	M5	0.07436148822307587	0.08071974664926529	0.07436148822307587	0.07436148822307587	0.07436148822307587	0.07436148822307587	0.07436148822307587	0.08248274773359299	0.08457436412572861	0.0803193747997284	0.07436148822307587	0.07436148822307587	0.07701189070940018
prev_10	spearman	ST13	S__GCA_001643535.1	3	-0.0	M5	0.0	0.0	0.0	0.0	1.0	0.0	0.0	0.0	0.0	0.0	0.0	0.0	0.0
prev_10	spearman	ST13	S__GCA_002082295.1	3	-0.0	M5	0.0	0.0	0.0	0.0	1.0	0.0	0.0	0.0	0.0	0.0	0.0	0.0	0.0
prev_10	spearman	ST13	S__GCA_002295725.1	4	-0.0	M5	0.0	0.0	0.0	0.0	1.0	0.0	0.0	0.0	0.0	0.0	0.0	0.0	0.0
prev_10	spearman	ST13	S__GCA_002313235.1	4	-0.0	M5	0.0	0.0	0.0	0.0	1.0	0.0	0.0	0.0	0.0	0.0	0.0	0.0	0.0
prev_10	spearman	ST13	S__GCA_002317795.1	4	-0.0	M5	0.0	0.0	0.0	0.0	1.0	0.0	0.0	0.0	0.0	0.0	0.0	0.0	0.0
prev_10	spearman	ST13	S__GCA_002335045.1	3	-0.0	M5	0.0	0.0	0.0	0.0	1.0	0.0	0.0	0.0	0.0	0.0	0.0	0.0	0.0
prev_10	spearman	ST13	S__GCA_002499015.1	4	-0.0	M5	0.0	0.0	0.0	0.0	1.0	0.0	0.0	0.0	0.0	0.0	0.0	0.0	0.0
prev_10	spearman	ST13	S__GCA_003229345.1	4	-0.0	M5	0.0	0.0	0.0	0.0	1.0	0.0	0.0	0.0	0.0	0.0	0.0	0.0	0.0
prev_10	spearman	ST13	S__GCA_003331785.1	4	-0.0	M5	0.0	0.0	0.0	0.0	1.0	0.0	0.0	0.0	0.0	0.0	0.0	0.0	0.0
prev_10	spearman	ST13	S__GCA_003526595.1	4	2.563873529434204	M5	0.07436148822307587	0.08071974664926529	0.07436148822307587	0.07436148822307587	0.07436148822307587	0.07436148822307587	0.07436148822307587	0.08248274773359299	0.08457436412572861	0.0803193747997284	0.07436148822307587	0.07436148822307587	0.07701189070940018
prev_10	spearman	ST13	S__GCA_003545625.1	4	-0.0	M5	0.0	0.0	0.0	0.0	1.0	0.0	0.0	0.0	0.0	0.0	0.0	0.0	0.0
prev_10	spearman	ST13	S__GCA_003672175.1	4	-0.0	M5	0.0	0.0	0.0	0.0	1.0	0.0	0.0	0.0	0.0	0.0	0.0	0.0	0.0
prev_10	spearman	ST13	S__GCA_004195625.1	4	-0.0	M5	0.0	0.0	0.0	0.0	1.0	0.0	0.0	0.0	0.0	0.0	0.0	0.0	0.0
prev_10	spearman	ST13	S__GCA_004356455.1	4	-0.0	M5	0.0	0.0	0.0	0.0	1.0	0.0	0.0	0.0	0.0	0.0	0.0	0.0	0.0
prev_10	spearman	ST13	S__GCA_004356825.1	4	-0.0	M5	0.0	0.0	0.0	0.0	1.0	0.0	0.0	0.0	0.0	0.0	0.0	0.0	0.0
prev_10	spearman	ST13	S__GCA_004356895.1	4	-0.0	M5	0.0	0.0	0.0	0.0	1.0	0.0	0.0	0.0	0.0	0.0	0.0	0.0	0.0
prev_10	spearman	ST13	S__GCA_008974855.1	4	-0.0	M5	0.0	0.0	0.0	0.0	1.0	0.0	0.0	0.0	0.0	0.0	0.0	0.0	0.0
prev_10	spearman	ST13	S__GCA_008975185.1	4	-0.0	M5	0.0	0.0	0.0	0.0	1.0	0.0	0.0	0.0	0.0	0.0	0.0	0.0	0.0
prev_10	spearman	ST13	S__GCA_009392475.1	4	-0.0	M5	0.0	0.0	0.0	0.0	1.0	0.0	0.0	0.0	0.0	0.0	0.0	0.0	0.0
prev_10	spearman	ST13	S__GCA_009937205.1	4	-0.0	M5	0.0	0.0	0.0	0.0	1.0	0.0	0.0	0.0	0.0	0.0	0.0	0.0	0.0
prev_10	spearman	ST13	S__GCA_011055585.1	4	-0.0	M5	0.0	0.0	0.0	0.0	1.0	0.0	0.0	0.0	0.0	0.0	0.0	0.0	0.0
prev_10	spearman	ST13	S__GCA_012960805.1	4	-0.0	M5	0.0	0.0	0.0	0.0	1.0	0.0	0.0	0.0	0.0	0.0	0.0	0.0	0.0
prev_10	spearman	ST13	S__GCA_012964335.1	4	-0.0	M5	0.0	0.0	0.0	0.0	1.0	0.0	0.0	0.0	0.0	0.0	0.0	0.0	0.0
prev_10	spearman	ST13	S__GCA_012964845.1	3	-0.0	M5	0.0	0.0	0.0	0.0	1.0	0.0	0.0	0.0	0.0	0.0	0.0	0.0	0.0
prev_10	spearman	ST13	S__GCA_012974425.1	3	-0.0	M5	0.0	0.0	0.0	0.0	1.0	0.0	0.0	0.0	0.0	0.0	0.0	0.0	0.0
prev_10	spearman	ST13	S__GCA_013203245.1	2	-0.0	M5	0.0	0.0	0.0	0.0	1.0	0.0	0.0	0.0	0.0	0.0	0.0	0.0	0.0
prev_10	spearman	ST13	S__GCA_013215285.1	4	-0.0	M5	0.0	0.0	0.0	0.0	1.0	0.0	0.0	0.0	0.0	0.0	0.0	0.0	0.0
prev_10	spearman	ST13	S__GCA_013390475.1	4	-0.0	M5	0.0	0.0	0.0	0.0	1.0	0.0	0.0	0.0	0.0	0.0	0.0	0.0	0.0
prev_10	spearman	ST13	S__GCA_013911135.1	4	-0.0	M5	0.0	0.0	0.0	0.0	1.0	0.0	0.0	0.0	0.0	0.0	0.0	0.0	0.0
prev_10	spearman	ST13	S__GCA_014384505.1	4	-0.0	M5	0.0	0.0	0.0	0.0	1.0	0.0	0.0	0.0	0.0	0.0	0.0	0.0	0.0
prev_10	spearman	ST13	S__GCA_015659035.1	4	-0.0	M5	0.0	0.0	0.0	0.0	1.0	0.0	0.0	0.0	0.0	0.0	0.0	0.0	0.0
prev_10	spearman	ST13	S__GCA_015659595.1	4	-0.0	M5	0.0	0.0	0.0	0.0	1.0	0.0	0.0	0.0	0.0	0.0	0.0	0.0	0.0
prev_10	spearman	ST13	S__GCA_016276965.1	4	-0.0	M5	0.0	0.0	0.0	0.0	1.0	0.0	0.0	0.0	0.0	0.0	0.0	0.0	0.0
prev_10	spearman	ST13	S__GCA_016777225.1	4	-0.0	M5	0.0	0.0	0.0	0.0	1.0	0.0	0.0	0.0	0.0	0.0	0.0	0.0	0.0
prev_10	spearman	ST13	S__GCA_016777365.1	2	-0.0	M5	0.0	0.0	0.0	0.0	1.0	0.0	0.0	0.0	0.0	0.0	0.0	0.0	0.0
prev_10	spearman	ST13	S__GCA_016838795.1	4	-0.0	M5	0.0	0.0	0.0	0.0	1.0	0.0	0.0	0.0	0.0	0.0	0.0	0.0	0.0
prev_10	spearman	ST13	S__GCA_016838825.1	4	-0.0	M5	0.0	0.0	0.0	0.0	1.0	0.0	0.0	0.0	0.0	0.0	0.0	0.0	0.0
prev_10	spearman	ST13	S__GCA_016838845.1	4	-0.0	M5	0.0	0.0	0.0	0.0	1.0	0.0	0.0	0.0	0.0	0.0	0.0	0.0	0.0
prev_10	spearman	ST13	S__GCA_017368835.1	3	-0.0	M5	0.0	0.0	0.0	0.0	1.0	0.0	0.0	0.0	0.0	0.0	0.0	0.0	0.0
prev_10	spearman	ST13	S__GCA_017854145.1	4	-0.0	M5	0.0	0.0	0.0	0.0	1.0	0.0	0.0	0.0	0.0	0.0	0.0	0.0	0.0
prev_10	spearman	ST13	S__GCA_018673385.1	2	-0.0	M5	0.0	0.0	0.0	0.0	1.0	0.0	0.0	0.0	0.0	0.0	0.0	0.0	0.0
prev_10	spearman	ST13	S__GCA_902512375.1	4	-0.0	M5	0.0	0.0	0.0	0.0	1.0	0.0	0.0	0.0	0.0	0.0	0.0	0.0	0.0
prev_10	spearman	ST13	S__GCA_902514095.1	3	-0.0	M5	0.0	0.0	0.0	0.0	1.0	0.0	0.0	0.0	0.0	0.0	0.0	0.0	0.0
prev_10	spearman	ST13	S__GCA_905181585.1	3	-0.0	M5	0.0	0.0	0.0	0.0	1.0	0.0	0.0	0.0	0.0	0.0	0.0	0.0	0.0
prev_10	spearman	ST13	S__GCA_905181595.1	4	-0.0	M5	0.0	0.0	0.0	0.0	1.0	0.0	0.0	0.0	0.0	0.0	0.0	0.0	0.0
prev_10	spearman	ST13	S__GCA_905181765.1	3	-0.0	M5	0.0	0.0	0.0	0.0	1.0	0.0	0.0	0.0	0.0	0.0	0.0	0.0	0.0
prev_10	spearman	ST13	S__GCA_905182065.1	2	-0.0	M5	0.0	0.0	0.0	0.0	1.0	0.0	0.0	0.0	0.0	0.0	0.0	0.0	0.0
prev_10	spearman	ST13	S__GCA_905182235.1	4	-0.0	M5	0.0	0.0	0.0	0.0	1.0	0.0	0.0	0.0	0.0	0.0	0.0	0.0	0.0
prev_10	spearman	ST13	S__GCA_905182435.1	2	-0.0	M5	0.0	0.0	0.0	0.0	1.0	0.0	0.0	0.0	0.0	0.0	0.0	0.0	0.0
prev_10	spearman	ST13	S__GCA_905182465.1	4	-0.0	M5	0.0	0.0	0.0	0.0	1.0	0.0	0.0	0.0	0.0	0.0	0.0	0.0	0.0
prev_10	spearman	ST13	S__GCA_905182765.1	2	-0.0	M5	0.0	0.0	0.0	0.0	1.0	0.0	0.0	0.0	0.0	0.0	0.0	0.0	0.0
prev_10	spearman	ST13	S__GCA_905182775.1	4	-0.0	M5	0.0	0.0	0.0	0.0	1.0	0.0	0.0	0.0	0.0	0.0	0.0	0.0	0.0
prev_10	spearman	ST13	S__GCA_905182795.1	4	-0.0	M5	0.0	0.0	0.0	0.0	1.0	0.0	0.0	0.0	0.0	0.0	0.0	0.0	0.0
prev_10	spearman	ST13	S__GCA_905182815.1	4	-0.0	M5	0.0	0.0	0.0	0.0	1.0	0.0	0.0	0.0	0.0	0.0	0.0	0.0	0.0
prev_10	spearman	ST13	S__GCA_905182865.1	4	-0.0	M5	0.0	0.0	0.0	0.0	1.0	0.0	0.0	0.0	0.0	0.0	0.0	0.0	0.0
prev_10	spearman	ST13	S__GCA_905182885.1	4	-0.0	M5	0.0	0.0	0.0	0.0	1.0	0.0	0.0	0.0	0.0	0.0	0.0	0.0	0.0
prev_10	spearman	ST13	S__GCA_905478185.1	4	-0.0	M5	0.0	0.0	0.0	0.0	1.0	0.0	0.0	0.0	0.0	0.0	0.0	0.0	0.0
prev_10	spearman	ST13	S__GCA_905478445.1	3	-0.0	M5	0.0	0.0	0.0	0.0	1.0	0.0	0.0	0.0	0.0	0.0	0.0	0.0	0.0
prev_10	spearman	ST13	S__GCA_905478615.1	3	2.563873529434204	M5	0.07436148822307587	0.08071974664926529	0.07436148822307587	0.07436148822307587	0.07436148822307587	0.07436148822307587	0.07436148822307587	0.08248274773359299	0.08457436412572861	0.0803193747997284	0.07436148822307587	0.07436148822307587	0.07701189070940018
prev_10	spearman	ST13	S__GCA_905480095.1	4	-0.0	M5	0.0	0.0	0.0	0.0	1.0	0.0	0.0	0.0	0.0	0.0	0.0	0.0	0.0
prev_10	spearman	ST13	S__GCA_905480315.1	3	-0.0	M5	0.0	0.0	0.0	0.0	1.0	0.0	0.0	0.0	0.0	0.0	0.0	0.0	0.0
prev_10	spearman	ST13	S__GCA_905612275.1	4	2.563873529434204	M5	0.07436148822307587	0.08071974664926529	0.07436148822307587	0.07436148822307587	0.07436148822307587	0.07436148822307587	0.07436148822307587	0.08248274773359299	0.08457436412572861	0.0803193747997284	0.07436148822307587	0.07436148822307587	0.07701189070940018
prev_10	spearman	ST13	S__GCA_905612295.1	4	-0.0	M5	0.0	0.0	0.0	0.0	1.0	0.0	0.0	0.0	0.0	0.0	0.0	0.0	0.0
prev_10	spearman	ST13	S__GCA_905612305.1	4	-0.0	M5	0.0	0.0	0.0	0.0	1.0	0.0	0.0	0.0	0.0	0.0	0.0	0.0	0.0
prev_10	spearman	ST13	S__GCA_905612365.1	4	-0.0	M5	0.0	0.0	0.0	0.0	1.0	0.0	0.0	0.0	0.0	0.0	0.0	0.0	0.0
prev_10	spearman	ST13	S__GCA_905612455.1	4	-0.0	M5	0.0	0.0	0.0	0.0	1.0	0.0	0.0	0.0	0.0	0.0	0.0	0.0	0.0
prev_10	spearman	ST13	S__GCA_905616395.1	2	-0.0	M5	0.0	0.0	0.0	0.0	1.0	0.0	0.0	0.0	0.0	0.0	0.0	0.0	0.0
prev_10	spearman	ST13	S__GCA_905618915.1	4	-0.0	M5	0.0	0.0	0.0	0.0	1.0	0.0	0.0	0.0	0.0	0.0	0.0	0.0	0.0
prev_10	spearman	ST13	S__GCA_905620445.1	2	-0.0	M5	0.0	0.0	0.0	0.0	1.0	0.0	0.0	0.0	0.0	0.0	0.0	0.0	0.0
prev_10	spearman	ST13	S__GCF_002836475.1	2	-0.0	M5	0.0	0.0	0.0	0.0	1.0	0.0	0.0	0.0	0.0	0.0	0.0	0.0	0.0
prev_10	spearman	ST13	S__GCF_003326015.1	2	-0.0	M5	0.0	0.0	0.0	0.0	1.0	0.0	0.0	0.0	0.0	0.0	0.0	0.0	0.0
prev_10	spearman	ST13	S__GCF_012276695.1	4	-0.0	M5	0.0	0.0	0.0	0.0	1.0	0.0	0.0	0.0	0.0	0.0	0.0	0.0	0.0
prev_10	spearman	ST13	S__GCF_013407165.1	4	2.563873529434204	M5	0.07436148822307587	0.08071974664926529	0.07436148822307587	0.07436148822307587	0.07436148822307587	0.07436148822307587	0.07436148822307587	0.08248274773359299	0.08457436412572861	0.0803193747997284	0.07436148822307587	0.07436148822307587	0.07701189070940018
prev_10	spearman	ST13	S__GCF_014279835.1	4	-0.0	M5	0.0	0.0	0.0	0.0	1.0	0.0	0.0	0.0	0.0	0.0	0.0	0.0	0.0
prev_10	spearman	ST13	S__IMGVR_UViG_3300006310_000001	3	-0.0	M5	0.0	0.0	0.0	0.0	1.0	0.0	0.0	0.0	0.0	0.0	0.0	0.0	0.0
prev_10	spearman	ST13	S__IMGVR_UViG_3300006467_000165	4	-0.0	M5	0.0	0.0	0.0	0.0	1.0	0.0	0.0	0.0	0.0	0.0	0.0	0.0	0.0
prev_10	spearman	ST13	S__IMGVR_UViG_3300009440_000004	4	-0.0	M5	0.0	0.0	0.0	0.0	1.0	0.0	0.0	0.0	0.0	0.0	0.0	0.0	0.0
prev_10	spearman	ST13	S__IMGVR_UViG_3300009443_000008	3	-0.0	M5	0.0	0.0	0.0	0.0	1.0	0.0	0.0	0.0	0.0	0.0	0.0	0.0	0.0
prev_10	spearman	ST13	S__IMGVR_UViG_3300020166_000001	2	-0.0	M5	0.0	0.0	0.0	0.0	1.0	0.0	0.0	0.0	0.0	0.0	0.0	0.0	0.0
prev_10	spearman	ST13	S__IMGVR_UViG_3300020166_000015	4	2.563873529434204	M5	0.07436148822307587	0.08071974664926529	0.07436148822307587	0.07436148822307587	0.07436148822307587	0.07436148822307587	0.07436148822307587	0.08248274773359299	0.08457436412572861	0.0803193747997284	0.07436148822307587	0.07436148822307587	0.07701189070940018
prev_10	spearman	ST13	S__IMGVR_UViG_3300020182_000036	4	-0.0	M5	0.0	0.0	0.0	0.0	1.0	0.0	0.0	0.0	0.0	0.0	0.0	0.0	0.0
prev_10	spearman	ST13	S__IMGVR_UViG_3300020185_000065	3	-0.0	M5	0.0	0.0	0.0	0.0	1.0	0.0	0.0	0.0	0.0	0.0	0.0	0.0	0.0
prev_10	spearman	ST13	S__IMGVR_UViG_3300021087_000038	4	-0.0	M5	0.0	0.0	0.0	0.0	1.0	0.0	0.0	0.0	0.0	0.0	0.0	0.0	0.0
prev_10	spearman	ST13	S__IMGVR_UViG_3300023238_000017	3	-0.0	M5	0.0	0.0	0.0	0.0	1.0	0.0	0.0	0.0	0.0	0.0	0.0	0.0	0.0
prev_10	spearman	ST13	S__IMGVR_UViG_3300023239_000003	4	-0.0	M5	0.0	0.0	0.0	0.0	1.0	0.0	0.0	0.0	0.0	0.0	0.0	0.0	0.0
prev_10	spearman	ST13	S__IMGVR_UViG_3300024520_000070	4	-0.0	M5	0.0	0.0	0.0	0.0	1.0	0.0	0.0	0.0	0.0	0.0	0.0	0.0	0.0
prev_10	spearman	ST13	S__IMGVR_UViG_3300025071_000006	4	-0.0	M5	0.0	0.0	0.0	0.0	1.0	0.0	0.0	0.0	0.0	0.0	0.0	0.0	0.0
prev_10	spearman	ST13	S__IMGVR_UViG_3300025079_000001	4	-0.0	M5	0.0	0.0	0.0	0.0	1.0	0.0	0.0	0.0	0.0	0.0	0.0	0.0	0.0
prev_10	spearman	ST13	S__IMGVR_UViG_3300025296_001443	3	-0.0	M5	0.0	0.0	0.0	0.0	1.0	0.0	0.0	0.0	0.0	0.0	0.0	0.0	0.0
prev_10	spearman	ST13	S__IMGVR_UViG_3300025632_000006	3	-0.0	M5	0.0	0.0	0.0	0.0	1.0	0.0	0.0	0.0	0.0	0.0	0.0	0.0	0.0
prev_10	spearman	ST13	S__IMGVR_UViG_3300025637_000035	3	-0.0	M5	0.0	0.0	0.0	0.0	1.0	0.0	0.0	0.0	0.0	0.0	0.0	0.0	0.0
prev_10	spearman	ST13	S__IMGVR_UViG_3300025653_000044	4	-0.0	M5	0.0	0.0	0.0	0.0	1.0	0.0	0.0	0.0	0.0	0.0	0.0	0.0	0.0
prev_10	spearman	ST13	S__IMGVR_UViG_3300025860_000061	2	2.563873529434204	M5	0.07436148822307587	0.08071974664926529	0.07436148822307587	0.07436148822307587	0.07436148822307587	0.07436148822307587	0.07436148822307587	0.08248274773359299	0.08457436412572861	0.0803193747997284	0.07436148822307587	0.07436148822307587	0.07701189070940018
prev_10	spearman	ST13	S__IMGVR_UViG_3300025869_000017	4	-0.0	M5	0.0	0.0	0.0	0.0	1.0	0.0	0.0	0.0	0.0	0.0	0.0	0.0	0.0
prev_10	spearman	ST13	S__IMGVR_UViG_3300027687_000007	4	2.563873529434204	M5	0.07436148822307587	0.08071974664926529	0.07436148822307587	0.07436148822307587	0.07436148822307587	0.07436148822307587	0.07436148822307587	0.08248274773359299	0.08457436412572861	0.0803193747997284	0.07436148822307587	0.07436148822307587	0.07701189070940018
prev_10	spearman	ST13	S__IMGVR_UViG_3300027780_000015	4	2.563873529434204	M5	0.07436148822307587	0.08071974664926529	0.07436148822307587	0.07436148822307587	0.07436148822307587	0.07436148822307587	0.07436148822307587	0.08248274773359299	0.08457436412572861	0.0803193747997284	0.07436148822307587	0.07436148822307587	0.07701189070940018
prev_10	spearman	ST13	S__IMGVR_UViG_3300027813_000042	4	-0.0	M5	0.0	0.0	0.0	0.0	1.0	0.0	0.0	0.0	0.0	0.0	0.0	0.0	0.0
prev_10	spearman	ST13	S__IMGVR_UViG_3300027833_000016	4	-0.0	M5	0.0	0.0	0.0	0.0	1.0	0.0	0.0	0.0	0.0	0.0	0.0	0.0	0.0
prev_10	spearman	ST13	S__IMGVR_UViG_3300027833_000046	4	-0.0	M5	0.0	0.0	0.0	0.0	1.0	0.0	0.0	0.0	0.0	0.0	0.0	0.0	0.0
prev_10	spearman	ST13	S__IMGVR_UViG_3300027861_000023	2	-0.0	M5	0.0	0.0	0.0	0.0	1.0	0.0	0.0	0.0	0.0	0.0	0.0	0.0	0.0
prev_10	spearman	ST13	S__IMGVR_UViG_3300028198_000003	3	-0.0	M5	0.0	0.0	0.0	0.0	1.0	0.0	0.0	0.0	0.0	0.0	0.0	0.0	0.0
prev_10	spearman	ST13	S__IMGVR_UViG_3300028535_000001	4	2.563873529434204	M5	0.07436148822307587	0.08071974664926529	0.07436148822307587	0.07436148822307587	0.07436148822307587	0.07436148822307587	0.07436148822307587	0.08248274773359299	0.08457436412572861	0.0803193747997284	0.07436148822307587	0.07436148822307587	0.07701189070940018
prev_10	spearman	ST13	S__IMGVR_UViG_3300031519_000018	4	-0.0	M5	0.0	0.0	0.0	0.0	1.0	0.0	0.0	0.0	0.0	0.0	0.0	0.0	0.0
prev_10	spearman	ST13	S__IMGVR_UViG_3300031687_001020	2	-0.0	M5	0.0	0.0	0.0	0.0	1.0	0.0	0.0	0.0	0.0	0.0	0.0	0.0	0.0
prev_10	spearman	ST13	S__IMGVR_UViG_3300031688_001339	2	-0.0	M5	0.0	0.0	0.0	0.0	1.0	0.0	0.0	0.0	0.0	0.0	0.0	0.0	0.0
prev_10	spearman	ST13	S__IMGVR_UViG_3300035195_000275	4	-0.0	M5	0.0	0.0	0.0	0.0	1.0	0.0	0.0	0.0	0.0	0.0	0.0	0.0	0.0
prev_10	spearman	ST13	S__IMGVR_UViG_3300037585_000783	2	-0.0	M5	0.0	0.0	0.0	0.0	1.0	0.0	0.0	0.0	0.0	0.0	0.0	0.0	0.0
prev_10	spearman	ST13	S__IMGVR_UViG_3300038315_000065	4	-0.0	M5	0.0	0.0	0.0	0.0	1.0	0.0	0.0	0.0	0.0	0.0	0.0	0.0	0.0
prev_10	spearman	ST13	S__IMGVR_UViG_3300046168_000044	4	-0.0	M5	0.0	0.0	0.0	0.0	1.0	0.0	0.0	0.0	0.0	0.0	0.0	0.0	0.0
prev_10	spearman	ST13	S__IMGVR_UViG_3300046532_001046	3	-0.0	M5	0.0	0.0	0.0	0.0	1.0	0.0	0.0	0.0	0.0	0.0	0.0	0.0	0.0
prev_10	spearman	ST13	S__IMGVR_UViG_3300047157_000078	4	2.563873529434204	M5	0.07436148822307587	0.08071974664926529	0.07436148822307587	0.07436148822307587	0.07436148822307587	0.07436148822307587	0.07436148822307587	0.08248274773359299	0.08457436412572861	0.0803193747997284	0.07436148822307587	0.07436148822307587	0.07701189070940018
prev_10	spearman	ST13	S__IMGVR_UViG_3300049783_000307	3	-0.0	M5	0.0	0.0	0.0	0.0	1.0	0.0	0.0	0.0	0.0	0.0	0.0	0.0	0.0
prev_10	spearman	ST13	S__IMGVR_UViG_GVMAG-M-3300025652-16_000001	4	-0.0	M5	0.0	0.0	0.0	0.0	1.0	0.0	0.0	0.0	0.0	0.0	0.0	0.0	0.0
prev_10	spearman	ST13	S__IMGVR_UViG_GVMAG-S-1102114-126_000001	4	2.563873529434204	M5	0.07436148822307587	0.08071974664926529	0.07436148822307587	0.07436148822307587	0.07436148822307587	0.07436148822307587	0.07436148822307587	0.08248274773359299	0.08457436412572861	0.0803193747997284	0.07436148822307587	0.07436148822307587	0.07701189070940018
prev_10	spearman	ST13	S__IMGVR_UViG_GVMAG-S-ERX556030-34_000001	2	-0.0	M5	0.0	0.0	0.0	0.0	1.0	0.0	0.0	0.0	0.0	0.0	0.0	0.0	0.0
prev_10	spearman	ST13	S__IMGVR_UViG_GVMAG-S-ERX556043-36_000001	4	-0.0	M5	0.0	0.0	0.0	0.0	1.0	0.0	0.0	0.0	0.0	0.0	0.0	0.0	0.0
prev_10	spearman	ST13	S__Phycodnaviridae_HM004430_Bathycoccus_sp_RCC1105_virus_BpV2	4	-0.0	M5	0.0	0.0	0.0	0.0	1.0	0.0	0.0	0.0	0.0	0.0	0.0	0.0	0.0
prev_10	spearman	ST13	S__Schulz_GVMAG_M_3300025652_16	4	-0.0	M5	0.0	0.0	0.0	0.0	1.0	0.0	0.0	0.0	0.0	0.0	0.0	0.0	0.0
prev_10	spearman	ST13	S__Schulz_GVMAG_S_1024967_63	2	-0.0	M5	0.0	0.0	0.0	0.0	1.0	0.0	0.0	0.0	0.0	0.0	0.0	0.0	0.0
prev_10	spearman	ST13	S__Schulz_GVMAG_S_1102104_120	2	-0.0	M5	0.0	0.0	0.0	0.0	1.0	0.0	0.0	0.0	0.0	0.0	0.0	0.0	0.0
prev_10	spearman	ST13	S__Schulz_GVMAG_S_1102114_126	3	-0.0	M5	0.0	0.0	0.0	0.0	1.0	0.0	0.0	0.0	0.0	0.0	0.0	0.0	0.0
prev_10	spearman	ST13	S__TARA_ARC_108_MAG_00021	4	-0.0	M5	0.0	0.0	0.0	0.0	1.0	0.0	0.0	0.0	0.0	0.0	0.0	0.0	0.0
prev_10	spearman	ST13	S__TARA_ARC_108_MAG_00099	4	-0.0	M5	0.0	0.0	0.0	0.0	1.0	0.0	0.0	0.0	0.0	0.0	0.0	0.0	0.0
prev_10	spearman	ST13	S__TARA_ARC_108_MAG_00146	4	-0.0	M5	0.0	0.0	0.0	0.0	1.0	0.0	0.0	0.0	0.0	0.0	0.0	0.0	0.0
prev_10	spearman	ST13	S__TARA_ARC_108_MAG_00181	3	-0.0	M5	0.0	0.0	0.0	0.0	1.0	0.0	0.0	0.0	0.0	0.0	0.0	0.0	0.0
prev_10	spearman	ST13	S__TARA_ARC_NCLDV_00033	3	-0.0	M5	0.0	0.0	0.0	0.0	1.0	0.0	0.0	0.0	0.0	0.0	0.0	0.0	0.0
prev_10	spearman	ST13	S__TARA_ARC_NCLDV_00036	2	-0.0	M5	0.0	0.0	0.0	0.0	1.0	0.0	0.0	0.0	0.0	0.0	0.0	0.0	0.0
prev_10	spearman	ST13	S__TARA_ARC_NCLDV_00127	4	-0.0	M5	0.0	0.0	0.0	0.0	1.0	0.0	0.0	0.0	0.0	0.0	0.0	0.0	0.0
prev_10	spearman	ST13	S__TARA_ARC_NCLDV_00176	2	-0.0	M5	0.0	0.0	0.0	0.0	1.0	0.0	0.0	0.0	0.0	0.0	0.0	0.0	0.0
prev_10	spearman	ST13	S__TARA_ARC_NCLDV_00188	4	-0.0	M5	0.0	0.0	0.0	0.0	1.0	0.0	0.0	0.0	0.0	0.0	0.0	0.0	0.0
prev_10	spearman	ST13	S__TARA_SOC_28_MAG_00007	2	-0.0	M5	0.0	0.0	0.0	0.0	1.0	0.0	0.0	0.0	0.0	0.0	0.0	0.0	0.0
prev_10	spearman	ST13	S__TARA_SOC_28_MAG_00016	3	-0.0	M5	0.0	0.0	0.0	0.0	1.0	0.0	0.0	0.0	0.0	0.0	0.0	0.0	0.0
prev_10	spearman	ST13	S__TARA_SOC_NCLDV_00026	4	-0.0	M5	0.0	0.0	0.0	0.0	1.0	0.0	0.0	0.0	0.0	0.0	0.0	0.0	0.0
prev_10	spearman	GeoB25202_R1	S__3300001683_28	4	-0.0	M5	0.0	0.0	0.0	0.0	1.0	0.0	0.0	0.0	0.0	0.0	0.0	0.0	0.0
prev_10	spearman	GeoB25202_R1	S__3300006311_3	4	-0.0	M5	0.0	0.0	0.0	0.0	1.0	0.0	0.0	0.0	0.0	0.0	0.0	0.0	0.0
prev_10	spearman	GeoB25202_R1	S__3300020187_18	4	-0.0	M5	0.0	0.0	0.0	0.0	1.0	0.0	0.0	0.0	0.0	0.0	0.0	0.0	0.0
prev_10	spearman	GeoB25202_R1	S__3300020263_16	4	-0.0	M5	0.0	0.0	0.0	0.0	1.0	0.0	0.0	0.0	0.0	0.0	0.0	0.0	0.0
prev_10	spearman	GeoB25202_R1	S__3300020300_16	4	-0.0	M5	0.0	0.0	0.0	0.0	1.0	0.0	0.0	0.0	0.0	0.0	0.0	0.0	0.0
prev_10	spearman	GeoB25202_R1	S__3300020330_9	4	-0.0	M5	0.0	0.0	0.0	0.0	1.0	0.0	0.0	0.0	0.0	0.0	0.0	0.0	0.0
prev_10	spearman	GeoB25202_R1	S__3300024058_12	4	-0.0	M5	0.0	0.0	0.0	0.0	1.0	0.0	0.0	0.0	0.0	0.0	0.0	0.0	0.0
prev_10	spearman	GeoB25202_R1	S__3300024058_22	4	-0.0	M5	0.0	0.0	0.0	0.0	1.0	0.0	0.0	0.0	0.0	0.0	0.0	0.0	0.0
prev_10	spearman	GeoB25202_R1	S__3300024060_27	4	-0.0	M5	0.0	0.0	0.0	0.0	1.0	0.0	0.0	0.0	0.0	0.0	0.0	0.0	0.0
prev_10	spearman	GeoB25202_R1	S__3300024431_33	4	-0.0	M5	0.0	0.0	0.0	0.0	1.0	0.0	0.0	0.0	0.0	0.0	0.0	0.0	0.0
prev_10	spearman	GeoB25202_R1	S__3300024516_13	4	-0.0	M5	0.0	0.0	0.0	0.0	1.0	0.0	0.0	0.0	0.0	0.0	0.0	0.0	0.0
prev_10	spearman	GeoB25202_R1	S__3300024516_18	4	-0.0	M5	0.0	0.0	0.0	0.0	1.0	0.0	0.0	0.0	0.0	0.0	0.0	0.0	0.0
prev_10	spearman	GeoB25202_R1	S__3300024516_26	4	-0.0	M5	0.0	0.0	0.0	0.0	1.0	0.0	0.0	0.0	0.0	0.0	0.0	0.0	0.0
prev_10	spearman	GeoB25202_R1	S__3300024516_38	4	-0.0	M5	0.0	0.0	0.0	0.0	1.0	0.0	0.0	0.0	0.0	0.0	0.0	0.0	0.0
prev_10	spearman	GeoB25202_R1	S__3300026087_14	4	-0.0	M5	0.0	0.0	0.0	0.0	1.0	0.0	0.0	0.0	0.0	0.0	0.0	0.0	0.0
prev_10	spearman	GeoB25202_R1	S__3300026253_28	4	-0.0	M5	0.0	0.0	0.0	0.0	1.0	0.0	0.0	0.0	0.0	0.0	0.0	0.0	0.0
prev_10	spearman	GeoB25202_R1	S__3300026264_29	3	-0.0	M5	0.0	0.0	0.0	0.0	1.0	0.0	0.0	0.0	0.0	0.0	0.0	0.0	0.0
prev_10	spearman	GeoB25202_R1	S__3300026264_34	4	2.563873529434204	M9	0.07436148822307587	0.08071974664926529	0.07436148822307587	0.07436148822307587	0.07436148822307587	0.07436148822307587	0.07436148822307587	0.08248274773359299	0.08457436412572861	0.0803193747997284	0.07436148822307587	0.07436148822307587	0.07701189070940018
prev_10	spearman	GeoB25202_R1	S__3300027687_20	4	-0.0	M5	0.0	0.0	0.0	0.0	1.0	0.0	0.0	0.0	0.0	0.0	0.0	0.0	0.0
prev_10	spearman	GeoB25202_R1	S__3300027752_17	4	-0.0	M5	0.0	0.0	0.0	0.0	1.0	0.0	0.0	0.0	0.0	0.0	0.0	0.0	0.0
prev_10	spearman	GeoB25202_R1	S__3300027771_26	4	-0.0	M5	0.0	0.0	0.0	0.0	1.0	0.0	0.0	0.0	0.0	0.0	0.0	0.0	0.0
prev_10	spearman	GeoB25202_R1	S__3300027779_22	4	-0.0	M5	0.0	0.0	0.0	0.0	1.0	0.0	0.0	0.0	0.0	0.0	0.0	0.0	0.0
prev_10	spearman	GeoB25202_R1	S__3300027791_27	4	-0.0	M5	0.0	0.0	0.0	0.0	1.0	0.0	0.0	0.0	0.0	0.0	0.0	0.0	0.0
prev_10	spearman	GeoB25202_R1	S__3300027827_16	4	-0.0	M5	0.0	0.0	0.0	0.0	1.0	0.0	0.0	0.0	0.0	0.0	0.0	0.0	0.0
prev_10	spearman	GeoB25202_R1	S__3300027844_79	4	-0.0	M5	0.0	0.0	0.0	0.0	1.0	0.0	0.0	0.0	0.0	0.0	0.0	0.0	0.0
prev_10	spearman	GeoB25202_R1	S__3300027847_80	4	-0.0	M5	0.0	0.0	0.0	0.0	1.0	0.0	0.0	0.0	0.0	0.0	0.0	0.0	0.0
prev_10	spearman	GeoB25202_R1	S__3300027997_10	4	-0.0	M5	0.0	0.0	0.0	0.0	1.0	0.0	0.0	0.0	0.0	0.0	0.0	0.0	0.0
prev_10	spearman	GeoB25202_R1	S__GCA_000213395.2	4	-0.0	M5	0.0	0.0	0.0	0.0	1.0	0.0	0.0	0.0	0.0	0.0	0.0	0.0	0.0
prev_10	spearman	GeoB25202_R1	S__GCA_000402075.1	4	-0.0	M5	0.0	0.0	0.0	0.0	1.0	0.0	0.0	0.0	0.0	0.0	0.0	0.0	0.0
prev_10	spearman	GeoB25202_R1	S__GCA_001437625.1	4	-0.0	M5	0.0	0.0	0.0	0.0	1.0	0.0	0.0	0.0	0.0	0.0	0.0	0.0	0.0
prev_10	spearman	GeoB25202_R1	S__GCA_001510275.1	3	-0.0	M5	0.0	0.0	0.0	0.0	1.0	0.0	0.0	0.0	0.0	0.0	0.0	0.0	0.0
prev_10	spearman	GeoB25202_R1	S__GCA_001542995.1	4	-0.0	M5	0.0	0.0	0.0	0.0	1.0	0.0	0.0	0.0	0.0	0.0	0.0	0.0	0.0
prev_10	spearman	GeoB25202_R1	S__GCA_001543015.1	4	-0.0	M5	0.0	0.0	0.0	0.0	1.0	0.0	0.0	0.0	0.0	0.0	0.0	0.0	0.0
prev_10	spearman	GeoB25202_R1	S__GCA_001643535.1	3	-0.0	M5	0.0	0.0	0.0	0.0	1.0	0.0	0.0	0.0	0.0	0.0	0.0	0.0	0.0
prev_10	spearman	GeoB25202_R1	S__GCA_002295725.1	4	-0.0	M5	0.0	0.0	0.0	0.0	1.0	0.0	0.0	0.0	0.0	0.0	0.0	0.0	0.0
prev_10	spearman	GeoB25202_R1	S__GCA_002313235.1	4	-0.0	M5	0.0	0.0	0.0	0.0	1.0	0.0	0.0	0.0	0.0	0.0	0.0	0.0	0.0
prev_10	spearman	GeoB25202_R1	S__GCA_002317795.1	4	-0.0	M5	0.0	0.0	0.0	0.0	1.0	0.0	0.0	0.0	0.0	0.0	0.0	0.0	0.0
prev_10	spearman	GeoB25202_R1	S__GCA_002335045.1	3	-0.0	M5	0.0	0.0	0.0	0.0	1.0	0.0	0.0	0.0	0.0	0.0	0.0	0.0	0.0
prev_10	spearman	GeoB25202_R1	S__GCA_002499015.1	4	-0.0	M5	0.0	0.0	0.0	0.0	1.0	0.0	0.0	0.0	0.0	0.0	0.0	0.0	0.0
prev_10	spearman	GeoB25202_R1	S__GCA_003229345.1	4	-0.0	M5	0.0	0.0	0.0	0.0	1.0	0.0	0.0	0.0	0.0	0.0	0.0	0.0	0.0
prev_10	spearman	GeoB25202_R1	S__GCA_003331785.1	4	-0.0	M5	0.0	0.0	0.0	0.0	1.0	0.0	0.0	0.0	0.0	0.0	0.0	0.0	0.0
prev_10	spearman	GeoB25202_R1	S__GCA_003526595.1	4	-0.0	M5	0.0	0.0	0.0	0.0	1.0	0.0	0.0	0.0	0.0	0.0	0.0	0.0	0.0
prev_10	spearman	GeoB25202_R1	S__GCA_003545625.1	4	-0.0	M5	0.0	0.0	0.0	0.0	1.0	0.0	0.0	0.0	0.0	0.0	0.0	0.0	0.0
prev_10	spearman	GeoB25202_R1	S__GCA_003672175.1	4	-0.0	M5	0.0	0.0	0.0	0.0	1.0	0.0	0.0	0.0	0.0	0.0	0.0	0.0	0.0
prev_10	spearman	GeoB25202_R1	S__GCA_004195625.1	4	-0.0	M5	0.0	0.0	0.0	0.0	1.0	0.0	0.0	0.0	0.0	0.0	0.0	0.0	0.0
prev_10	spearman	GeoB25202_R1	S__GCA_004356455.1	4	-0.0	M5	0.0	0.0	0.0	0.0	1.0	0.0	0.0	0.0	0.0	0.0	0.0	0.0	0.0
prev_10	spearman	GeoB25202_R1	S__GCA_004356825.1	4	-0.0	M5	0.0	0.0	0.0	0.0	1.0	0.0	0.0	0.0	0.0	0.0	0.0	0.0	0.0
prev_10	spearman	GeoB25202_R1	S__GCA_004356895.1	4	-0.0	M5	0.0	0.0	0.0	0.0	1.0	0.0	0.0	0.0	0.0	0.0	0.0	0.0	0.0
prev_10	spearman	GeoB25202_R1	S__GCA_008974855.1	4	-0.0	M5	0.0	0.0	0.0	0.0	1.0	0.0	0.0	0.0	0.0	0.0	0.0	0.0	0.0
prev_10	spearman	GeoB25202_R1	S__GCA_008975185.1	4	-0.0	M5	0.0	0.0	0.0	0.0	1.0	0.0	0.0	0.0	0.0	0.0	0.0	0.0	0.0
prev_10	spearman	GeoB25202_R1	S__GCA_009392475.1	4	-0.0	M5	0.0	0.0	0.0	0.0	1.0	0.0	0.0	0.0	0.0	0.0	0.0	0.0	0.0
prev_10	spearman	GeoB25202_R1	S__GCA_009937205.1	4	-0.0	M5	0.0	0.0	0.0	0.0	1.0	0.0	0.0	0.0	0.0	0.0	0.0	0.0	0.0
prev_10	spearman	GeoB25202_R1	S__GCA_011055585.1	4	-0.0	M5	0.0	0.0	0.0	0.0	1.0	0.0	0.0	0.0	0.0	0.0	0.0	0.0	0.0
prev_10	spearman	GeoB25202_R1	S__GCA_012960805.1	4	-0.0	M5	0.0	0.0	0.0	0.0	1.0	0.0	0.0	0.0	0.0	0.0	0.0	0.0	0.0
prev_10	spearman	GeoB25202_R1	S__GCA_012964335.1	4	-0.0	M5	0.0	0.0	0.0	0.0	1.0	0.0	0.0	0.0	0.0	0.0	0.0	0.0	0.0
prev_10	spearman	GeoB25202_R1	S__GCA_012974305.1	3	-0.0	M5	0.0	0.0	0.0	0.0	1.0	0.0	0.0	0.0	0.0	0.0	0.0	0.0	0.0
prev_10	spearman	GeoB25202_R1	S__GCA_012974425.1	3	-0.0	M5	0.0	0.0	0.0	0.0	1.0	0.0	0.0	0.0	0.0	0.0	0.0	0.0	0.0
prev_10	spearman	GeoB25202_R1	S__GCA_013215285.1	4	-0.0	M5	0.0	0.0	0.0	0.0	1.0	0.0	0.0	0.0	0.0	0.0	0.0	0.0	0.0
prev_10	spearman	GeoB25202_R1	S__GCA_013390475.1	4	-0.0	M5	0.0	0.0	0.0	0.0	1.0	0.0	0.0	0.0	0.0	0.0	0.0	0.0	0.0
prev_10	spearman	GeoB25202_R1	S__GCA_013911135.1	4	-0.0	M5	0.0	0.0	0.0	0.0	1.0	0.0	0.0	0.0	0.0	0.0	0.0	0.0	0.0
prev_10	spearman	GeoB25202_R1	S__GCA_014384505.1	4	-0.0	M5	0.0	0.0	0.0	0.0	1.0	0.0	0.0	0.0	0.0	0.0	0.0	0.0	0.0
prev_10	spearman	GeoB25202_R1	S__GCA_015659035.1	4	-0.0	M5	0.0	0.0	0.0	0.0	1.0	0.0	0.0	0.0	0.0	0.0	0.0	0.0	0.0
prev_10	spearman	GeoB25202_R1	S__GCA_015659595.1	4	-0.0	M5	0.0	0.0	0.0	0.0	1.0	0.0	0.0	0.0	0.0	0.0	0.0	0.0	0.0
prev_10	spearman	GeoB25202_R1	S__GCA_016276965.1	4	-0.0	M5	0.0	0.0	0.0	0.0	1.0	0.0	0.0	0.0	0.0	0.0	0.0	0.0	0.0
prev_10	spearman	GeoB25202_R1	S__GCA_016777225.1	4	-0.0	M5	0.0	0.0	0.0	0.0	1.0	0.0	0.0	0.0	0.0	0.0	0.0	0.0	0.0
prev_10	spearman	GeoB25202_R1	S__GCA_016838795.1	4	-0.0	M5	0.0	0.0	0.0	0.0	1.0	0.0	0.0	0.0	0.0	0.0	0.0	0.0	0.0
prev_10	spearman	GeoB25202_R1	S__GCA_016838825.1	4	-0.0	M5	0.0	0.0	0.0	0.0	1.0	0.0	0.0	0.0	0.0	0.0	0.0	0.0	0.0
prev_10	spearman	GeoB25202_R1	S__GCA_016838845.1	4	-0.0	M5	0.0	0.0	0.0	0.0	1.0	0.0	0.0	0.0	0.0	0.0	0.0	0.0	0.0
prev_10	spearman	GeoB25202_R1	S__GCA_017368835.1	3	-0.0	M5	0.0	0.0	0.0	0.0	1.0	0.0	0.0	0.0	0.0	0.0	0.0	0.0	0.0
prev_10	spearman	GeoB25202_R1	S__GCA_017854145.1	4	-0.0	M5	0.0	0.0	0.0	0.0	1.0	0.0	0.0	0.0	0.0	0.0	0.0	0.0	0.0
prev_10	spearman	GeoB25202_R1	S__GCA_902512375.1	4	-0.0	M5	0.0	0.0	0.0	0.0	1.0	0.0	0.0	0.0	0.0	0.0	0.0	0.0	0.0
prev_10	spearman	GeoB25202_R1	S__GCA_902514095.1	3	-0.0	M5	0.0	0.0	0.0	0.0	1.0	0.0	0.0	0.0	0.0	0.0	0.0	0.0	0.0
prev_10	spearman	GeoB25202_R1	S__GCA_905181595.1	4	-0.0	M5	0.0	0.0	0.0	0.0	1.0	0.0	0.0	0.0	0.0	0.0	0.0	0.0	0.0
prev_10	spearman	GeoB25202_R1	S__GCA_905182235.1	4	-0.0	M5	0.0	0.0	0.0	0.0	1.0	0.0	0.0	0.0	0.0	0.0	0.0	0.0	0.0
prev_10	spearman	GeoB25202_R1	S__GCA_905182465.1	4	-0.0	M5	0.0	0.0	0.0	0.0	1.0	0.0	0.0	0.0	0.0	0.0	0.0	0.0	0.0
prev_10	spearman	GeoB25202_R1	S__GCA_905182775.1	4	-0.0	M5	0.0	0.0	0.0	0.0	1.0	0.0	0.0	0.0	0.0	0.0	0.0	0.0	0.0
prev_10	spearman	GeoB25202_R1	S__GCA_905182795.1	4	-0.0	M5	0.0	0.0	0.0	0.0	1.0	0.0	0.0	0.0	0.0	0.0	0.0	0.0	0.0
prev_10	spearman	GeoB25202_R1	S__GCA_905182815.1	4	-0.0	M5	0.0	0.0	0.0	0.0	1.0	0.0	0.0	0.0	0.0	0.0	0.0	0.0	0.0
prev_10	spearman	GeoB25202_R1	S__GCA_905182865.1	4	-0.0	M5	0.0	0.0	0.0	0.0	1.0	0.0	0.0	0.0	0.0	0.0	0.0	0.0	0.0
prev_10	spearman	GeoB25202_R1	S__GCA_905182885.1	4	-0.0	M5	0.0	0.0	0.0	0.0	1.0	0.0	0.0	0.0	0.0	0.0	0.0	0.0	0.0
prev_10	spearman	GeoB25202_R1	S__GCA_905478185.1	4	-0.0	M5	0.0	0.0	0.0	0.0	1.0	0.0	0.0	0.0	0.0	0.0	0.0	0.0	0.0
prev_10	spearman	GeoB25202_R1	S__GCA_905478615.1	3	-0.0	M5	0.0	0.0	0.0	0.0	1.0	0.0	0.0	0.0	0.0	0.0	0.0	0.0	0.0
prev_10	spearman	GeoB25202_R1	S__GCA_905480095.1	4	-0.0	M5	0.0	0.0	0.0	0.0	1.0	0.0	0.0	0.0	0.0	0.0	0.0	0.0	0.0
prev_10	spearman	GeoB25202_R1	S__GCA_905612275.1	4	2.563873529434204	M5	0.07436148822307587	0.08071974664926529	0.07436148822307587	0.07436148822307587	0.07436148822307587	0.07436148822307587	0.07436148822307587	0.08248274773359299	0.08457436412572861	0.0803193747997284	0.07436148822307587	0.07436148822307587	0.07701189070940018
prev_10	spearman	GeoB25202_R1	S__GCA_905612295.1	4	-0.0	M5	0.0	0.0	0.0	0.0	1.0	0.0	0.0	0.0	0.0	0.0	0.0	0.0	0.0
prev_10	spearman	GeoB25202_R1	S__GCA_905612305.1	4	-0.0	M5	0.0	0.0	0.0	0.0	1.0	0.0	0.0	0.0	0.0	0.0	0.0	0.0	0.0
prev_10	spearman	GeoB25202_R1	S__GCA_905612365.1	4	-0.0	M5	0.0	0.0	0.0	0.0	1.0	0.0	0.0	0.0	0.0	0.0	0.0	0.0	0.0
prev_10	spearman	GeoB25202_R1	S__GCA_905612455.1	4	-0.0	M5	0.0	0.0	0.0	0.0	1.0	0.0	0.0	0.0	0.0	0.0	0.0	0.0	0.0
prev_10	spearman	GeoB25202_R1	S__GCA_905618915.1	4	-0.0	M5	0.0	0.0	0.0	0.0	1.0	0.0	0.0	0.0	0.0	0.0	0.0	0.0	0.0
prev_10	spearman	GeoB25202_R1	S__GCF_012276695.1	4	-0.0	M5	0.0	0.0	0.0	0.0	1.0	0.0	0.0	0.0	0.0	0.0	0.0	0.0	0.0
prev_10	spearman	GeoB25202_R1	S__GCF_013407165.1	4	-0.0	M5	0.0	0.0	0.0	0.0	1.0	0.0	0.0	0.0	0.0	0.0	0.0	0.0	0.0
prev_10	spearman	GeoB25202_R1	S__GCF_014279835.1	4	-0.0	M5	0.0	0.0	0.0	0.0	1.0	0.0	0.0	0.0	0.0	0.0	0.0	0.0	0.0
prev_10	spearman	GeoB25202_R1	S__IMGVR_UViG_3300006467_000165	4	-0.0	M5	0.0	0.0	0.0	0.0	1.0	0.0	0.0	0.0	0.0	0.0	0.0	0.0	0.0
prev_10	spearman	GeoB25202_R1	S__IMGVR_UViG_3300009440_000004	4	-0.0	M5	0.0	0.0	0.0	0.0	1.0	0.0	0.0	0.0	0.0	0.0	0.0	0.0	0.0
prev_10	spearman	GeoB25202_R1	S__IMGVR_UViG_3300009443_000008	3	-0.0	M5	0.0	0.0	0.0	0.0	1.0	0.0	0.0	0.0	0.0	0.0	0.0	0.0	0.0
prev_10	spearman	GeoB25202_R1	S__IMGVR_UViG_3300020166_000015	4	-0.0	M5	0.0	0.0	0.0	0.0	1.0	0.0	0.0	0.0	0.0	0.0	0.0	0.0	0.0
prev_10	spearman	GeoB25202_R1	S__IMGVR_UViG_3300020182_000036	4	-0.0	M5	0.0	0.0	0.0	0.0	1.0	0.0	0.0	0.0	0.0	0.0	0.0	0.0	0.0
prev_10	spearman	GeoB25202_R1	S__IMGVR_UViG_3300021087_000038	4	-0.0	M5	0.0	0.0	0.0	0.0	1.0	0.0	0.0	0.0	0.0	0.0	0.0	0.0	0.0
prev_10	spearman	GeoB25202_R1	S__IMGVR_UViG_3300023239_000003	4	-0.0	M5	0.0	0.0	0.0	0.0	1.0	0.0	0.0	0.0	0.0	0.0	0.0	0.0	0.0
prev_10	spearman	GeoB25202_R1	S__IMGVR_UViG_3300024520_000070	4	-0.0	M5	0.0	0.0	0.0	0.0	1.0	0.0	0.0	0.0	0.0	0.0	0.0	0.0	0.0
prev_10	spearman	GeoB25202_R1	S__IMGVR_UViG_3300025071_000006	4	-0.0	M5	0.0	0.0	0.0	0.0	1.0	0.0	0.0	0.0	0.0	0.0	0.0	0.0	0.0
prev_10	spearman	GeoB25202_R1	S__IMGVR_UViG_3300025079_000001	4	-0.0	M5	0.0	0.0	0.0	0.0	1.0	0.0	0.0	0.0	0.0	0.0	0.0	0.0	0.0
prev_10	spearman	GeoB25202_R1	S__IMGVR_UViG_3300025653_000044	4	-0.0	M5	0.0	0.0	0.0	0.0	1.0	0.0	0.0	0.0	0.0	0.0	0.0	0.0	0.0
prev_10	spearman	GeoB25202_R1	S__IMGVR_UViG_3300025869_000017	4	-0.0	M5	0.0	0.0	0.0	0.0	1.0	0.0	0.0	0.0	0.0	0.0	0.0	0.0	0.0
prev_10	spearman	GeoB25202_R1	S__IMGVR_UViG_3300027687_000007	4	-0.0	M5	0.0	0.0	0.0	0.0	1.0	0.0	0.0	0.0	0.0	0.0	0.0	0.0	0.0
prev_10	spearman	GeoB25202_R1	S__IMGVR_UViG_3300027780_000015	4	-0.0	M5	0.0	0.0	0.0	0.0	1.0	0.0	0.0	0.0	0.0	0.0	0.0	0.0	0.0
prev_10	spearman	GeoB25202_R1	S__IMGVR_UViG_3300027813_000042	4	-0.0	M5	0.0	0.0	0.0	0.0	1.0	0.0	0.0	0.0	0.0	0.0	0.0	0.0	0.0
prev_10	spearman	GeoB25202_R1	S__IMGVR_UViG_3300027833_000016	4	-0.0	M5	0.0	0.0	0.0	0.0	1.0	0.0	0.0	0.0	0.0	0.0	0.0	0.0	0.0
prev_10	spearman	GeoB25202_R1	S__IMGVR_UViG_3300027833_000046	4	-0.0	M5	0.0	0.0	0.0	0.0	1.0	0.0	0.0	0.0	0.0	0.0	0.0	0.0	0.0
prev_10	spearman	GeoB25202_R1	S__IMGVR_UViG_3300028535_000001	4	-0.0	M5	0.0	0.0	0.0	0.0	1.0	0.0	0.0	0.0	0.0	0.0	0.0	0.0	0.0
prev_10	spearman	GeoB25202_R1	S__IMGVR_UViG_3300031519_000018	4	-0.0	M5	0.0	0.0	0.0	0.0	1.0	0.0	0.0	0.0	0.0	0.0	0.0	0.0	0.0
prev_10	spearman	GeoB25202_R1	S__IMGVR_UViG_3300035195_000275	4	-0.0	M5	0.0	0.0	0.0	0.0	1.0	0.0	0.0	0.0	0.0	0.0	0.0	0.0	0.0
prev_10	spearman	GeoB25202_R1	S__IMGVR_UViG_3300038315_000065	4	-0.0	M5	0.0	0.0	0.0	0.0	1.0	0.0	0.0	0.0	0.0	0.0	0.0	0.0	0.0
prev_10	spearman	GeoB25202_R1	S__IMGVR_UViG_3300046168_000044	4	-0.0	M5	0.0	0.0	0.0	0.0	1.0	0.0	0.0	0.0	0.0	0.0	0.0	0.0	0.0
prev_10	spearman	GeoB25202_R1	S__IMGVR_UViG_3300047157_000078	4	-0.0	M5	0.0	0.0	0.0	0.0	1.0	0.0	0.0	0.0	0.0	0.0	0.0	0.0	0.0
prev_10	spearman	GeoB25202_R1	S__IMGVR_UViG_3300049783_000307	3	-0.0	M5	0.0	0.0	0.0	0.0	1.0	0.0	0.0	0.0	0.0	0.0	0.0	0.0	0.0
prev_10	spearman	GeoB25202_R1	S__IMGVR_UViG_GVMAG-M-3300025652-16_000001	4	-0.0	M5	0.0	0.0	0.0	0.0	1.0	0.0	0.0	0.0	0.0	0.0	0.0	0.0	0.0
prev_10	spearman	GeoB25202_R1	S__IMGVR_UViG_GVMAG-S-1102114-126_000001	4	-0.0	M5	0.0	0.0	0.0	0.0	1.0	0.0	0.0	0.0	0.0	0.0	0.0	0.0	0.0
prev_10	spearman	GeoB25202_R1	S__IMGVR_UViG_GVMAG-S-ERX556043-36_000001	4	-0.0	M5	0.0	0.0	0.0	0.0	1.0	0.0	0.0	0.0	0.0	0.0	0.0	0.0	0.0
prev_10	spearman	GeoB25202_R1	S__Phycodnaviridae_HM004430_Bathycoccus_sp_RCC1105_virus_BpV2	4	-0.0	M5	0.0	0.0	0.0	0.0	1.0	0.0	0.0	0.0	0.0	0.0	0.0	0.0	0.0
prev_10	spearman	GeoB25202_R1	S__Schulz_GVMAG_M_3300025652_16	4	-0.0	M5	0.0	0.0	0.0	0.0	1.0	0.0	0.0	0.0	0.0	0.0	0.0	0.0	0.0
prev_10	spearman	GeoB25202_R1	S__Schulz_GVMAG_S_1102114_126	3	-0.0	M5	0.0	0.0	0.0	0.0	1.0	0.0	0.0	0.0	0.0	0.0	0.0	0.0	0.0
prev_10	spearman	GeoB25202_R1	S__TARA_ARC_108_MAG_00021	4	-0.0	M5	0.0	0.0	0.0	0.0	1.0	0.0	0.0	0.0	0.0	0.0	0.0	0.0	0.0
prev_10	spearman	GeoB25202_R1	S__TARA_ARC_108_MAG_00099	4	-0.0	M5	0.0	0.0	0.0	0.0	1.0	0.0	0.0	0.0	0.0	0.0	0.0	0.0	0.0
prev_10	spearman	GeoB25202_R1	S__TARA_ARC_108_MAG_00146	4	-0.0	M5	0.0	0.0	0.0	0.0	1.0	0.0	0.0	0.0	0.0	0.0	0.0	0.0	0.0
prev_10	spearman	GeoB25202_R1	S__TARA_ARC_NCLDV_00127	4	-0.0	M5	0.0	0.0	0.0	0.0	1.0	0.0	0.0	0.0	0.0	0.0	0.0	0.0	0.0
prev_10	spearman	GeoB25202_R1	S__TARA_ARC_NCLDV_00188	4	-0.0	M5	0.0	0.0	0.0	0.0	1.0	0.0	0.0	0.0	0.0	0.0	0.0	0.0	0.0
prev_10	spearman	GeoB25202_R1	S__TARA_SOC_NCLDV_00026	4	-0.0	M5	0.0	0.0	0.0	0.0	1.0	0.0	0.0	0.0	0.0	0.0	0.0	0.0	0.0
prev_10	spearman	GeoB25202_R2	S__3300001683_28	4	-0.0	M5	0.0	0.0	0.0	0.0	1.0	0.0	0.0	0.0	0.0	0.0	0.0	0.0	0.0
prev_10	spearman	GeoB25202_R2	S__3300006311_3	4	-0.0	M5	0.0	0.0	0.0	0.0	1.0	0.0	0.0	0.0	0.0	0.0	0.0	0.0	0.0
prev_10	spearman	GeoB25202_R2	S__3300020187_18	4	-0.0	M5	0.0	0.0	0.0	0.0	1.0	0.0	0.0	0.0	0.0	0.0	0.0	0.0	0.0
prev_10	spearman	GeoB25202_R2	S__3300020263_16	4	-0.0	M5	0.0	0.0	0.0	0.0	1.0	0.0	0.0	0.0	0.0	0.0	0.0	0.0	0.0
prev_10	spearman	GeoB25202_R2	S__3300020300_16	4	-0.0	M5	0.0	0.0	0.0	0.0	1.0	0.0	0.0	0.0	0.0	0.0	0.0	0.0	0.0
prev_10	spearman	GeoB25202_R2	S__3300020330_9	4	-0.0	M5	0.0	0.0	0.0	0.0	1.0	0.0	0.0	0.0	0.0	0.0	0.0	0.0	0.0
prev_10	spearman	GeoB25202_R2	S__3300024058_12	4	-0.0	M5	0.0	0.0	0.0	0.0	1.0	0.0	0.0	0.0	0.0	0.0	0.0	0.0	0.0
prev_10	spearman	GeoB25202_R2	S__3300024058_22	4	-0.0	M5	0.0	0.0	0.0	0.0	1.0	0.0	0.0	0.0	0.0	0.0	0.0	0.0	0.0
prev_10	spearman	GeoB25202_R2	S__3300024060_27	4	4.234689147808962e-22	M5	0.0	0.0	0.0	0.0	1.0	1.5325850827114498e-23	0.0	0.0	0.0	0.0	0.0	0.0	0.0
prev_10	spearman	GeoB25202_R2	S__3300024431_33	4	-0.0	M5	0.0	0.0	0.0	0.0	1.0	0.0	0.0	0.0	0.0	0.0	0.0	0.0	0.0
prev_10	spearman	GeoB25202_R2	S__3300024516_13	4	-0.0	M5	0.0	0.0	0.0	0.0	1.0	0.0	0.0	0.0	0.0	0.0	0.0	0.0	0.0
prev_10	spearman	GeoB25202_R2	S__3300024516_18	4	-0.0	M5	0.0	0.0	0.0	0.0	1.0	0.0	0.0	0.0	0.0	0.0	0.0	0.0	0.0
prev_10	spearman	GeoB25202_R2	S__3300024516_26	4	-0.0	M5	0.0	0.0	0.0	0.0	1.0	0.0	0.0	0.0	0.0	0.0	0.0	0.0	0.0
prev_10	spearman	GeoB25202_R2	S__3300024516_38	4	-0.0	M5	0.0	0.0	0.0	0.0	1.0	0.0	0.0	0.0	0.0	0.0	0.0	0.0	0.0
prev_10	spearman	GeoB25202_R2	S__3300025276_12	3	-0.0	M5	0.0	0.0	0.0	0.0	1.0	0.0	0.0	0.0	0.0	0.0	0.0	0.0	0.0
prev_10	spearman	GeoB25202_R2	S__3300025894_53	3	-0.0	M5	0.0	0.0	0.0	0.0	1.0	0.0	0.0	0.0	0.0	0.0	0.0	0.0	0.0
prev_10	spearman	GeoB25202_R2	S__3300026080_15	3	-0.0	M5	0.0	0.0	0.0	0.0	1.0	0.0	0.0	0.0	0.0	0.0	0.0	0.0	0.0
prev_10	spearman	GeoB25202_R2	S__3300026087_14	4	-0.0	M5	0.0	0.0	0.0	0.0	1.0	0.0	0.0	0.0	0.0	0.0	0.0	0.0	0.0
prev_10	spearman	GeoB25202_R2	S__3300026253_28	4	-0.0	M5	0.0	0.0	0.0	0.0	1.0	0.0	0.0	0.0	0.0	0.0	0.0	0.0	0.0
prev_10	spearman	GeoB25202_R2	S__3300026253_8	3	-0.0	M5	0.0	0.0	0.0	0.0	1.0	0.0	0.0	0.0	0.0	0.0	0.0	0.0	0.0
prev_10	spearman	GeoB25202_R2	S__3300026264_34	4	2.563873529434204	M9	0.07436148822307587	0.08071974664926529	0.07436148822307587	0.07436148822307587	0.07436148822307587	0.07436148822307587	0.07436148822307587	0.08248274773359299	0.08457436412572861	0.0803193747997284	0.07436148822307587	0.07436148822307587	0.07701189070940018
prev_10	spearman	GeoB25202_R2	S__3300027687_20	4	-0.0	M5	0.0	0.0	0.0	0.0	1.0	0.0	0.0	0.0	0.0	0.0	0.0	0.0	0.0
prev_10	spearman	GeoB25202_R2	S__3300027752_17	4	-0.0	M5	0.0	0.0	0.0	0.0	1.0	0.0	0.0	0.0	0.0	0.0	0.0	0.0	0.0
prev_10	spearman	GeoB25202_R2	S__3300027771_26	4	-0.0	M5	0.0	0.0	0.0	0.0	1.0	0.0	0.0	0.0	0.0	0.0	0.0	0.0	0.0
prev_10	spearman	GeoB25202_R2	S__3300027779_22	4	-0.0	M5	0.0	0.0	0.0	0.0	1.0	0.0	0.0	0.0	0.0	0.0	0.0	0.0	0.0
prev_10	spearman	GeoB25202_R2	S__3300027791_27	4	-0.0	M5	0.0	0.0	0.0	0.0	1.0	0.0	0.0	0.0	0.0	0.0	0.0	0.0	0.0
prev_10	spearman	GeoB25202_R2	S__3300027827_16	4	-0.0	M5	0.0	0.0	0.0	0.0	1.0	0.0	0.0	0.0	0.0	0.0	0.0	0.0	0.0
prev_10	spearman	GeoB25202_R2	S__3300027844_79	4	-0.0	M5	0.0	0.0	0.0	0.0	1.0	0.0	0.0	0.0	0.0	0.0	0.0	0.0	0.0
prev_10	spearman	GeoB25202_R2	S__3300027847_80	4	-0.0	M5	0.0	0.0	0.0	0.0	1.0	0.0	0.0	0.0	0.0	0.0	0.0	0.0	0.0
prev_10	spearman	GeoB25202_R2	S__3300027997_10	4	-0.0	M5	0.0	0.0	0.0	0.0	1.0	0.0	0.0	0.0	0.0	0.0	0.0	0.0	0.0
prev_10	spearman	GeoB25202_R2	S__GCA_000213395.2	4	-0.0	M5	0.0	0.0	0.0	0.0	1.0	0.0	0.0	0.0	0.0	0.0	0.0	0.0	0.0
prev_10	spearman	GeoB25202_R2	S__GCA_000383355.1	3	-0.0	M5	0.0	0.0	0.0	0.0	1.0	0.0	0.0	0.0	0.0	0.0	0.0	0.0	0.0
prev_10	spearman	GeoB25202_R2	S__GCA_000402075.1	4	-0.0	M5	0.0	0.0	0.0	0.0	1.0	0.0	0.0	0.0	0.0	0.0	0.0	0.0	0.0
prev_10	spearman	GeoB25202_R2	S__GCA_001437625.1	4	-0.0	M5	0.0	0.0	0.0	0.0	1.0	0.0	0.0	0.0	0.0	0.0	0.0	0.0	0.0
prev_10	spearman	GeoB25202_R2	S__GCA_001510275.1	3	-0.0	M5	0.0	0.0	0.0	0.0	1.0	0.0	0.0	0.0	0.0	0.0	0.0	0.0	0.0
prev_10	spearman	GeoB25202_R2	S__GCA_001542995.1	4	-0.0	M5	0.0	0.0	0.0	0.0	1.0	0.0	0.0	0.0	0.0	0.0	0.0	0.0	0.0
prev_10	spearman	GeoB25202_R2	S__GCA_001543015.1	4	-0.0	M5	0.0	0.0	0.0	0.0	1.0	0.0	0.0	0.0	0.0	0.0	0.0	0.0	0.0
prev_10	spearman	GeoB25202_R2	S__GCA_001643535.1	3	-0.0	M5	0.0	0.0	0.0	0.0	1.0	0.0	0.0	0.0	0.0	0.0	0.0	0.0	0.0
prev_10	spearman	GeoB25202_R2	S__GCA_002082295.1	3	-0.0	M5	0.0	0.0	0.0	0.0	1.0	0.0	0.0	0.0	0.0	0.0	0.0	0.0	0.0
prev_10	spearman	GeoB25202_R2	S__GCA_002295725.1	4	-0.0	M5	0.0	0.0	0.0	0.0	1.0	0.0	0.0	0.0	0.0	0.0	0.0	0.0	0.0
prev_10	spearman	GeoB25202_R2	S__GCA_002313235.1	4	-0.0	M5	0.0	0.0	0.0	0.0	1.0	0.0	0.0	0.0	0.0	0.0	0.0	0.0	0.0
prev_10	spearman	GeoB25202_R2	S__GCA_002317795.1	4	-0.0	M5	0.0	0.0	0.0	0.0	1.0	0.0	0.0	0.0	0.0	0.0	0.0	0.0	0.0
prev_10	spearman	GeoB25202_R2	S__GCA_002499015.1	4	-0.0	M5	0.0	0.0	0.0	0.0	1.0	0.0	0.0	0.0	0.0	0.0	0.0	0.0	0.0
prev_10	spearman	GeoB25202_R2	S__GCA_003229345.1	4	-0.0	M5	0.0	0.0	0.0	0.0	1.0	0.0	0.0	0.0	0.0	0.0	0.0	0.0	0.0
prev_10	spearman	GeoB25202_R2	S__GCA_003331785.1	4	-0.0	M5	0.0	0.0	0.0	0.0	1.0	0.0	0.0	0.0	0.0	0.0	0.0	0.0	0.0
prev_10	spearman	GeoB25202_R2	S__GCA_003526595.1	4	-0.0	M5	0.0	0.0	0.0	0.0	1.0	0.0	0.0	0.0	0.0	0.0	0.0	0.0	0.0
prev_10	spearman	GeoB25202_R2	S__GCA_003545625.1	4	-0.0	M5	0.0	0.0	0.0	0.0	1.0	0.0	0.0	0.0	0.0	0.0	0.0	0.0	0.0
prev_10	spearman	GeoB25202_R2	S__GCA_003672175.1	4	-0.0	M5	0.0	0.0	0.0	0.0	1.0	0.0	0.0	0.0	0.0	0.0	0.0	0.0	0.0
prev_10	spearman	GeoB25202_R2	S__GCA_004195625.1	4	-0.0	M5	0.0	0.0	0.0	0.0	1.0	0.0	0.0	0.0	0.0	0.0	0.0	0.0	0.0
prev_10	spearman	GeoB25202_R2	S__GCA_004356455.1	4	-0.0	M5	0.0	0.0	0.0	0.0	1.0	0.0	0.0	0.0	0.0	0.0	0.0	0.0	0.0
prev_10	spearman	GeoB25202_R2	S__GCA_004356825.1	4	-0.0	M5	0.0	0.0	0.0	0.0	1.0	0.0	0.0	0.0	0.0	0.0	0.0	0.0	0.0
prev_10	spearman	GeoB25202_R2	S__GCA_004356895.1	4	-0.0	M5	0.0	0.0	0.0	0.0	1.0	0.0	0.0	0.0	0.0	0.0	0.0	0.0	0.0
prev_10	spearman	GeoB25202_R2	S__GCA_008974855.1	4	-0.0	M5	0.0	0.0	0.0	0.0	1.0	0.0	0.0	0.0	0.0	0.0	0.0	0.0	0.0
prev_10	spearman	GeoB25202_R2	S__GCA_008975185.1	4	-0.0	M5	0.0	0.0	0.0	0.0	1.0	0.0	0.0	0.0	0.0	0.0	0.0	0.0	0.0
prev_10	spearman	GeoB25202_R2	S__GCA_009392475.1	4	-0.0	M5	0.0	0.0	0.0	0.0	1.0	0.0	0.0	0.0	0.0	0.0	0.0	0.0	0.0
prev_10	spearman	GeoB25202_R2	S__GCA_009937205.1	4	-0.0	M5	0.0	0.0	0.0	0.0	1.0	0.0	0.0	0.0	0.0	0.0	0.0	0.0	0.0
prev_10	spearman	GeoB25202_R2	S__GCA_011055585.1	4	-0.0	M5	0.0	0.0	0.0	0.0	1.0	0.0	0.0	0.0	0.0	0.0	0.0	0.0	0.0
prev_10	spearman	GeoB25202_R2	S__GCA_012960805.1	4	-0.0	M5	0.0	0.0	0.0	0.0	1.0	0.0	0.0	0.0	0.0	0.0	0.0	0.0	0.0
prev_10	spearman	GeoB25202_R2	S__GCA_012964335.1	4	-0.0	M5	0.0	0.0	0.0	0.0	1.0	0.0	0.0	0.0	0.0	0.0	0.0	0.0	0.0
prev_10	spearman	GeoB25202_R2	S__GCA_012964845.1	3	-0.0	M5	0.0	0.0	0.0	0.0	1.0	0.0	0.0	0.0	0.0	0.0	0.0	0.0	0.0
prev_10	spearman	GeoB25202_R2	S__GCA_012974305.1	3	-0.0	M5	0.0	0.0	0.0	0.0	1.0	0.0	0.0	0.0	0.0	0.0	0.0	0.0	0.0
prev_10	spearman	GeoB25202_R2	S__GCA_013215285.1	4	2.563873529434204	M5	0.07436148822307587	0.08071974664926529	0.07436148822307587	0.07436148822307587	0.07436148822307587	0.07436148822307587	0.07436148822307587	0.08248274773359299	0.08457436412572861	0.0803193747997284	0.07436148822307587	0.07436148822307587	0.07701189070940018
prev_10	spearman	GeoB25202_R2	S__GCA_013390475.1	4	-0.0	M5	0.0	0.0	0.0	0.0	1.0	0.0	0.0	0.0	0.0	0.0	0.0	0.0	0.0
prev_10	spearman	GeoB25202_R2	S__GCA_013911135.1	4	2.563873529434204	M5	0.07436148822307587	0.08071974664926529	0.07436148822307587	0.07436148822307587	0.07436148822307587	0.07436148822307587	0.07436148822307587	0.08248274773359299	0.08457436412572861	0.0803193747997284	0.07436148822307587	0.07436148822307587	0.07701189070940018
prev_10	spearman	GeoB25202_R2	S__GCA_014384505.1	4	-0.0	M5	0.0	0.0	0.0	0.0	1.0	0.0	0.0	0.0	0.0	0.0	0.0	0.0	0.0
prev_10	spearman	GeoB25202_R2	S__GCA_015659035.1	4	-0.0	M5	0.0	0.0	0.0	0.0	1.0	0.0	0.0	0.0	0.0	0.0	0.0	0.0	0.0
prev_10	spearman	GeoB25202_R2	S__GCA_015659595.1	4	-0.0	M5	0.0	0.0	0.0	0.0	1.0	0.0	0.0	0.0	0.0	0.0	0.0	0.0	0.0
prev_10	spearman	GeoB25202_R2	S__GCA_016276965.1	4	2.563873529434204	M5	0.07436148822307587	0.08071974664926529	0.07436148822307587	0.07436148822307587	0.07436148822307587	0.07436148822307587	0.07436148822307587	0.08248274773359299	0.08457436412572861	0.0803193747997284	0.07436148822307587	0.07436148822307587	0.07701189070940018
prev_10	spearman	GeoB25202_R2	S__GCA_016777225.1	4	-0.0	M5	0.0	0.0	0.0	0.0	1.0	0.0	0.0	0.0	0.0	0.0	0.0	0.0	0.0
prev_10	spearman	GeoB25202_R2	S__GCA_016838795.1	4	-0.0	M5	0.0	0.0	0.0	0.0	1.0	0.0	0.0	0.0	0.0	0.0	0.0	0.0	0.0
prev_10	spearman	GeoB25202_R2	S__GCA_016838825.1	4	-0.0	M5	0.0	0.0	0.0	0.0	1.0	0.0	0.0	0.0	0.0	0.0	0.0	0.0	0.0
prev_10	spearman	GeoB25202_R2	S__GCA_016838845.1	4	-0.0	M5	0.0	0.0	0.0	0.0	1.0	0.0	0.0	0.0	0.0	0.0	0.0	0.0	0.0
prev_10	spearman	GeoB25202_R2	S__GCA_017854145.1	4	-0.0	M5	0.0	0.0	0.0	0.0	1.0	0.0	0.0	0.0	0.0	0.0	0.0	0.0	0.0
prev_10	spearman	GeoB25202_R2	S__GCA_902512375.1	4	-0.0	M5	0.0	0.0	0.0	0.0	1.0	0.0	0.0	0.0	0.0	0.0	0.0	0.0	0.0
prev_10	spearman	GeoB25202_R2	S__GCA_905181585.1	3	-0.0	M5	0.0	0.0	0.0	0.0	1.0	0.0	0.0	0.0	0.0	0.0	0.0	0.0	0.0
prev_10	spearman	GeoB25202_R2	S__GCA_905181595.1	4	-0.0	M5	0.0	0.0	0.0	0.0	1.0	0.0	0.0	0.0	0.0	0.0	0.0	0.0	0.0
prev_10	spearman	GeoB25202_R2	S__GCA_905181765.1	3	-0.0	M5	0.0	0.0	0.0	0.0	1.0	0.0	0.0	0.0	0.0	0.0	0.0	0.0	0.0
prev_10	spearman	GeoB25202_R2	S__GCA_905182235.1	4	-0.0	M5	0.0	0.0	0.0	0.0	1.0	0.0	0.0	0.0	0.0	0.0	0.0	0.0	0.0
prev_10	spearman	GeoB25202_R2	S__GCA_905182465.1	4	-0.0	M5	0.0	0.0	0.0	0.0	1.0	0.0	0.0	0.0	0.0	0.0	0.0	0.0	0.0
prev_10	spearman	GeoB25202_R2	S__GCA_905182775.1	4	-0.0	M5	0.0	0.0	0.0	0.0	1.0	0.0	0.0	0.0	0.0	0.0	0.0	0.0	0.0
prev_10	spearman	GeoB25202_R2	S__GCA_905182795.1	4	-0.0	M5	0.0	0.0	0.0	0.0	1.0	0.0	0.0	0.0	0.0	0.0	0.0	0.0	0.0
prev_10	spearman	GeoB25202_R2	S__GCA_905182815.1	4	-0.0	M5	0.0	0.0	0.0	0.0	1.0	0.0	0.0	0.0	0.0	0.0	0.0	0.0	0.0
prev_10	spearman	GeoB25202_R2	S__GCA_905182865.1	4	-0.0	M5	0.0	0.0	0.0	0.0	1.0	0.0	0.0	0.0	0.0	0.0	0.0	0.0	0.0
prev_10	spearman	GeoB25202_R2	S__GCA_905182885.1	4	-0.0	M5	0.0	0.0	0.0	0.0	1.0	0.0	0.0	0.0	0.0	0.0	0.0	0.0	0.0
prev_10	spearman	GeoB25202_R2	S__GCA_905478185.1	4	-0.0	M5	0.0	0.0	0.0	0.0	1.0	0.0	0.0	0.0	0.0	0.0	0.0	0.0	0.0
prev_10	spearman	GeoB25202_R2	S__GCA_905478445.1	3	-0.0	M5	0.0	0.0	0.0	0.0	1.0	0.0	0.0	0.0	0.0	0.0	0.0	0.0	0.0
prev_10	spearman	GeoB25202_R2	S__GCA_905480095.1	4	-0.0	M5	0.0	0.0	0.0	0.0	1.0	0.0	0.0	0.0	0.0	0.0	0.0	0.0	0.0
prev_10	spearman	GeoB25202_R2	S__GCA_905480315.1	3	-0.0	M5	0.0	0.0	0.0	0.0	1.0	0.0	0.0	0.0	0.0	0.0	0.0	0.0	0.0
prev_10	spearman	GeoB25202_R2	S__GCA_905612275.1	4	-0.0	M5	0.0	0.0	0.0	0.0	1.0	0.0	0.0	0.0	0.0	0.0	0.0	0.0	0.0
prev_10	spearman	GeoB25202_R2	S__GCA_905612295.1	4	-0.0	M5	0.0	0.0	0.0	0.0	1.0	0.0	0.0	0.0	0.0	0.0	0.0	0.0	0.0
prev_10	spearman	GeoB25202_R2	S__GCA_905612305.1	4	-0.0	M5	0.0	0.0	0.0	0.0	1.0	0.0	0.0	0.0	0.0	0.0	0.0	0.0	0.0
prev_10	spearman	GeoB25202_R2	S__GCA_905612365.1	4	-0.0	M5	0.0	0.0	0.0	0.0	1.0	0.0	0.0	0.0	0.0	0.0	0.0	0.0	0.0
prev_10	spearman	GeoB25202_R2	S__GCA_905612455.1	4	-0.0	M5	0.0	0.0	0.0	0.0	1.0	0.0	0.0	0.0	0.0	0.0	0.0	0.0	0.0
prev_10	spearman	GeoB25202_R2	S__GCA_905618915.1	4	-0.0	M5	0.0	0.0	0.0	0.0	1.0	0.0	0.0	0.0	0.0	0.0	0.0	0.0	0.0
prev_10	spearman	GeoB25202_R2	S__GCF_012276695.1	4	-0.0	M5	0.0	0.0	0.0	0.0	1.0	0.0	0.0	0.0	0.0	0.0	0.0	0.0	0.0
prev_10	spearman	GeoB25202_R2	S__GCF_013407165.1	4	-0.0	M5	0.0	0.0	0.0	0.0	1.0	0.0	0.0	0.0	0.0	0.0	0.0	0.0	0.0
prev_10	spearman	GeoB25202_R2	S__GCF_014279835.1	4	-0.0	M5	0.0	0.0	0.0	0.0	1.0	0.0	0.0	0.0	0.0	0.0	0.0	0.0	0.0
prev_10	spearman	GeoB25202_R2	S__IMGVR_UViG_3300006310_000001	3	-0.0	M5	0.0	0.0	0.0	0.0	1.0	0.0	0.0	0.0	0.0	0.0	0.0	0.0	0.0
prev_10	spearman	GeoB25202_R2	S__IMGVR_UViG_3300006467_000165	4	-0.0	M5	0.0	0.0	0.0	0.0	1.0	0.0	0.0	0.0	0.0	0.0	0.0	0.0	0.0
prev_10	spearman	GeoB25202_R2	S__IMGVR_UViG_3300009440_000004	4	-0.0	M5	0.0	0.0	0.0	0.0	1.0	0.0	0.0	0.0	0.0	0.0	0.0	0.0	0.0
prev_10	spearman	GeoB25202_R2	S__IMGVR_UViG_3300020166_000015	4	-0.0	M5	0.0	0.0	0.0	0.0	1.0	0.0	0.0	0.0	0.0	0.0	0.0	0.0	0.0
prev_10	spearman	GeoB25202_R2	S__IMGVR_UViG_3300020182_000036	4	-0.0	M5	0.0	0.0	0.0	0.0	1.0	0.0	0.0	0.0	0.0	0.0	0.0	0.0	0.0
prev_10	spearman	GeoB25202_R2	S__IMGVR_UViG_3300020185_000065	3	-0.0	M5	0.0	0.0	0.0	0.0	1.0	0.0	0.0	0.0	0.0	0.0	0.0	0.0	0.0
prev_10	spearman	GeoB25202_R2	S__IMGVR_UViG_3300021087_000038	4	-0.0	M5	0.0	0.0	0.0	0.0	1.0	0.0	0.0	0.0	0.0	0.0	0.0	0.0	0.0
prev_10	spearman	GeoB25202_R2	S__IMGVR_UViG_3300023238_000017	3	-0.0	M5	0.0	0.0	0.0	0.0	1.0	0.0	0.0	0.0	0.0	0.0	0.0	0.0	0.0
prev_10	spearman	GeoB25202_R2	S__IMGVR_UViG_3300023239_000003	4	-0.0	M5	0.0	0.0	0.0	0.0	1.0	0.0	0.0	0.0	0.0	0.0	0.0	0.0	0.0
prev_10	spearman	GeoB25202_R2	S__IMGVR_UViG_3300024520_000070	4	-0.0	M5	0.0	0.0	0.0	0.0	1.0	0.0	0.0	0.0	0.0	0.0	0.0	0.0	0.0
prev_10	spearman	GeoB25202_R2	S__IMGVR_UViG_3300025071_000006	4	-0.0	M5	0.0	0.0	0.0	0.0	1.0	0.0	0.0	0.0	0.0	0.0	0.0	0.0	0.0
prev_10	spearman	GeoB25202_R2	S__IMGVR_UViG_3300025079_000001	4	-0.0	M5	0.0	0.0	0.0	0.0	1.0	0.0	0.0	0.0	0.0	0.0	0.0	0.0	0.0
prev_10	spearman	GeoB25202_R2	S__IMGVR_UViG_3300025296_001443	3	-0.0	M5	0.0	0.0	0.0	0.0	1.0	0.0	0.0	0.0	0.0	0.0	0.0	0.0	0.0
prev_10	spearman	GeoB25202_R2	S__IMGVR_UViG_3300025632_000006	3	-0.0	M5	0.0	0.0	0.0	0.0	1.0	0.0	0.0	0.0	0.0	0.0	0.0	0.0	0.0
prev_10	spearman	GeoB25202_R2	S__IMGVR_UViG_3300025637_000035	3	-0.0	M5	0.0	0.0	0.0	0.0	1.0	0.0	0.0	0.0	0.0	0.0	0.0	0.0	0.0
prev_10	spearman	GeoB25202_R2	S__IMGVR_UViG_3300025653_000044	4	-0.0	M5	0.0	0.0	0.0	0.0	1.0	0.0	0.0	0.0	0.0	0.0	0.0	0.0	0.0
prev_10	spearman	GeoB25202_R2	S__IMGVR_UViG_3300025869_000017	4	-0.0	M5	0.0	0.0	0.0	0.0	1.0	0.0	0.0	0.0	0.0	0.0	0.0	0.0	0.0
prev_10	spearman	GeoB25202_R2	S__IMGVR_UViG_3300027687_000007	4	-0.0	M5	0.0	0.0	0.0	0.0	1.0	0.0	0.0	0.0	0.0	0.0	0.0	0.0	0.0
prev_10	spearman	GeoB25202_R2	S__IMGVR_UViG_3300027780_000015	4	-0.0	M5	0.0	0.0	0.0	0.0	1.0	0.0	0.0	0.0	0.0	0.0	0.0	0.0	0.0
prev_10	spearman	GeoB25202_R2	S__IMGVR_UViG_3300027813_000042	4	-0.0	M5	0.0	0.0	0.0	0.0	1.0	0.0	0.0	0.0	0.0	0.0	0.0	0.0	0.0
prev_10	spearman	GeoB25202_R2	S__IMGVR_UViG_3300027833_000016	4	-0.0	M5	0.0	0.0	0.0	0.0	1.0	0.0	0.0	0.0	0.0	0.0	0.0	0.0	0.0
prev_10	spearman	GeoB25202_R2	S__IMGVR_UViG_3300027833_000046	4	-0.0	M5	0.0	0.0	0.0	0.0	1.0	0.0	0.0	0.0	0.0	0.0	0.0	0.0	0.0
prev_10	spearman	GeoB25202_R2	S__IMGVR_UViG_3300028198_000003	3	-0.0	M5	0.0	0.0	0.0	0.0	1.0	0.0	0.0	0.0	0.0	0.0	0.0	0.0	0.0
prev_10	spearman	GeoB25202_R2	S__IMGVR_UViG_3300028535_000001	4	-0.0	M5	0.0	0.0	0.0	0.0	1.0	0.0	0.0	0.0	0.0	0.0	0.0	0.0	0.0
prev_10	spearman	GeoB25202_R2	S__IMGVR_UViG_3300031519_000018	4	-0.0	M5	0.0	0.0	0.0	0.0	1.0	0.0	0.0	0.0	0.0	0.0	0.0	0.0	0.0
prev_10	spearman	GeoB25202_R2	S__IMGVR_UViG_3300035195_000275	4	-0.0	M5	0.0	0.0	0.0	0.0	1.0	0.0	0.0	0.0	0.0	0.0	0.0	0.0	0.0
prev_10	spearman	GeoB25202_R2	S__IMGVR_UViG_3300038315_000065	4	-0.0	M5	0.0	0.0	0.0	0.0	1.0	0.0	0.0	0.0	0.0	0.0	0.0	0.0	0.0
prev_10	spearman	GeoB25202_R2	S__IMGVR_UViG_3300046168_000044	4	-0.0	M5	0.0	0.0	0.0	0.0	1.0	0.0	0.0	0.0	0.0	0.0	0.0	0.0	0.0
prev_10	spearman	GeoB25202_R2	S__IMGVR_UViG_3300046532_001046	3	-0.0	M5	0.0	0.0	0.0	0.0	1.0	0.0	0.0	0.0	0.0	0.0	0.0	0.0	0.0
prev_10	spearman	GeoB25202_R2	S__IMGVR_UViG_3300047157_000078	4	-0.0	M5	0.0	0.0	0.0	0.0	1.0	0.0	0.0	0.0	0.0	0.0	0.0	0.0	0.0
prev_10	spearman	GeoB25202_R2	S__IMGVR_UViG_GVMAG-M-3300025652-16_000001	4	-0.0	M5	0.0	0.0	0.0	0.0	1.0	0.0	0.0	0.0	0.0	0.0	0.0	0.0	0.0
prev_10	spearman	GeoB25202_R2	S__IMGVR_UViG_GVMAG-S-1102114-126_000001	4	-0.0	M5	0.0	0.0	0.0	0.0	1.0	0.0	0.0	0.0	0.0	0.0	0.0	0.0	0.0
prev_10	spearman	GeoB25202_R2	S__IMGVR_UViG_GVMAG-S-ERX556043-36_000001	4	-0.0	M5	0.0	0.0	0.0	0.0	1.0	0.0	0.0	0.0	0.0	0.0	0.0	0.0	0.0
prev_10	spearman	GeoB25202_R2	S__Phycodnaviridae_HM004430_Bathycoccus_sp_RCC1105_virus_BpV2	4	-0.0	M5	0.0	0.0	0.0	0.0	1.0	0.0	0.0	0.0	0.0	0.0	0.0	0.0	0.0
prev_10	spearman	GeoB25202_R2	S__Schulz_GVMAG_M_3300025652_16	4	-0.0	M5	0.0	0.0	0.0	0.0	1.0	0.0	0.0	0.0	0.0	0.0	0.0	0.0	0.0
prev_10	spearman	GeoB25202_R2	S__TARA_ARC_108_MAG_00021	4	-0.0	M5	0.0	0.0	0.0	0.0	1.0	0.0	0.0	0.0	0.0	0.0	0.0	0.0	0.0
prev_10	spearman	GeoB25202_R2	S__TARA_ARC_108_MAG_00099	4	-0.0	M5	0.0	0.0	0.0	0.0	1.0	0.0	0.0	0.0	0.0	0.0	0.0	0.0	0.0
prev_10	spearman	GeoB25202_R2	S__TARA_ARC_108_MAG_00146	4	-0.0	M5	0.0	0.0	0.0	0.0	1.0	0.0	0.0	0.0	0.0	0.0	0.0	0.0	0.0
prev_10	spearman	GeoB25202_R2	S__TARA_ARC_108_MAG_00181	3	-0.0	M5	0.0	0.0	0.0	0.0	1.0	0.0	0.0	0.0	0.0	0.0	0.0	0.0	0.0
prev_10	spearman	GeoB25202_R2	S__TARA_ARC_NCLDV_00033	3	-0.0	M5	0.0	0.0	0.0	0.0	1.0	0.0	0.0	0.0	0.0	0.0	0.0	0.0	0.0
prev_10	spearman	GeoB25202_R2	S__TARA_ARC_NCLDV_00127	4	-0.0	M5	0.0	0.0	0.0	0.0	1.0	0.0	0.0	0.0	0.0	0.0	0.0	0.0	0.0
prev_10	spearman	GeoB25202_R2	S__TARA_ARC_NCLDV_00188	4	-0.0	M5	0.0	0.0	0.0	0.0	1.0	0.0	0.0	0.0	0.0	0.0	0.0	0.0	0.0
prev_10	spearman	GeoB25202_R2	S__TARA_SOC_28_MAG_00016	3	-0.0	M5	0.0	0.0	0.0	0.0	1.0	0.0	0.0	0.0	0.0	0.0	0.0	0.0	0.0
prev_10	spearman	GeoB25202_R2	S__TARA_SOC_NCLDV_00026	4	-0.0	M5	0.0	0.0	0.0	0.0	1.0	0.0	0.0	0.0	0.0	0.0	0.0	0.0	0.0
