label	sample_A_b_median	sample_A_b_iqr	sample_Zfit_median	sample_Zfit_iqr	sample_rho_median	sample_rho_iqr	sample_local_fixed_rate	n_rows_sample	low_damage_index
LV3003046936	0.227067	0.13382100000000002	4.654181	5.015974	0.8702484976608039	0.2948912914925633	0.7960027567195038	1451	0
LV3003046937	0.1784675	0.11217925000000001	3.5940754999999998	3.1069052500000005	0.7949068105539536	0.38771015095919426	0.72375	800	0
LV3003046938	0.1431365	0.09301324999999998	3.3194185000000003	3.20288625	0.7433626132114795	0.4818273998271816	0.6372053872053872	1188	0
LV3003046939	0.0724665	0.058497499999999994	2.5393964999999996	2.53979175	0.4901104233517832	0.5814259791225382	0.15922190201729106	1388	0
LV3003046940	0.2570255	0.134261	4.061676500000001	3.37515725	0.8708616587976388	0.21223747237326096	0.8287937743190662	1028	0
LV3003046941	0.308616	0.112813	4.340829	2.9379	0.9037549952779148	0.14849659502628432	0.8925318761384335	549	0
LV3003046942	0.146896	0.093994	2.316247	1.6018499999999998	0.6773904521201385	0.4346424491045752	0.5150115473441108	433	0
LV3003046945	0.25828249999999997	0.16689125000000005	3.816904	2.8778510000000006	0.8604070642538909	0.2152693852275126	0.8103448275862069	638	0
LV3003046946	0.4023555	0.179626	5.1670085	3.856826	0.9227184592153557	0.13135358494988802	0.8478260869565217	322	0
LV3003046947	0.365515	0.15300100000000005	4.766986	3.7522365	0.9055986514301124	0.16704782660663964	0.841225626740947	359	0
LV3003046948	0.1146395	0.099468	1.906154	1.6210082499999996	0.5982360206888181	0.5141780694505054	0.3343195266272189	338	0
LV3003046949	0.234481	0.16628424999999997	4.480726000000001	4.558119499999999	0.863815759959073	0.30097434721351	0.7616372391653291	1246	0
LV3003046950	0.1934505	0.11044925	3.8688955	3.51159175	0.8219054650723974	0.31844112980309025	0.7847985347985348	1092	0
LV3003046952	0.138319	0.0926735	3.250382	2.8861264999999996	0.7489513486267003	0.4398732567537642	0.626095423563778	1027	0
LV3003046953	0.035631499999999997	0.033291	1.834157	1.7518272500000003	0.17012175623978476	0.43646525464526714	0.008862629246676515	1354	0
LV3003046955	0.299865	0.12213800000000002	4.609427500000001	3.7456632499999998	0.8973727050654907	0.1841617963183222	0.879950495049505	808	0
LV3003046956	0.3876255	0.12542999999999993	5.281361	3.78776175	0.9325270370745754	0.12657782232723358	0.9246153846153846	650	0
LV3003046957	0.138012	0.087006	2.3283825	1.7310732500000001	0.7067073229174348	0.4002913402694316	0.5192307692307693	468	0
LV3003046959	0.18854700000000002	0.14477274999999995	3.313842	2.5638185	0.77381438520432555	0.3391578587119112	0.7580645161290323	62	0
LV3003046960	0.132481	0.1014515	2.299978	1.82934	0.6746160662748522	0.44733308960095874	0.4859038142620232	603	0
LV3003046961	0.229552	0.11396700000000004	3.35493	2.7592989999999995	0.8481989415222067	0.2399128452934587	0.7690140845070422	355	0
LV3003046963	0.3315575	0.21919599999999997	4.6559565	4.213744	0.8856758301330112	0.18850739576050968	0.829004329004329	462	0
LV3003046964	0.3597665	0.11629	4.852479	3.520623	0.9111451624674352	0.1506248790023741	0.8894472361809045	398	0
LV3003046965	0.223673	0.14809199999999997	4.608089	5.226179499999998	0.8611566366621997	0.2892973895145401	0.7878980891719746	1570	0
LV3003046966	0.1749595	0.09922200000000002	3.7042919999999997	3.45389975	0.8099011832178022	0.3581016275500243	0.7568306010928961	1098	0
LV3003046968	0.024855	0.024369000000000002	1.371509	1.243846	0.0564741491496071	0.18571926781243972	0	681	0
LV3003046970	0.318122	0.15524375000000004	4.6084635	4.231086749999999	0.8972024109336605	0.17498578156212263	0.8524173027989822	786	0
LV3003046971	0.219687	0.21460174999999998	3.032334	1.9072395000000002	0.800144275941403	0.3924877233256441	0.7058823529411765	68	0
LV3003046973	0.106786	0.080644	1.798837	1.5030170000000003	0.5437247947136199	0.4657333046180061	0.2912912912912913	333	0
LV3003046974	0.172228	0.10908199999999998	2.571511	2.0070805	0.731898534095823	0.3785625962146465	0.6125211505922166	591	0
LV3003046975	0.2829885	0.11274500000000001	4.239319500000001	3.3676277500000005	0.874498039808508	0.2167612185722867	0.8625	640	0
LV3003046976	0.3074255	0.18272050000000006	4.007605	3.5910795	0.87748215073542	0.23590670668349634	0.8009708737864077	412	0
LV3003046977	0.371934	0.10142099999999998	4.950534	3.2021810000000004	0.9302314339306736	0.10253733965425138	0.89272030651341	261	0
LV3003046978	0.214129	0.17961674999999996	4.4400285	4.611524999999999	0.8613438017290682	0.27257805950649194	0.7456140350877193	1368	0
LV3003046979	0.167	0.11241700000000002	3.522029	2.7389140000000003	0.7623459882605214	0.3830680011682478	0.7055393586005831	1029	0
LV3003046980	0.119494	0.09750399999999998	2.869284	2.712371	0.6778615597124359	0.551086741812592	0.5249266862170088	1023	0
LV3003046981	0.266347	0.143112	3.429771	2.3710555000000006	0.855623636478573	0.2527182148700171	0.7737003058103975	327	0
LV3003046982	0.132219	0.10874824999999999	2.090757	1.5587850000000003	0.6185631145603812	0.4893346904908292	0.4528301886792453	212	0
LV3003046983	0.255579	0.134121	3.521129	2.8026690000000003	0.845901562871944	0.26824043969915523	0.783744557329463	689	0
LV3003046984	0.302747	0.153022	4.30907	3.710587	0.8861974708523065	0.2029635571432048	0.8538163001293662	773	0
LV3003046987	0.164192	0.118624	2.542804	1.969854	0.7218114033524258	0.37611341337920934	0.6126418152350082	617	0
LV3003046988	0.122132	0.08836749999999999	1.982288	1.6225559999999999	0.6065901770624001	0.46021804515070786	0.3890675241157556	311	0
LV3003046990	0.294726	0.11869600000000002	4.403781	2.6523579999999995	0.8925285945547068	0.13501875176838551	0.904	375	0
LV3003046991	0.124293	0.0947985	2.262611	1.8884142500000003	0.613969808560797	0.5227619005664974	0.4173728813559322	472	0
LV3003046992	0.2765295	0.35623975	3.719954	3.8806965000000004	0.8357129015622407	0.5314373617567232	0.6666666666666666	90	0
LV3003046993	0.1766645	0.120342	4.1177095	3.6439617500000003	0.8265694119371552	0.29162106010875855	0.7415458937198067	1656	0
LV3003046994	0.149605	0.14956150000000001	3.53494	3.243979499999999	0.8051202730202646	0.34446241609719197	0.6332945285215367	859	0
LV3003046995	0.039164	0.0350785	1.788353	1.7428515	0.18651691811302923	0.43936079017384194	0.019243986254295534	1455	0
LV3003046996	0.320323	0.23260599999999998	3.760737	2.6724450000000006	0.8631173262556199	0.2359740117940914	0.7748344370860927	151	0
LV3003046997	0.17796	0.14613575	2.748139	1.9754379999999996	0.7688617732799239	0.315213523136346	0.648936170212766	470	0
LV3003046999	0.197932	0.121403	3.1012649999999997	2.189162750000001	0.8183812839494706	0.3013812438751473	0.7210884353741497	294	0
LV3003047000	0.18021700000000002	0.10981174999999999	2.763684	2.3670697500000006	0.7672651485014814	0.3897932854024653	0.6559485530546624	622	0
LV3003047002	0.110864	0.08130499999999999	1.724892	1.3870829999999998	0.5518610324264621	0.546870582703399	0.3035143769968051	313	0
LV3003047003	0.30600099999999997	0.12942350000000002	4.2129055	3.0485320000000007	0.8798338986234223	0.17630130641513064	0.8590308370044053	454	0
LV3003047005	0.146184	0.114731	2.529222	2.12141	0.7032606676721874	0.42725672036058654	0.5682210708117443	579	0
LV3003047006	0.1538065	0.111638	2.4016585	1.663038	0.7508756267006609	0.41630647934591936	0.5512820512820513	234	0
LV3003047009	0.207539	0.19631474999999998	4.4910665000000005	3.7696882499999997	0.8605270232158533	0.2601223485589249	0.7341101694915254	944	0
LV3003047010	0.103361	0.10019650000000001	2.822648	2.809778	0.6079906555974957	0.630263792749012	0.46748278500382556	1307	0
LV3003047013	0.082379	0.08640899999999999	2.564856	2.3689910000000003	0.5137453388575824	0.6421069935035939	0.3269054178145087	1089	0
LV3003047014	0.11783099999999999	0.19006399999999998	1.669014	1.9816724999999997	0.4609698412274341	0.7527691672125149	0.40358744394618834	446	0
LV3003047016	0.182199	0.14683075	2.860948	2.2151494999999994	0.7780658727930967	0.3280468362765975	0.6482300884955752	452	0
LV3003047017	0.2897955	0.09751575000000001	3.8653775	2.11631075	0.8941355650365164	0.17592810753416033	0.9033613445378151	238	0
LV3003047020	0.278552	0.14528449999999998	3.763299	2.709542	0.870061542228166	0.19979021588077628	0.8455696202531645	395	0
LV3003047021	0.087991	0.1100215	1.702365	1.59107625	0.4126660298816237	0.6572225994782394	0.284	250	0
LV3003047022	0.159879	0.13113950000000002	2.684405	2.186171	0.7333203136502839	0.4170265760976312	0.5848214285714286	448	0
LV3003047023	0.327392	0.18321249999999994	4.092976	3.4650389999999995	0.8760347055141852	0.21774505253033605	0.83008356545961	359	0
LV3003047024	0.3012335	0.24558075	4.106651	2.3104755	0.8534847989081813	0.2515738837096885	0.8571428571428571	70	0
LV3003047025	0.35371850000000005	0.13049100000000002	4.311669	2.8208132499999996	0.9002087830771717	0.15115619466625052	0.8218390804597702	174	0
LV3003047026	0.1988365	0.18674799999999997	4.320980499999999	4.06831925	0.8479039928838236	0.2952303000656452	0.714769647696477	1476	0
LV3003047027	0.127964	0.117565	3.379133	3.1080370000000004	0.708917026841347	0.5330967587768172	0.5750972762645914	1285	0
LV3003047028	0.035491	0.05667875000000001	1.6015745	1.3552585000000001	0.12513191007336266	0.4122130311391859	0.12280701754385964	114	0
LV3003047029	0.20854099999999998	0.13265024999999997	2.49927	1.5375119999999998	0.7742202383610526	0.34937264824886693	0.6590909090909091	132	0
LV3003047030	0.235765	0.14756599999999997	3.381968	2.2836535	0.8426528316179092	0.2509201080733954	0.7939142461964038	723	0
LV3003047033	0.231585	0.19826850000000001	2.989212	2.4880669999999996	0.7923996212255299	0.45223106822558484	0.6679316888045541	527	0
LV3003047035	0.173883	0.144483	2.409889	1.483679	0.6985931277170488	0.5042957708246378	0.5121951219512195	205	0
LV3003047036	0.17591400000000001	0.15775625000000001	2.6495565	1.7570865000000007	0.7685715300261584	0.4360805643446092	0.6233766233766234	154	0
LV3003047037	0.3863075	0.15765325000000002	5.0230225	3.834626	0.9079123817823205	0.16055204583527205	0.869811320754717	530	0
LV3003047039	0.33776	0.127446	4.814471	3.9040930000000005	0.9003171296070289	0.1577094000661473	0.8791208791208791	637	0
LV3003047041	0.205558	0.11667350000000004	4.411307	4.543468000000001	0.8640360409915506	0.29370253861010964	0.7980376124284546	1223	0
LV3003047044	0.156103	0.11616100000000001	3.090404	2.411806	0.7067885121819606	0.4838147347255328	0.6691823899371069	795	0
LV3003047045	0.062717	0.049739	2.35159	2.246492	0.4463344712063136	0.574146139196055	0.08082292432035268	1361	0
LV3003047046	0.217119	0.10101074999999998	2.7342735	1.2453382500000005	0.7985233652531246	0.24476162019373837	0.75	120	0
LV3003047048	0.185587	0.11560175000000003	3.0301109999999998	2.3226959999999996	0.794376687220665	0.28327441578227774	0.7154255319148937	752	0
LV3003047052	0.205178	0.11704299999999998	3.122218	2.004437	0.7953239415588146	0.22674375895141796	0.7109826589595376	173	0
LV3003047053	0.100414	0.116991	1.937104	1.44715925	0.5258264302804756	0.6199529172777286	0.32558139534883723	172	0
LV3003047054	0.179356	0.11088599999999998	2.731071	2.1453759999999997	0.7650335114910616	0.34913929508816743	0.6681887366818874	657	0
LV3003047055	0.411296	0.17652775000000004	5.4299595	3.8812025	0.9251285312282346	0.11848574903005449	0.8784403669724771	436	0
LV3003047056	0.373279	0.1670195	4.664782	3.732881	0.9150574199217124	0.1581048497519817	0.8463356973995272	423	0
LV3003047059	0.258892	0.29406449999999995	4.050345	3.1646650000000003	0.8350136714666971	0.3222263826790943	0.7131474103585658	251	0
LV3003047060	0.3234025	0.30324474999999995	4.197087	2.8592530000000007	0.8790503403122885	0.20810435949679118	0.7094017094017094	234	0
LV3003047061	0.3204675	0.33261749999999995	4.1541865	3.2749385	0.8442623626251999	0.3430792389453545	0.6686746987951807	166	0
LV3003047062	0.2733225	0.33057875000000003	4.322927	3.3346975	0.8695903894788847	0.3115729803123254	0.7215189873417721	158	0
LV3003047063	0.132359	0.25819600000000004	3.028271	2.9832255	0.774915364681778	0.4180080131645164	0.5887850467289719	107	0
LV3003047064	0.110855	0.13118225	2.8110945000000003	3.2914652500000003	0.7107552626377163	0.5292865219077135	0.5263157894736842	76	0
LV3003047065	0.217762	0.18197999999999998	3.385458	2.1749140000000002	0.7890429092107273	0.3354597342338448	0.6964705882352941	425	0
LV3003047067	0.227568	0.2213085	3.715724	3.5309865000000005	0.8218862387887178	0.3950550899351234	0.6829558998808105	839	0
LV3003047068	0.209622	0.15969949999999997	3.606725	3.2058672500000007	0.8056397526255947	0.38840693627565104	0.7323232323232324	594	0
LV3003047069	0.180718	0.184268	3.308333	2.8785040000000004	0.7382954611207455	0.502074525406553	0.6301564722617354	703	0
LV3003047070	0.168152	0.15797650000000002	3.25606	2.7772345000000005	0.7702306792865504	0.4303269117544006	0.6508563899868248	759	0
LV3003047071	0.1951445	0.1403675	3.7069375	2.9976995000000004	0.7947289086348138	0.38226651669492784	0.7238979118329466	862	0
LV3003047073	0.087146	0.0637405	1.949868	2.2044704999999998	0.5156437672012346	0.5789792177163261	0.3333333333333333	51	0
LV3003047074	0.103244	0.07520199999999999	2.73992	2.6843885	0.7009933559261308	0.4224440459596255	0.509090909090909	55	0
LV3003047077	0.24864950000000002	0.3057615	4.0145415	3.8119455000000007	0.8404476548533262	0.3873092669474083	0.640625	192	0
LV3003047078	0.095718	0.30889449999999996	2.948905	3.1542785	0.6210320579508687	0.6478223489067703	0.45045045045045046	111	0
LV3003047079	0.324964	0.21708	4.335775	2.8521029999999996	0.8719403002386364	0.1912498835142895	0.7943107221006565	457	0
LV3003047080	0.321686	0.16710550000000002	4.907854	3.5490449999999996	0.9014811246129656	0.140732700051436	0.8479427549194991	559	0
LV3003047081	0.274588	0.168667	4.223391	3.009838	0.861857234700027	0.2703032896630986	0.7771509167842031	709	0
LV3003047082	0.1643255	0.20919550000000003	3.3025279999999997	3.0056755	0.7419192542168903	0.5356963299730548	0.5788643533123028	634	0
LV3003047083	0.198548	0.183547	3.523785	2.873596	0.7844951663773181	0.45728027762363416	0.6790697674418604	645	0
LV3003047084	0.192781	0.137774	3.431306	2.978385	0.7711767537309796	0.3625506662613257	0.6988457502623295	953	0
LV3003047085	0.1652495	0.12384575	3.3622645	2.6029062499999993	0.7694808301431767	0.4394048882755457	0.6777041942604857	906	0
LV3003047087	0.343805	0.33690849999999994	4.141591	3.400263	0.8444277992234375	0.3257072841439239	0.6824644549763034	211	0
LV3003047088	0.26066500000000004	0.30430875	3.571168	3.0198667500000003	0.8018611352770733	0.39634677584030553	0.6318681318681318	182	0
LV3003047089	0.3016755	0.25807900000000006	3.531822	2.6361615	0.8440990499592177	0.28106315765643464	0.7080536912751678	298	0
LV3003047090	0.259838	0.26226625000000003	3.3905265	2.907117	0.8162455289104231	0.33809226764666633	0.6791666666666667	240	0
LV3003047091	0.325176	0.195545	4.3092985	3.4481527499999993	0.8797932443768829	0.1941211620332921	0.827354260089686	446	0
LV3003047093	0.25701399999999996	0.16675049999999994	4.199653	3.54209525	0.8707777929341032	0.23762901127489977	0.7766323024054983	582	0
LV3003047094	0.258327	0.2530995	3.774683	3.2821405000000006	0.8364334373030791	0.37574749565392507	0.6831831831831832	666	0
LV3003047095	0.2477945	0.23800225	3.8276225	3.3000869999999995	0.8292198593186157	0.3811113350894212	0.6996699669966997	606	0
LV3003047096	0.1842085	0.143226	3.511951	2.8903355000000004	0.79177384770684	0.3880145639726035	0.6980676328502415	828	0
LV3003047097	0.1735635	0.13662249999999998	3.1829545	2.627115	0.7569929363488659	0.448656673829109	0.6701570680628273	764	0
LV3003047098	0.1634705	0.14939550000000001	3.1944545	2.4427362500000003	0.7486039889197837	0.3953766655113359	0.6608832807570978	634	0
LV3003047099	0.207508	0.13446800000000003	4.04593	3.360646	0.8366374491825924	0.30536117435669075	0.7617328519855595	831	0
LV3003047100	0.27338799999999996	0.15729924999999997	4.1342155	3.323146750000001	0.863803115233873	0.2328059085854598	0.7722602739726028	584	0
LV3003047101	0.26523	0.133927	3.63531	2.85157	0.8389882447548058	0.2425149443750737	0.7925407925407926	429	0
LV3003047104	0.27740549999999997	0.24681975000000003	3.6847065	2.6473907500000005	0.8476923797094436	0.32764535702003283	0.6868686868686869	198	0
LV3003047105	0.218944	0.282802	3.332116	3.2943369999999996	0.7983279869969024	0.5538089828839303	0.5897435897435898	195	0
LV3003047106	0.252297	0.21346200000000004	3.750469	2.9769059999999996	0.8287660445284486	0.3013920855121466	0.7272727272727273	385	0
LV3003047107	0.249379	0.12667500000000004	3.879452	3.391406	0.8481461616346293	0.2715709651847211	0.7742504409171076	567	0
LV3003047110	0.213391	0.22302950000000005	3.364	3.0455305	0.7781679510095547	0.49669707820291875	0.6443594646271511	523	0
LV3003047112	0.247205	0.13254074999999996	4.166078	3.30275625	0.8471685072467869	0.2715896381050197	0.7870662460567823	634	0
LV3003047113	0.217347	0.145843	3.802634	3.2342065000000004	0.829541906391051	0.30828854525918215	0.7520091848450058	871	0
LV3003047114	0.182698	0.152215	3.450917	2.638984	0.7746050640116279	0.42185048149865334	0.6998313659359191	593	0
LV3003047117	0.196224	0.13573900000000003	3.44877	2.6587410000000005	0.7655955976788001	0.39394538460334083	0.7088791848617176	687	0
LV3003047118	0.18912600000000002	0.12999175000000002	4.037445	4.356795	0.8252777517652972	0.36713975032399837	0.7321131447587355	1202	0
LV3003047122	0.252769	0.24511000000000002	3.580016	2.5796920000000005	0.8166800349770559	0.41254056784049786	0.7062146892655368	177	0
LV3003047123	0.25941400000000003	0.29402275	2.8899049999999997	2.73736275	0.742449362039822	0.6715273089579024	0.6428571428571429	126	0
LV3003047124	0.23701699999999998	0.22823349999999998	3.5285855	2.63649175	0.8103494419209138	0.3969625531758063	0.6971153846153846	208	0
LV3003047125	0.248626	0.21611199999999997	3.41807	2.7300147499999996	0.808901749528423	0.44752468473706297	0.7090909090909091	330	0
LV3003047126	0.227457	0.11544700000000002	3.555075	2.497653	0.8215336759218753	0.2736902109834555	0.7981859410430839	441	0
LV3003047127	0.197177	0.214499	3.221074	2.346231	0.751849565084598	0.5169693567971889	0.6273458445040214	373	0
LV3003047128	0.221658	0.183492	3.704116	3.0645395	0.8213072509591105	0.35889589348982875	0.7371069182389937	795	0
LV3003047129	0.217569	0.13202000000000003	3.82689	3.1960190000000006	0.8362910569575697	0.2933650008867307	0.7628294036061026	721	0
LV3003047130	0.174213	0.12156299999999999	3.291148	2.431354	0.7429148099991527	0.3866791385968008	0.6989079563182528	641	0
LV3003047131	0.17856	0.128171	3.433754	2.656048	0.7684135509421032	0.40313199256745236	0.7063389391979301	773	0
LV3003047132	0.25089	0.13426799999999997	5.0159579999999995	6.084827249999999	0.892171226687305	0.23265505544821252	0.8295454545454546	1496	0
LV3003047133	0.2438865	0.1349525	3.958303	3.2236680000000004	0.8497338584929197	0.2706567181254659	0.7817164179104478	536	0
LV3003047134	0.228023	0.1075795	3.605742	2.7198255	0.8128433552336956	0.2826302728742244	0.7600700525394045	571	0
LV3003047136	0.2096785	0.08641625	3.4008570000000002	2.5060195	0.8147881414176334	0.26931337338675077	0.7869415807560137	582	0
LV3003047137	0.217077	0.1299	3.438381	2.633096	0.8132619411281167	0.3007242359532758	0.7741176470588236	425	0
LV3003047138	0.2251475	0.1232105	3.6842765	2.83702	0.8260379166687641	0.27794641681318666	0.7821969696969697	528	0
LV3003047139	0.23810599999999998	0.12918875000000005	4.1464675	3.1961449999999996	0.8645304135282592	0.2737456167068647	0.7981651376146789	436	0
LV3003047140	0.19752350000000002	0.21239425	3.2522955	2.2947572500000004	0.7635082275671675	0.6686307637773005	0.6265060240963856	166	0
LV3003047141	0.052104	0.18468450000000003	2.057428	2.209827	0.3223112657225493	0.7555986171238395	0.38028169014084506	71	0
LV3003047142	0.206111	0.16467500000000002	3.445472	2.634625	0.7798188243634565	0.4202063810805667	0.6952998379254457	617	0
LV3003047143	0.172071	0.12651400000000002	3.353173	2.8199785	0.7646938412450556	0.38580802816386783	0.6687737041719343	791	0
LV3003047144	0.190604	0.11103299999999999	3.812347	3.104933	0.808478895834912	0.3200839194960662	0.7673019057171514	997	0
LV3003047145	0.232141	0.13158999999999998	4.473518	3.6540489999999997	0.874520978649207	0.18886995038058219	0.8327605956471936	873	0
LV3003047146	0.212304	0.10758599999999999	4.011665	3.0963670000000003	0.8519831503682176	0.29576809380519453	0.7991858887381276	737	0
LV3003047147	0.23086	0.11244950000000001	3.764509	2.74761825	0.8370442731767196	0.2611476252562902	0.793233082706767	532	0
LV3003047148	0.225195	0.12962924999999997	3.7829465	2.8205012499999995	0.8293670556637546	0.2780204205707497	0.779296875	512	0
LV3003047149	0.220283	0.14778449999999999	3.514937	2.5304385000000007	0.8103466870396935	0.3441521504645283	0.7390396659707724	479	0
LV3003047150	0.231967	0.11702399999999996	3.973068	3.2274725000000006	0.8467861888515912	0.28488921911958065	0.8047244094488188	635	0
LV3003047152	0.210089	0.1944415	3.5609599999999997	3.172225750000001	0.8011214881362394	0.43600936524019024	0.6907514450867052	692	0
LV3003047153	0.195943	0.128772	3.552044	3.028584	0.7971068277076253	0.41450185182955535	0.7187910643889619	761	0
LV3003047154	0.247963	0.21806400000000004	4.132246	3.291488	0.8584874630440008	0.26096085436067007	0.7253886010362695	579	0
LV3003047155	0.133441	0.122927	2.949004	2.542216	0.7184782255934326	0.4866579265790708	0.5746164574616457	717	0
LV3003047156	0.175933	0.117186	3.640134	3.010161	0.796085596897212	0.3570664344458232	0.7339847991313789	921	0
LV3003047158	0.2564195	0.129533	3.978091	3.05988375	0.8533540321194657	0.24518914106489198	0.808695652173913	460	0
LV3003047159	0.276103	0.15474824999999998	4.2842675	3.2414609999999993	0.8536521160419719	0.2599410424185328	0.7746781115879828	466	0
LV3003047160	0.079169	0.18241599999999997	2.626129	1.986275	0.5504983407217758	0.5295238790096235	0.43636363636363634	55	0
LV3003047161	0.175786	0.23101149999999998	2.858146	2.1522900000000003	0.5935361545957328	0.5309138066555718	0.5423728813559322	59	0
LV3003047162	0.1047555	0.1753495	2.7514495	3.065272	0.7019980594718481	0.5555860724729318	0.47580645161290325	124	0
LV3003047164	0.216698	0.20255900000000002	3.6463265	3.0092370000000006	0.8152376743587699	0.47361836494349446	0.6924460431654677	556	0
LV3003047166	0.2277885	0.117031	3.9577575	2.8552179999999994	0.8356652697326785	0.31264480658586846	0.7880116959064327	684	0
LV3003047167	0.21923900000000002	0.20299525000000004	3.4912825	2.9069745000000005	0.8013940604230977	0.4367330366968407	0.6672535211267606	568	0
LV3003047168	0.14748250000000002	0.1034605	3.225297	2.6813279999999997	0.769017028050759	0.3915631025873577	0.654786150712831	982	0
LV3003047169	0.178739	0.12861899999999998	3.515051	3.062957	0.8027432099747134	0.35868686222783	0.7190243902439024	1025	0
LV3003061472	0.354105	0.123311	4.983401	3.841793	0.9165838124071856	0.14683539875328044	0.8781456953642384	755	0
LV3003061473	0.11753	0.1098555	1.9031635	1.419165	0.5556559055288184	0.5528427811094659	0.35658914728682173	258	0
LV3003061474	0.243187	0.14160399999999998	3.9442719999999998	3.188669	0.8595960590868222	0.22859322556570016	0.7747957992998833	857	0
LV3003061475	0.187471	0.15245399999999998	3.248014	2.7384199999999996	0.7743010313507875	0.39212916766272554	0.6369958275382476	719	0
LV3003061476	0.268002	0.18160325	4.3317105	3.70820475	0.8716557178654123	0.2606548641482974	0.770509977827051	902	0
LV3003061477	0.250231	0.20657500000000006	4.872753	5.763433	0.876681506399995	0.3241086618640112	0.7450034458993797	1451	0
LV3003061485	0.195493	0.09703824999999999	3.532703	3.452637000000001	0.8254428854079727	0.3144599873512568	0.7349926793557833	1366	0
LV3003061486	0.179028	0.188268	3.2887	2.8954139999999997	0.7907200437790695	0.4547605648632199	0.6134969325153374	489	0
LV3003061487	0.2891265	0.13527075	4.5975850000000005	4.298612	0.8914100292201594	0.2171252221165042	0.8280373831775701	1070	0
LV3003061488	0.211837	0.15113100000000004	3.8980445	3.7424507500000006	0.8398704297964787	0.3194422117421537	0.7459605026929982	1114	0
LV3003061489	0.160565	0.1246055	2.4338335000000004	1.7374227500000001	0.7240157364070516	0.3748302576383242	0.5136186770428015	514	0
LV3003061492	0.251132	0.164962	4.973417	5.7911779999999995	0.8816349561891206	0.26327576609910786	0.7886497064579256	1533	0
LV3003061500	0.1295265	0.08926675	2.6483309999999998	2.2316860000000007	0.7123884205571038	0.4854197062725549	0.5515970515970516	814	0
LV3003061501	0.20174	0.15609899999999996	3.2100815000000003	2.42441	0.8149812768110549	0.305869517696286	0.6828703703703703	864	0
LV3003061503	0.180749	0.09817975000000001	3.279818	2.9585339999999993	0.8116764808284588	0.29988604244789374	0.6998191681735986	1106	0
LV3003061504	0.184931	0.19283725	3.3097655	2.90026375	0.7812380425118209	0.5254178370336187	0.6125	720	0
LV3003061505	0.2299855	0.15365475	3.892634	3.48537	0.8436933769089272	0.26699444506763736	0.7601156069364162	692	0
LV3003061506	0.06408749999999999	0.16798100000000002	2.8631015	3.30497525	0.5064193614822375	0.78794292893889	0.3909426987060998	1082	0
LV3003061513	0.129138	0.08994475000000002	2.247453	1.85925475	0.6402267641047539	0.5051391037791617	0.4819277108433735	498	0
LV3003061514	0.222256	0.09996000000000002	3.8979995	3.62514325	0.8588818330655025	0.2295869649324903	0.8044478527607362	1304	0
LV3003061515	0.195292	0.086065	3.661843	3.660354	0.850926732837561	0.2654991724253838	0.7729435757987764	1471	0
LV3003061516	0.168297	0.13430275000000003	3.0976045	2.819736	0.7595239669522147	0.437241517396176	0.6367521367521367	702	0
LV3003061517	0.256698	0.1442525	4.431495	4.149727	0.8749003802361586	0.2297379165166209	0.8014311270125224	1118	0
LV3003061518	0.21628399999999998	0.16266424999999998	4.574444	4.8621057500000004	0.8625618062865281	0.3021349913797343	0.734920634920635	1260	0
LV3003061527	0.132006	0.127836	1.704558	1.1626539999999999	0.5904860514598667	0.44374604648660176	0.3076923076923077	65	0
LV3003061528	0.19849	0.116316	3.5619845000000003	3.26674575	0.8397080875757029	0.29800863889560436	0.7178631051752922	1198	0
LV3003061529	0.262863	0.11625099999999997	4.353362	4.2805345	0.8809448495907204	0.24321816728634316	0.8369259606373008	1067	0
LV3003061530	0.1833165	0.1772495	3.299324	2.6969097499999997	0.7940957376440476	0.4164444489877011	0.6521035598705501	618	0
LV3003061531	0.2641785	0.1404605	4.403919500000001	3.7501882500000008	0.8866669158772855	0.2148674440181254	0.8408695652173913	1150	0
LV3003061533	0.147673	0.189022	3.6698210000000002	3.507238	0.8038857841264354	0.41290317832360846	0.6034318398474738	1049	0
LV3003061539	0.128121	0.08348099999999999	2.131696	1.63432	0.6270351305364563	0.5018792986845608	0.4454713493530499	541	0
LV3003061541	0.220333	0.1400245	3.670765	3.159788	0.852403699789865	0.22230408866362894	0.7656441717791411	815	0
LV3003061543	0.310529	0.11885224999999999	5.0022775	4.597024999999999	0.8952081454433964	0.18987424468629055	0.848605577689243	1004	0
LV3003061544	0.219935	0.15668249999999997	3.826807	3.2568835	0.8246087712832189	0.3367745829035158	0.7276264591439688	771	0
LV3003061545	0.244029	0.17918299999999998	4.528761	4.053043499999999	0.8680543327355097	0.28048763565735424	0.7624660018132366	1103	0
LV3003061546	0.139276	0.14601750000000002	3.490727	3.3573475	0.8013677196741751	0.3830474855457199	0.6159509202453988	815	0
LV3003061555	0.107281	0.106776	1.654056	1.0577260000000002	0.5247271727268451	0.5133124073081026	0.27741935483870966	155	0
LV3003061556	0.23583200000000001	0.15225	3.742087	3.1201795	0.8389848485244495	0.2862871808730947	0.7387755102040816	735	0
LV3003061557	0.19737949999999999	0.12521625	3.4069865	2.936953	0.8069399229991641	0.3853961034309339	0.6997354497354498	756	0
LV3003061558	0.241607	0.143217	4.235976	3.5083160000000007	0.8594412839260902	0.28241638924964785	0.7711561382598331	839	0
LV3003061559	0.230974	0.22358075	4.2918769999999995	3.8322532499999995	0.8528989199323084	0.3333293686458678	0.708171206225681	1028	0
LV3003061568	0.140049	0.138702	1.992853	1.291213	0.6770609834669017	0.48677157601013704	0.43529411764705883	85	0
LV3003061569	0.26627599999999996	0.142257	4.2524635	3.404737	0.8823258359921575	0.18995631260689994	0.7956521739130434	920	0
LV3003061570	0.196175	0.1138085	3.3492765	2.6999645	0.7999159786738177	0.31803011633927747	0.7270531400966184	828	0
LV3003061571	0.212777	0.21973149999999997	3.8426545	3.4167552500000005	0.8303376756344207	0.41712163070710806	0.6873449131513648	806	0
LV3003061572	0.234269	0.16766325	4.8858675	5.532562249999999	0.8737652442124251	0.33682016233816015	0.7485163204747775	1348	0
LV7001871017	0.172345	0.14673599999999998	3.772436	3.3590465	0.786322846288722	0.4104507468823916	0.6875746714456392	1674	0
LV7001897144	0.144895	0.1651765	2.858362	2.1932	0.6460116366188672	0.6162453035659304	0.5520231213872833	692	0
LV7001897465	0.124832	0.165044	2.825082	2.3233230000000002	0.5927474917917394	0.692891343032632	0.5087719298245614	741	0
LV7001897466	0.158706	0.17194549999999997	2.996299	2.2298050000000007	0.6741881580812583	0.5859387816110931	0.5963003264417845	919	0
LV7001897467	0.16868	0.128863	3.167611	2.484792	0.7247506038444751	0.4666679421598958	0.6670224119530416	937	0
LV7001897469	0.037867	0.045296750000000004	1.7379025000000001	1.4482007499999996	0.17497716026857824	0.4198695659386258	0.05462724935732648	1556	0
LV7001897470	0.096738	0.13656050000000003	2.620903	2.3539839999999996	0.4985313923590142	0.6412350898778095	0.4267701260911736	1031	0
LV7001897471	0.11226749999999999	0.1417095	2.523986	2.0810397500000004	0.5336826409510879	0.6231388422414575	0.4632352941176471	952	0
LV7001897472	0.126045	0.140052	2.64852	2.089784	0.6082942941454199	0.5747352747607415	0.5016872890888638	889	0
LV7001897473	0.153298	0.14492500000000003	3.253057	2.8899010000000005	0.713307508655157	0.515987083579279	0.6065727699530516	1065	0
LV7001897474	0.154512	0.14818149999999997	3.092253	2.6903089999999996	0.7122197408828462	0.577795318184014	0.613903743315508	935	0
LV7001897475	0.080011	0.15260650000000003	2.0234435	2.0652575	0.3320589918833473	0.7381154085591958	0.40298507462686567	268	0
LV7001897476	0.104348	0.132434	2.219504	2.13595	0.5525069600645878	0.6918918297526362	0.4300341296928328	293	0
LV7001897477	0.1579	0.16189599999999998	2.962086	2.3616400000000004	0.6705820350581451	0.596827949256583	0.6196136701337296	673	0
LV7001897478	0.1503105	0.16006350000000003	3.069497	2.4793054999999993	0.6801710962521437	0.558558070488105	0.5855397148676171	982	0
LV7001897479	0.169222	0.1437425	3.33244	2.596887	0.7769381492242243	0.4419286620787958	0.6837146702557201	743	0
LV7001897480	0.16912	0.120393	3.7020239999999998	3.5664277500000003	0.7817182932204092	0.3828850630547387	0.7156113537117904	1832	0
LV7001897482	0.08145	0.125524	2.478031	2.187912	0.45746922562361464	0.6667641759957097	0.3857030636292223	1273	0
LV7001897483	0.13795849999999998	0.16391450000000002	3.0398430000000003	2.7261355000000007	0.6444349756002763	0.6197803393551159	0.554364471669219	1306	0
LV7001897484	0.140242	0.151733	2.925684	2.5773989999999998	0.6449130270709866	0.5860295256491692	0.5562913907284768	1057	0
LV7001897485	0.147302	0.12114	3.192293	2.8294379999999997	0.7263415072010153	0.49428283907996984	0.6383822363203806	1261	0
LV7001897486	0.135084	0.15316600000000002	2.963945	2.6707769999999997	0.6544901943528013	0.5802790150153552	0.551270815074496	1141	0
LV7001897487	0.154495	0.14679775	3.046688	2.4003859999999992	0.6986654110067929	0.5356391101325817	0.6324582338902148	838	0
LV7001897488	0.143413	0.14315724999999999	3.08807	2.65514975	0.6940085202602361	0.5587206725833849	0.5920303605313093	1054	0
LV7001897489	0.07462099999999999	0.19022350000000005	2.3166865	2.19596275	0.4115548634705849	0.721400811961085	0.45918367346938777	196	0
LV7001897490	0.033367	0.08376650000000001	1.712222	1.5316074999999998	0.11726452540627516	0.4236410864351377	0.21465968586387435	191	0
LV7001897491	0.180702	0.18761499999999998	3.136898	2.5266699999999993	0.7322541848843497	0.5957248901038288	0.631424375917768	681	0
LV7001897492	0.15497	0.1619045	2.876706	2.3748549999999997	0.6690511010440188	0.5954491527821244	0.5910780669144982	807	0
LV7001897493	0.022664999999999998	0.019946500000000002	1.219146	1.3032545	0.02679999569806068	0.130983214679207	0.0038880248833592537	1286	0
LV7001897494	0.0596	0.132467	2.230034	2.0146319999999998	0.3661266597876427	0.6735739568130986	0.3617269544924154	857	0
LV7001897495	0.119122	0.14708975	2.7295404999999997	2.3201709999999993	0.6103678805245029	0.6906469975252914	0.5057736720554272	866	0
LV7001897496	0.12524849999999998	0.15072875	2.9043475	2.4102635	0.6143769247023686	0.6013557935645527	0.5118343195266272	1014	0
LV7001897497	0.1643135	0.154325	2.95589	2.30765025	0.6968910514165633	0.5232109778281749	0.63268156424581	716	0
LV7001897498	0.155226	0.16003675	3.01602	2.436207499999999	0.7238527686535785	0.5802823832116082	0.6334459459459459	592	0
LV7001897499	0.15865	0.11703124999999999	3.369276	2.81508475	0.7640022655083833	0.4024580039614958	0.6878557874762808	1054	0
LV7001897500	0.165076	0.12764999999999999	3.529694	3.389548	0.7616886066445286	0.4405976863276374	0.674074074074074	1485	0
LV7001897501	0.145983	0.1825365	2.845654	2.2125714999999997	0.6580853447498535	0.6536741758810904	0.5536480686695279	699	0
LV7001897502	0.10865	0.161907	2.612939	2.349836	0.5274649844401944	0.6739146725507927	0.4680232558139535	688	0
LV7001897503	0.108246	0.197844	2.343388	2.535215	0.46447265237766794	0.7480597059954457	0.4967741935483871	155	0
LV7001897504	0.152518	0.15064149999999998	3.1120064999999997	2.5722632500000002	0.7057563194531655	0.5359344369685641	0.603950103950104	962	0
LV7001897505	0.016907	0.014256000000000001	1.062023	1.759316	0	0.03609356366048116	0	629	0
LV7001897506	0.04363	0.1302205	2.076554	1.8257960000000002	0.2394218975999962	0.6737932925825462	0.32598425196850395	635	0
LV7001897507	0.110139	0.150821	2.610989	2.190964	0.556754269219933	0.6558821364234677	0.4621733149931224	727	0
LV7001897508	0.116161	0.14790349999999997	2.8761275	2.6669350000000005	0.5849146205418841	0.6402679825914025	0.4791666666666667	1296	0
LV7001897509	0.159069	0.14102	3.265875	2.761411	0.7578195455600482	0.5099216674729983	0.6636871508379888	895	0
LV7001897510	0.16106399999999998	0.15104225	3.172795	2.537668	0.7140829776198734	0.470320762131356	0.6395061728395062	810	0
LV7001897511	0.153248	0.139062	3.248582	2.7983549999999995	0.7254202512995397	0.48520638127835536	0.615878107457899	1247	0
LV7001897512	0.17583	0.13415	3.73754	3.630528	0.8000487026035763	0.4094801263549108	0.7091870456047588	1513	0
LV7001897525	0.156903	0.167435	3.02751	2.369331	0.7045614333454512	0.5738568328949835	0.6095661846496107	899	0
LV7001897526	0.12744250000000001	0.15729749999999998	2.8034015	2.4655055	0.6147672240395015	0.6175542852668954	0.5181159420289855	828	0
LV7001897527	0.172297	0.13099499999999997	3.417405	2.916771	0.7575470411646751	0.45991068798908114	0.6898685228151585	1293	0
LV7001897528	0.1307855	0.15206275000000002	2.758246	2.1190422499999997	0.6143628759052839	0.5667947578323198	0.5354107648725213	706	0
LV7001897529	0.154645	0.11333349999999998	3.143617	2.4561574999999998	0.7213424146862499	0.44253946529126653	0.6503551696921863	1267	0
LV7001897530	0.041266	0.0735045	1.940533	1.815413	0.2263350470812433	0.5091394277784499	0.170376055257099	1303	0
LV7001897531	0.11550350000000001	0.14564700000000003	2.855045	2.5550707500000005	0.6185934672213065	0.600590639686072	0.4946727549467275	1314	0
LV7001897532	0.136698	0.13831825	2.8781945	2.34271375	0.6695092645214951	0.549087388166183	0.5714285714285714	1050	0
LV7001897533	0.147425	0.1183405	3.397568	3.0992759999999997	0.7262536559720821	0.47868161181700686	0.6427145708582834	1503	0
LV7001897534	0.155822	0.119545	3.268179	2.9869779999999997	0.7506618601028745	0.4444275066097869	0.6572258533042846	1377	0
LV7001897535	0.13996799999999998	0.15017925	3.212323	3.0144352499999996	0.7218881935882445	0.5382517814786753	0.5963541666666666	1536	0
LV7001897536	0.159415	0.12200449999999999	3.6432469999999997	3.6529590000000005	0.786584822207229	0.3717352403549482	0.6785009861932939	2028	0
LV7001897537	0.138389	0.1677	2.624204	2.135121	0.5811086845781265	0.6503599085505031	0.5270049099836334	611	0
LV7001897538	0.123954	0.131816	2.658099	2.121843	0.6272424009313946	0.5672426041709211	0.5174193548387097	775	0
LV7001897539	0.155922	0.151011	2.997761	2.450402	0.6927949225789177	0.5245381545507386	0.6127612761276128	909	0
LV7001897540	0.150417	0.15801099999999998	2.673739	2.188858	0.669014418555001	0.6175242070155034	0.5930902111324377	521	0
LV7001897541	0.140859	0.142947	2.728962	2.072922	0.6339787107747566	0.5464121481773747	0.5553997194950911	713	0
LV7001897543	0.056229	0.14405149999999997	2.353471	2.0504754999999997	0.37508491940036354	0.6946777155668189	0.3881932021466905	559	0
LV7001897544	0.13681149999999997	0.14367399999999997	2.6234585	2.31218475	0.5994118334595885	0.5993361107111674	0.5334928229665071	836	0
LV7001897545	0.1623655	0.13179424999999997	3.2762029999999998	3.0981170000000002	0.7363110341967888	0.4725268614272931	0.6548991354466859	1388	0
LV7001897546	0.163813	0.131477	3.303353	3.0942404999999997	0.7377879601111861	0.49045913365069005	0.6515028432168968	1231	0
LV7001897547	0.14711000000000002	0.12329	3.2077675	3.154361000000001	0.7083061076786963	0.4850345163701736	0.6217391304347826	1610	0
LV7001897548	0.163267	0.12095900000000001	3.690254	3.6279295	0.7831455119159687	0.3723541517809966	0.7075	2000	0
LV7001897551	0.167261	0.12775750000000002	3.310319	2.79473675	0.7432144316552687	0.4349850695560936	0.6773049645390071	1410	0
LV7001897552	0.142642	0.173873	3.067228	2.470847	0.6927307659647961	0.5727237484725214	0.5898161244695899	707	0
LV7001897553	0.1584255	0.11682200000000002	3.29521	2.9168654999999997	0.752443667586936	0.42176959708707795	0.6792207792207792	1540	0
LV7001897554	0.033096	0.0342585	1.570429	1.3897969999999997	0.12746955979995392	0.344270170987813	0.015571776155717762	2055	0
LV7001897556	0.167079	0.14235975	3.3654905	3.026059	0.7590392845244545	0.43711745763084997	0.659400544959128	1468	0
LV7001897557	0.140526	0.116669	3.111826	2.820003	0.7074285265601292	0.4946404481114455	0.595457771469127	1409	0
LV7001897558	0.158436	0.11679699999999998	3.752505	3.709803	0.8017245487780793	0.36945664525968525	0.7079747561675273	1743	0
LV7001897559	0.1542115	0.11498275	3.4100205	3.2798077499999994	0.7519271672020689	0.414794448010723	0.6619099890230515	1822	0
LV7001897560	0.161375	0.11297200000000002	3.730975	3.7107469999999996	0.7984903685059956	0.3483566629133126	0.7136648961854176	2071	0
LV7001897562	0.132197	0.12382	3.12884	2.625759999999999	0.7095227371625764	0.5009329965837576	0.5629397967161845	1279	0
LV7001897563	0.1763865	0.15695025	3.2905205	2.7715402500000006	0.7515368314942511	0.4510886780495119	0.6553627760252366	1268	0
LV7001897564	0.152246	0.130911	3.156	2.5604184999999995	0.7467516205389765	0.4154435232220277	0.627906976744186	1247	0
LV7001897565	0.146536	0.14126650000000002	3.175853	2.8896955	0.7168340164797556	0.4846150214085033	0.613882863340564	1383	0
LV7001897566	0.0402465	0.057267250000000006	1.8763095	1.6646337500000004	0.21961174276091489	0.48032520013846314	0.10074074074074074	1350	0
LV7001897568	0.158837	0.152301	3.299381	2.847272	0.7561337794463547	0.48592454463582385	0.6395256916996047	1265	0
LV7001897569	0.12871500000000002	0.14153849999999998	2.9191	2.503059	0.6541545000139966	0.582409411428389	0.5390199637023594	1102	0
LV7001897570	0.1576165	0.12894324999999998	3.4052195000000003	2.9800982499999997	0.7522934947645586	0.43309798425960044	0.6689560439560439	1456	0
LV7001897571	0.1576555	0.14425699999999997	2.982713	2.3062725	0.706071798104051	0.5126044876593399	0.6194225721784777	762	0
LV7001897572	0.1854105	0.162171	3.2847675	2.89741125	0.7422454797650755	0.4802301353003004	0.6723744292237442	876	0
LV7001898061	0.158418	0.13714	3.698057	3.4603969999999995	0.7844143676565027	0.3971517551545851	0.6610752688172044	2325	0
LV7001898062	0.151976	0.124439	3.486984	3.119264	0.7443405135837808	0.44608281757811086	0.6339334424440808	1833	0
LV7001898063	0.14044	0.09793050000000002	3.155177	2.7506985000000004	0.7333831842319093	0.41849656465915464	0.6453298497713913	1531	0
LV7001898064	0.1137135	0.15055600000000002	3.2562805	3.2898869999999993	0.7668780787979181	0.46160133442509355	0.5084355828220859	1304	0
LV7001898073	0.164064	0.1318385	3.73696	3.4031355000000003	0.789780300710058	0.382538854657128	0.6709033136631866	2203	0
LV7001898075	0.162949	0.16966099999999998	3.347505	2.9967354999999998	0.73740633089855	0.5465984053364027	0.6116107931316435	1223	0
LV7001898076	0.169536	0.19286000000000003	3.691185	4.286868	0.8208105856507989	0.3777318791463776	0.6197249881460408	2109	0
LV7001898085	0.161584	0.11746099999999998	3.393347	2.9995614999999995	0.7602747422952879	0.39101793982970323	0.6859903381642513	1863	0
LV7001898086	0.1634675	0.16649125	3.5040115	3.3099795	0.7433909275410915	0.4751048024982885	0.6348758465011287	1772	0
LV7001898087	0.155438	0.15781	3.246949	2.9528005	0.7184437793766617	0.5456821789585371	0.6187845303867403	1267	0
LV7001898088	0.066342	0.070011	2.046369	1.9321579999999998	0.42218618658596224	0.5510759149023153	0.17011128775834658	1887	0
LV7001898097	0.17204599999999998	0.11919750000000001	3.556742	3.1996392499999997	0.7758065213319052	0.3639971653105428	0.7131428571428572	1750	0
LV7001898098	0.153061	0.13969525000000002	3.4639534999999997	3.15180875	0.7387280306476611	0.44164515989759645	0.6343115124153499	1772	0
LV7001898099	0.167943	0.12188525	3.6379435	3.2412680000000007	0.7823038803960998	0.37783902740480435	0.7014423076923076	2080	0
LV7001898100	0.049107	0.061856	2.127648	1.8781379999999999	0.33938701969755686	0.5031191074430433	0.095856524427953	1617	0
LV7001898110	0.1947525	0.157915	3.7899184999999997	3.4098527499999998	0.8185480762331121	0.3731569954831846	0.7028301886792453	1696	0
LV7001898111	0.158768	0.14986700000000003	3.421923	3.2226299999999997	0.7472600418746679	0.4441357526204815	0.6311945748565467	1917	0
LV7001898112	0.194894	0.15503124999999998	3.6709025000000004	3.31691075	0.8003380772454305	0.405528971421934	0.7075351213282248	1566	0
LV7001898134	0.1518585	0.13179250000000003	3.2295540000000003	2.9005740000000007	0.7606156886860818	0.42946363505949636	0.6347708894878706	1484	0
LV7001898135	0.15236349999999999	0.14686925	3.3749135	3.16135875	0.7275338339144999	0.4899427837878799	0.625	1704	0
LV7001898136	0.1948965	0.11754824999999997	4.1819485	3.9097030000000004	0.8405208956195752	0.2760003053896476	0.7863288718929254	2092	0
LV7001898146	0.174676	0.142263	3.664178	3.327661	0.786052911588348	0.3847321800798531	0.6890855457227139	1695	0
LV7001898158	0.1808	0.14456200000000002	3.752967	3.374569	0.7962817278425556	0.417325375505625	0.6965944272445821	1615	0
LV7001898160	0.154952	0.10881199999999999	3.683727	3.4784185	0.7874036601286305	0.39407354010190276	0.6788357178095707	2027	0
LV7008865054	0.199865	0.13564900000000002	2.791683	2.15709	0.7911691736976575	0.37555496913822073	0.6756756756756757	333	0
LV7008865062	0.261418	0.224292	4.204921	3.9482190000000004	0.9054037358785998	0.15094508005121576	0.8970499698976521	1661	0
LV7008865063	0.348581	0.265852	4.288419	3.408624	0.9081541715535096	0.1739727085338374	0.8105849582172702	359	0
LV7008865064	0.200627	0.1357645	3.346602	2.8283764999999996	0.853389426745645	0.25064010711973084	0.7935702199661591	591	0
LV7008867106	0.18375999999999998	0.14096399999999998	3.4617180000000003	2.7772565000000005	0.8472867525363397	0.24960029171109932	0.802649930264993	1434	0
LV7008867107	0.20123	0.15807200000000002	3.521315	2.7879135	0.8584224086297696	0.22350087936650487	0.8140981340704907	1447	0
LV7008867109	0.250506	0.17800200000000002	3.770587	2.835927	0.8813739242796625	0.1987926766038156	0.8507614213197969	985	0
LV7008867111	0.188166	0.12469850000000005	3.249173	2.1223655	0.8508317213515842	0.21604746522057028	0.8229043683589138	847	0
LV7008867113	0.452153	0.17889800000000006	6.122218	4.834293	0.9413215909518	0.10419788803719343	0.9154746423927178	769	0
LV7008867115	0.2934445	0.21941375000000002	4.328685	4.2768435	0.9072905530072752	0.17082545053016462	0.8938307030129125	1394	0
LV7008867116	0.1556235	0.07213050000000003	2.7610585	2.0571202499999997	0.7924915364566625	0.27867498145459757	0.7230941704035875	892	0
LV7008867117	0.1030025	0.0703645	1.880706	1.4813342500000006	0.5313412888553959	0.5753144473298195	0.3333333333333333	258	0
LV7008867118	0.2048575	0.18125999999999998	3.7305845	3.0328962500000003	0.8627802596010744	0.2258407094090089	0.8003003003003003	1332	0
LV7008867119	0.230993	0.16882025	3.877148	3.15343425	0.8851773162889562	0.18824728851299655	0.870499419279907	1722	0
LV7008867121	0.22772	0.21362049999999996	3.338803	2.4999789999999997	0.8465901154004535	0.29664309438818326	0.7301587301587301	567	0
LV7008867122	0.153071	0.07625849999999998	2.868111	2.1107024999999995	0.8062154677470464	0.271295930490538	0.7291487532244196	1163	0
LV7008867124	0.23683	0.17193099999999997	3.809591	3.0031870000000005	0.8822926480729874	0.1962152902892581	0.8274428274428275	481	0
LV7008867125	0.4637245	0.1620585000000001	6.5677125	6.183323499999999	0.9499130302585861	0.1066505088151537	0.9290123456790124	972	0
LV7008867126	0.323245	0.21159025000000004	4.772498499999999	4.57381325	0.9185490600952633	0.14074768504994606	0.9181360201511335	1588	0
LV7008867127	0.315242	0.21865	4.581564	4.209557	0.9130628499423892	0.15454324024800348	0.9109980928162746	1573	0
LV7008867128	0.21351150000000002	0.11041274999999998	3.4842895	2.84119775	0.8621849840229356	0.21722433022061838	0.8422330097087378	1236	0
LV7008867129	0.30522	0.21488100000000002	4.1876265	2.7922162500000005	0.9030510455387023	0.20661910283062135	0.8541666666666666	240	0
LV7008867130	0.191493	0.16191299999999997	3.601888	3.051693	0.8644178222941599	0.21857414455299684	0.822380106571936	1689	0
LV7008867131	0.26491050000000005	0.22160924999999998	3.8107825	3.0212232500000002	0.8812486894303313	0.24061920145298688	0.8255813953488372	774	0
LV7008867132	0.113431	0.10636500000000002	2.376898	1.6324919999999998	0.6478480221681041	0.4659519578222155	0.4558139534883721	215	0
LV7008867133	0.1674465	0.21863225000000003	3.2353335	2.7035787499999993	0.8397840058723398	0.3270999809721604	0.7053571428571429	560	0
LV7008867134	0.178531	0.090088	3.086418	2.2230930000000004	0.8350609748897888	0.23408067954448253	0.779794313369631	1653	0
LV7008867135	0.1614105	0.08661774999999997	2.9172515	2.2000685	0.8075755670687448	0.2663735094093507	0.7286821705426356	1290	0
LV7008867136	0.264334	0.16758499999999998	4.088834	2.627295	0.9049234285408944	0.16791125370805127	0.8849840255591054	313	0
LV7008867137	0.41647500000000004	0.21824525	5.464917	4.381894249999999	0.9269834829649185	0.1282013234501207	0.9068877551020408	784	0
LV7008867138	0.347364	0.22049874999999994	5.1625905	5.121893249999999	0.9263785826293514	0.145557460137703	0.9169960474308301	1518	0
LV7008867139	0.34793050000000003	0.268442	4.89199	4.406180750000001	0.9234107291711382	0.16246560009027278	0.8326923076923077	1040	0
LV7008867140	0.215983	0.11516600000000002	3.362591	2.926529	0.8661801421258667	0.21228777526017084	0.8327246165084002	1369	0
LV7008867141	0.276148	0.19772449999999997	3.659339	2.6950879999999997	0.8642275739136699	0.25609336730846777	0.8136200716845878	279	0
LV7008867142	0.340472	0.17005075	4.688406499999999	4.227959	0.9170896682031102	0.17295204372904927	0.8713968957871396	902	0
LV7008867143	0.2286815	0.20718175000000005	3.8697464999999998	3.082442	0.8785572136436011	0.21373153349878837	0.8497576736672051	1238	0
LV7008867144	0.122613	0.104967	2.423732	1.853643	0.676035866297022	0.4284187020054473	0.4827586206896552	203	0
LV7008867145	0.189233	0.24524900000000005	3.225413	2.7021095	0.8299990240889658	0.3433667860595998	0.7078260869565217	575	0
LV7008867146	0.175619	0.09141100000000002	3.044132	2.362159	0.8332995958702704	0.23336425529977634	0.7966429954809554	1549	0
LV7008867147	0.1526905	0.0734255	3.0598445	2.507548	0.8245551755451628	0.2634220491124387	0.7530048076923077	1664	0
LV7008867148	0.309243	0.25328300000000004	4.134438	3.5248729999999995	0.8964109803805802	0.23657543568878292	0.7823834196891192	579	0
LV7008867149	0.415459	0.19439399999999996	5.450886000000001	4.657131750000001	0.9344814337490285	0.12615255154196992	0.912751677852349	894	0
LV7008867151	0.363274	0.20850200000000002	4.998783	4.123526	0.9280957983755056	0.15078249483645478	0.899749373433584	1197	0
LV7008867152	0.209543	0.127668	3.38484	2.7757419999999997	0.8602217386712053	0.20920255501964347	0.814299900695134	1007	0
LV7008867153	0.08781449999999999	0.0602835	1.7855240000000001	1.3163529999999999	0.47882258726910365	0.45414730087433897	0.21169354838709678	496	0
LV7008867154	0.344299	0.238378	4.964808	4.596002	0.921169927706762	0.20144996745513122	0.8320935175345378	941	0
LV7008867156	0.11184	0.076387	2.054135	1.337702	0.6130838967550891	0.4696809656031769	0.4393063583815029	173	0
LV7008867157	0.20884000000000003	0.21575	2.9142910000000004	2.48123325	0.7807021727651215	0.4548704815744298	0.6103603603603603	444	0
LV7008867158	0.164112	0.09017550000000002	3.073022	2.567419	0.827320706361083	0.26181913811808555	0.7642651296829971	1735	0
LV7008867159	0.1511625	0.08231875	2.713458	2.05379675	0.7851430681944628	0.29570156387085356	0.6832	1250	0
LV7008867160	0.284211	0.22183975000000006	3.9060725	3.2823789999999997	0.8914262651276701	0.23539467201625963	0.7838283828382838	606	0
LV7008867161	0.185643	0.11476124999999998	3.747071	3.6935477500000005	0.8538424465152098	0.2658533806796708	0.7662337662337663	308	0
LV7008867162	0.428394	0.20404999999999995	5.791597	5.802136000000001	0.9389188949171116	0.12568933555746564	0.8987341772151899	1185	0
LV7008867163	0.320391	0.21530150000000003	4.655152	4.426300500000001	0.917545060266013	0.14163887701572375	0.921038100496963	1811	0
LV7008867164	0.21571	0.121838	3.560367	2.8907260000000004	0.8840463091290074	0.17227248496358605	0.8656575212866604	1057	0
LV7008867165	0.09098049999999999	0.06229524999999998	1.8070965	1.2139012500000004	0.5080394338185725	0.4821607455667407	0.24380165289256198	484	0
LV7008867166	0.169299	0.1322245	2.633326	2.0626765000000002	0.746606264092444	0.4029118506976045	0.6035182679296346	739	0
LV7008867167	0.23788749999999997	0.22261600000000004	3.740413	3.5158847499999997	0.8581783513921085	0.28594260453593334	0.7399691358024691	1296	0
LV7008867168	0.119423	0.071494	2.32037	1.571089	0.668300355546571	0.39649956028201516	0.46153846153846156	65	0
LV7008867169	0.20107049999999999	0.19274074999999996	3.072914	2.36491075	0.7974142041883808	0.38525539456552527	0.6798780487804879	656	0
LV7008867170	0.152011	0.07688	2.721672	1.935373	0.7910844739343069	0.2773292683951355	0.6793703396851698	1207	0
LV7008867171	0.154759	0.07741599999999998	2.753783	2.052968	0.7944054909559662	0.2739241124994426	0.708745247148289	1315	0
LV7008867172	0.266367	0.208598	3.597758	2.6501379999999997	0.8923462858695048	0.16695635953624255	0.8281938325991189	227	0
LV7008867173	0.179332	0.10997300000000003	3.416129	3.908436750000001	0.8378245707800647	0.3506847480145914	0.7157534246575342	292	0
LV7008867174	0.432924	0.20029299999999994	6.043477	6.0103555	0.9430406923020282	0.1256649965922385	0.8975650713685979	1191	0
LV7008867175	0.354939	0.19482850000000002	5.145801	4.752508	0.9302066811832892	0.12458021021270538	0.9442491210447012	1991	0
LV7008867179	0.2487765	0.22715875000000002	3.809019	3.40116175	0.8747482910720921	0.2682255661220746	0.7693798449612403	1032	0
LV7008867180	0.174845	0.122554	3.029133	2.1086564999999995	0.817974680837779	0.24667284458724936	0.752979414951246	923	0
LV7008867181	0.178776	0.17214249999999998	2.714488	2.0730545	0.7784950870369245	0.36690060860091145	0.618595825426945	527	0
LV7008867186	0.421418	0.19709849999999995	5.684237	5.633703500000001	0.9329868652397406	0.1346600388668847	0.8873917228103946	1039	0
LV7008867187	0.296254	0.21829099999999996	4.35091	3.9742	0.908093764233492	0.15693179455382744	0.9108318372232196	1671	0
LV7008867188	0.29109399999999996	0.20407400000000003	4.57013	4.294664000000001	0.9171943070467283	0.15573485198434855	0.9098282442748091	2096	0
LV7008867191	0.164826	0.11454700000000001	3.036608	2.3426690000000003	0.8166407691120706	0.27442149244653713	0.7392257121986852	1369	0
LV7008867194	0.20281700000000003	0.13665400000000003	3.334295	2.362852	0.8438139806447964	0.22541989640905025	0.8139763779527559	1016	0
LV7008867196	0.1791005	0.11686249999999998	3.1958145	2.32812	0.8424086616755453	0.23236438897875644	0.7598870056497176	708	0
LV7008867197	0.342416	0.18449300000000002	4.433754	3.210495	0.8916490220695065	0.1800113382280647	0.8694362017804155	337	0
LV7008867198	0.370306	0.21458724999999995	4.714656	3.63813625	0.9020735818310944	0.1839513799924477	0.8567073170731707	328	0
LV7008867199	0.33603099999999997	0.19291699999999998	4.8267880000000005	4.316106749999999	0.9251682644864831	0.12940895447843448	0.9453125	1792	0
LV7008867310	0.378833	0.17506850000000002	4.801356	4.460012	0.9052071475266263	0.2050834724717432	0.81375	800	0
LV7008867311	0.3936825	0.26548575	4.996921	4.187108499999999	0.9050990753870309	0.1825435903156032	0.7984615384615384	650	0
LV7008867312	0.317624	0.2532725	4.688385	3.7617275	0.9153151073004542	0.15323725909102603	0.8717156105100463	647	0
LV7008867313	0.19636199999999998	0.21856025	3.4243955	3.1830437500000004	0.8541583215065366	0.2702782321110142	0.7592592592592593	486	0
LV7008867321	0.168896	0.22449249999999998	3.636895	3.9741525	0.84652220015773	0.522144360276981	0.6223776223776224	143	0
LV7008867322	0.369336	0.19559399999999996	4.757699	3.9214420000000003	0.8989253413514465	0.1799863855272632	0.7917355371900826	605	0
LV7008867323	0.3746315	0.28372375000000005	4.973572	4.112473249999999	0.9142346246792806	0.1996647769131985	0.7819767441860465	688	0
LV7008867324	0.306079	0.3335385	4.675244	4.651796	0.9078131225839716	0.20190619539054233	0.7994428969359332	359	0
LV7008867325	0.231514	0.246575	3.900422	3.8184600000000004	0.8785792287288768	0.21780944574070005	0.8309572301425662	491	0
LV7008867326	0.362417	0.43455175000000007	4.6078405	4.590726500000001	0.8968384802623235	0.3015910707073416	0.6966666666666667	300	0
LV7008867333	0.201915	0.3417015	4.3113019999999995	4.274121999999999	0.8824834248462846	0.34328195613865253	0.71875	224	0
LV7008867334	0.358875	0.23485124999999996	4.835952499999999	4.0549275	0.9052814687029972	0.17300440175626997	0.8834080717488789	446	0
LV7008867335	0.370834	0.28283025000000006	4.86646	4.5998135	0.9109743237477841	0.20042012975887646	0.7925257731958762	776	0
LV7008867336	0.295943	0.21832875000000002	4.5957995	4.010097249999999	0.9140447802468147	0.1387779779802527	0.9237012987012987	1232	0
LV7008867337	0.232852	0.23677999999999996	4.010791	3.4804555000000006	0.8896976560371487	0.2134508896619336	0.8459958932238193	487	0
LV7008867338	0.0925995	0.25926774999999996	2.4166745	3.52425875	0.6753148671177491	0.7438053180693958	0.44021739130434784	184	0
LV7008867345	0.212335	0.117891	3.403943	2.7888260000000002	0.8645822995390116	0.21147583558134764	0.847084708470847	909	0
LV7008867346	0.3093855	0.24491975000000005	4.233123	4.3617082499999995	0.8901555339298244	0.2239805259162676	0.831140350877193	456	0
LV7008867348	0.2688745	0.22009700000000004	4.1743545	3.5773125	0.9006662350515384	0.17441282765473276	0.8899082568807339	872	0
LV7008867350	0.151969	0.23798	3.583817	4.1047935	0.8483850965432269	0.4460699806917976	0.6962962962962963	135	0
LV7008867357	0.219887	0.11654950000000003	3.368315	2.7069150000000004	0.8684306852387557	0.19842433995105546	0.83399209486166	759	0
LV7008867358	0.230333	0.20139349999999998	4.5671745	4.1639075000000005	0.8959237202215015	0.1596940154953641	0.8813559322033898	118	0
LV7008867359	0.388167	0.17631449999999999	5.25568	4.212930500000001	0.9234971936504744	0.12118196648766677	0.8676293622141997	831	0
LV7008867360	0.3148315	0.2310025	4.4038265	3.6634735000000003	0.9100135679027705	0.13645443608819874	0.9088471849865952	746	0
LV7008867361	0.272526	0.27355125	4.0022705	3.7807742500000003	0.8914488661922824	0.19614748419326467	0.7958115183246073	382	0
LV7008867362	0.182927	0.23108650000000003	3.2072295	3.8307235000000004	0.8121415608606688	0.708942912296203	0.5849056603773585	212	0
LV7008867369	0.207592	0.137939	3.186169	2.847244	0.8484767659317087	0.25030181333059687	0.7730727470141151	921	0
LV7008867370	0.212592	0.22634100000000004	3.83502	4.196049	0.871071084871875	0.2758746599870283	0.7333333333333333	135	0
LV7008867373	0.257485	0.2822145	4.091299	3.7839519999999998	0.8927617747210506	0.19667253396505213	0.8103130755064457	543	0
LV7008867374	0.189019	0.330865	4.109609	4.189495	0.8564576360846559	0.3842571326019043	0.6368715083798883	179	0
LV7008867382	0.3045565	0.32833049999999997	4.3037905	4.2486802500000005	0.8962437114691382	0.24621382835638606	0.7608695652173914	414	0
LV7008867383	0.371044	0.14297774999999996	5.082501000000001	4.592684500000001	0.9092914111248211	0.16530213677919792	0.8568232662192393	894	0
LV7008867385	0.31878799999999996	0.34525724999999996	4.516878	4.458700749999999	0.9088053401319598	0.19006722294251654	0.8240740740740741	540	0
LV7008867386	0.145328	0.24668475	2.9381934999999997	3.6057827499999995	0.7508936662048131	0.5448589352339859	0.5666666666666667	150	0
LV7008867394	0.355855	0.356251	4.417907	4.153678	0.9080823461280616	0.2499655605203791	0.7557251908396947	393	0
LV7008867395	0.384076	0.20053275000000004	4.883745	3.9070235000000006	0.9047390052723482	0.18828252503920773	0.7963636363636364	550	0
LV7008867396	0.37975800000000004	0.23956399999999994	5.0127945	4.03820675	0.917629524485581	0.13899739357912588	0.8790523690773068	802	0
LV7008867397	0.311322	0.32652325	4.6977385	4.1855295	0.8983746257093045	0.21369431576563158	0.803088803088803	518	0
LV7008867398	0.211815	0.17371975	3.510234	3.24368525	0.8698437010243614	0.23913479689769268	0.7966804979253111	482	0
LV7008884666	0.204897	0.32544100000000004	3.5003395	4.030695999999999	0.8410571935650131	0.3943058192644209	0.6457399103139013	446	0
LV7008886221	0.09923799999999999	0.17384325	2.689515	2.3805067500000003	0.7021827114794954	0.4492345255041364	0.44244604316546765	1112	0
LV7008886222	0.113604	0.07857250000000002	2.03485	1.6057610000000002	0.6186842676743618	0.5155964329292462	0.4098883572567783	627	0
LV7008886223	0.280189	0.301313	3.560484	3.3863345	0.8538299814457277	0.36359567319202823	0.6482758620689655	435	0
LV7008886226	0.1027575	0.14079574999999997	2.564143	2.435053	0.6565505047320666	0.5819759639612203	0.443359375	1024	0
LV7008886228	0.110262	0.11506549999999999	2.1957115	1.87055725	0.6136582278649627	0.6169206867098672	0.5	148	0
LV7008886229	0.14849300000000001	0.13329999999999997	3.133011	2.660509	0.8073664168393528	0.3036231616290809	0.6395002974419988	1681	0
LV7008886690	0.0779415	0.07714275	2.436792	2.30299825	0.5905692424124909	0.5139103953120199	0.28544061302681994	1044	0
LV7008886692	0.106259	0.1886795	2.557185	2.539073	0.6849002030922906	0.5570924829128218	0.4589928057553957	695	0
LV7008886695	0.127563	0.109928	2.741028	2.022406	0.763146919223017	0.3344755006194605	0.5848119233498935	1409	0
LV7008886698	0.30462500000000003	0.26725999999999994	4.199236	3.8076512499999997	0.8868328943273807	0.2519339280480686	0.7894736842105263	570	0
LV7008886699	0.09337699999999999	0.06784950000000001	1.9566210000000002	1.3355742500000003	0.5366853006057024	0.5091336155535187	0.29653679653679654	462	0
LV7008886700	0.106033	0.06669575000000001	2.0306230000000003	1.3558525000000001	0.6325450014134494	0.4383715413442769	0.3609022556390977	532	0
LV7008886702	0.100133	0.18429399999999996	3.118573	3.447125	0.7271395180897376	0.5028006251461138	0.45239852398523983	1355	0
LV7008886703	0.2507925	0.2337045	4.045765	3.5513467499999996	0.8632657101417034	0.3347038953028526	0.7163375224416517	1114	0
LV7008886704	0.1516115	0.18679800000000002	2.6715215	2.408065	0.6900631530265277	0.4951423208586115	0.5255681818181818	704	0
LV7008886705	0.074381	0.1406615	2.0925385	2.00438025	0.5036583625166815	0.5959536480576847	0.3234323432343234	606	0
LV7008886706	0.11976300000000001	0.11980075000000001	2.806166	2.2950292500000002	0.7505937634727962	0.3615799440535983	0.5380184331797235	1736	0
LV7008886707	0.12721749999999998	0.11689974999999998	2.7524255	2.0815777500000006	0.7523533085116296	0.3434553389959901	0.5776450511945392	1172	0
LV7008886708	0.12994699999999998	0.10466349999999996	2.812145	1.9765367500000002	0.7822995274906859	0.29370820249066965	0.5984182776801406	1138	0
LV7008886709	0.211972	0.17881025	3.216784	2.5382877500000003	0.8164558829807467	0.3493560185517627	0.6913357400722022	554	0
LV7008886710	0.15484	0.2878275	3.315308	3.4877224999999994	0.811416825542052	0.46048170145985823	0.6163021868787276	503	0
LV7008886711	0.234926	0.16550799999999993	3.394443	2.617874	0.8468725954349048	0.29277648200808215	0.7598944591029023	758	0
LV7008886712	0.11924499999999999	0.07431949999999998	2.2381935	1.55159975	0.6698958040889142	0.39279026467654266	0.4679633867276888	874	0
LV7008886714	0.0262015	0.024595000000000002	1.6584625000000002	1.76763875	0.10924752330053548	0.2819022061840512	0.009481668773704172	1582	0
LV7008886715	0.227932	0.23437675	3.8549345	3.63736725	0.8488638841185221	0.34920392566654124	0.6986863711001642	1218	0
LV7008886717	0.086066	0.173772	2.292758	2.211102	0.593568379552717	0.6016532267105199	0.3915343915343915	945	0
LV7008886718	0.130253	0.143992	2.803029	2.2770300000000003	0.7464517845438727	0.3584295187499007	0.5368421052631579	1425	0
LV7008886719	0.112153	0.09520300000000001	2.4231245	1.8547967499999998	0.6714644197193111	0.4090019462499005	0.45686619718309857	1136	0
LV7008886720	0.126128	0.10325400000000001	2.72697	1.984548	0.7529732940025549	0.3379489989358382	0.5570599613152805	1551	0
LV7008886721	0.225953	0.17625199999999996	3.285897	2.852915	0.8344570780970059	0.3226153008716356	0.707533234859675	677	0
LV7008886722	0.2262325	0.27791574999999996	3.5906395	3.25816075	0.8554980903852599	0.32892350491149025	0.6620795107033639	654	0
LV7008886723	0.229724	0.18920925000000002	3.383407	2.74003	0.8411930582313873	0.3309115548688095	0.7261146496815286	942	0
LV7008886724	0.1380885	0.10923225	2.4100004999999998	1.7141632500000001	0.7273852493058042	0.39177742864181947	0.5421994884910486	782	0
LV7008886726	0.028332	0.0337805	1.781922	1.6578035	0.1511959239074559	0.324292437127805	0.016116653875671526	1303	0
LV7008886727	0.223501	0.270531	4.094019	4.814275	0.8401755699177782	0.47118671792398975	0.6615074024226111	1486	0
LV7008886728	0.16182	0.20342649999999998	2.897156	2.5808519999999997	0.736448993875327	0.5273630943754769	0.5535483870967742	775	0
LV7008886730	0.159813	0.14468425000000001	3.0830954999999998	2.607205499999999	0.8098622257310345	0.3037998538265211	0.639266304347826	1472	0
LV7008886731	0.107277	0.09984200000000001	2.573487	1.9880820000000003	0.6953399082050483	0.42663225121053644	0.46023235031277926	1119	0
LV7008886739	0.252799	0.2699715	4.465491	5.4876770000000015	0.8713977241609092	0.3790911265601187	0.7056716417910448	1675	0
LV7008886740	0.1499725	0.2677025	3.1309065	3.25521575	0.7568342962608338	0.5938941052005157	0.5374493927125507	988	0
LV7008886741	0.0631385	0.1145495	1.678307	1.5522209999999999	0.35589009862899634	0.6147279655190749	0.24295774647887325	284	0
LV7008886742	0.156282	0.13349125	3.127187	2.704339	0.8128206283589948	0.2803484779948432	0.6467889908256881	1744	0
LV7008886743	0.123282	0.123311	2.802186	2.018787	0.7632368420813846	0.34819221590691785	0.5500863557858376	1158	0
LV7008886744	0.121516	0.10344199999999999	2.737228	1.867833	0.760988455722039	0.34161711855944055	0.5554445554445554	1001	0
LV7008886745	0.114077	0.076606	2.020554	1.3524450000000001	0.5998035473245268	0.5146734955037578	0.39856801909307876	419	0
LV7008886746	0.33856850000000005	0.19251074999999995	4.3108	2.97113625	0.9058763324289155	0.18832391548278982	0.8114754098360656	244	0
LV7008886747	0.318706	0.353411	4.183904	4.2220035	0.8841181477742205	0.3212258109399544	0.7153284671532847	411	0
LV7008886748	0.13054	0.10716099999999998	2.2706749999999998	1.63071275	0.6825916353312824	0.4210762727285119	0.5012406947890818	806	0
LV7008886751	0.122935	0.19217599999999999	3.088956	2.9062859999999997	0.7264723729273485	0.49247839369432944	0.5078060805258833	1217	0
LV7008886752	0.199376	0.246675	3.389516	3.1157975	0.8013490866838359	0.4538022946277893	0.6282527881040892	807	0
LV7008886753	0.150381	0.15548374999999998	2.574052	2.13835825	0.7077661678636811	0.45311541385634574	0.5228070175438596	570	0
LV7008886754	0.15634	0.13885925000000002	2.960933	2.55011	0.7838348413450373	0.3406988606552901	0.59375	1792	0
LV7008886755	0.138735	0.13892949999999998	2.9014265000000004	2.25172625	0.7827911304625809	0.3283915214264612	0.6110183639398998	1198	0
LV7008886756	0.134237	0.109871	2.70609	1.9541225	0.7562541298179906	0.3481458945386555	0.5939698492462312	995	0
LV7008886757	0.155535	0.14277374999999998	2.503861	1.8148267499999995	0.7018507401062295	0.43527102400702256	0.569620253164557	158	0
LV7008886758	0.267783	0.233309	3.885179	3.1129230000000003	0.8852965058452771	0.2197728151258852	0.798941798941799	189	0
LV7008886760	0.1087175	0.07675724999999999	1.9998305	1.4479557499999998	0.5875422373828754	0.5416622355656446	0.36079545454545453	352	0
LV7008886763	0.07765	0.114588	2.570186	2.298605	0.5916819823192483	0.6377029826315684	0.3604060913705584	985	0
LV7008886765	0.127068	0.21004	2.932601	2.6424350000000003	0.7305721098345016	0.4831285356640942	0.5258215962441315	1065	0
LV7008886766	0.152842	0.13385074999999996	3.0384960000000003	2.6171247500000003	0.796693907633373	0.30612719291968715	0.5887850467289719	1712	0
LV7008886768	0.145583	0.13777699999999998	2.913866	2.2727649999999997	0.7893283735895248	0.32046916806908976	0.6289409862570736	1237	0
LV7008886769	0.174955	0.15844450000000002	2.911952	2.0821419999999997	0.7686956856642196	0.37477256570922013	0.6550522648083623	287	0
LV7008886770	0.365379	0.2117735	4.735991	3.9548255	0.9126177855119082	0.22926540323455114	0.7851099830795262	591	0
LV7008886771	0.140034	0.19618624999999998	3.3352265	3.135804	0.7993612494339837	0.35637648614744677	0.6486928104575164	612	0
LV7008886772	0.113277	0.078556	2.158253	1.4631424999999998	0.6494904889614321	0.4282292149637193	0.43859649122807015	399	0
LV7008886776	0.206119	0.202806	3.598255	3.4479439999999997	0.828369089971981	0.4146021338781938	0.661526599845798	1297	0
LV7008886778	0.159238	0.130992	3.140997	2.6080089999999996	0.8136255727876034	0.2951614276721781	0.6519972918077184	1477	0
LV7008886780	0.148073	0.14013399999999998	2.881947	2.4013369999999994	0.7767424148515685	0.33796102995212496	0.5846153846153846	1495	0
LV7008886781	0.1400055	0.14180350000000003	2.5653610000000002	1.7226992499999998	0.7590429964942014	0.3933911037947781	0.625	96	0
LV7008886782	0.326804	0.191182	4.220402	3.570742	0.9029895467587374	0.23522989616012924	0.7853211009174312	545	0
LV7008886783	0.184669	0.25475249999999994	2.991094	3.089517	0.800620696670862	0.3772402243618731	0.6312684365781711	339	0
LV7008886784	0.114791	0.09084675	2.123545	1.49170325	0.6274818238812399	0.4855886186878458	0.432258064516129	620	0
