taxon	threshold	method	module_kmeans	embedding_1	embedding_2	pca_1	pca_2	module_entropy_proxy	module_count	silhouette	mis_context_mean	mis_context_sd	mis_context_min	mis_context_max	mis_context_weight_sum	mis_context_core_count	mis_context_glacial_fraction	mis_context_class
S__3300000179_4	prev_3	mi_aracne	M1	0.7058633	-0.5528697	2.050146	-1.5633805	0.0	2	0.7468155026435852	4.187708693337331	0.4337185345880839	3.203925	5.01406	14768.355434782612	2	0.6764464884413921	glacial_like
S__3300001683_28	prev_3	mi_aracne	M1	0.6880039	-0.19915482	1.0284363	-1.9622846	0.0	2	0.7468155026435852	4.174608938522474	0.4325205486214432	3.120315	5.01406	100461.52423913046	4	0.6675009582378264	glacial_like
S__3300002239_5	prev_3	mi_aracne	M1	0.6914991	-0.26271337	2.3248308	-1.919423	0.0	2	0.7468155026435852	4.193317570966236	0.4404670475076321	3.120315	5.01406	16739.40869565218	2	0.6765258967123662	glacial_like
S__3300005253_25	prev_3	mi_aracne	M1	0.42850646	-0.18226197	0.49785036	-2.223023	0.0	2	0.7468155026435852	4.127618441315659	0.4223101745893341	3.120315	4.96297	122381.27935897438	3	0.6368920705725628	glacial_like
S__3300006311_3	prev_3	mi_aracne	M2	-1.6638333	-0.8900487	-9.929009	-0.17335999	0.0	2	0.7468155026435852	4.1478993391963055	0.42679949998583033	3.120315	5.01406	388727.7399024528	4	0.6504346118728134	glacial_like
S__3300020187_18	prev_3	mi_aracne	M1	0.89568937	-0.080450654	1.5333929	-2.5195055	0.0	2	0.7468155026435852	4.158155660918564	0.4270563289080225	3.120315	5.01406	130370.46433667786	4	0.6582345741010134	glacial_like
S__3300020263_16	prev_3	mi_aracne	M2	-1.7983285	-0.90285486	-9.408886	0.34146988	0.0	2	0.7468155026435852	4.16754390149205	0.43090117943042877	3.120315	5.01406	451190.2169286506	4	0.6631473752723425	glacial_like
S__3300020300_16	prev_3	mi_aracne	M2	-1.659838	-0.9206536	-10.040026	-0.10091233	0.0	2	0.7468155026435852	4.172061120190057	0.4335424001334638	3.120315	5.01406	300323.2851867336	4	0.6650004864497343	glacial_like
S__3300020303_2	prev_3	mi_aracne	M1	0.6237296	-0.66076875	2.4829829	-0.94967395	0.0	2	0.7468155026435852	4.176493187366538	0.4307692232159008	3.203925	5.01406	22286.197463768083	2	0.6699264126647569	glacial_like
S__3300020317_19	prev_3	mi_aracne	M1	0.3203099	-0.71703494	3.298895	0.41513073	0.0	2	0.7468155026435852	4.235061505083784	0.4428354128201381	3.203925	5.01406	37761.74891304353	2	0.7039747980537816	glacial_like
S__3300020330_9	prev_3	mi_aracne	M2	-1.6527047	-0.847108	-8.5295725	0.98662674	0.0	2	0.7468155026435852	4.131795853460939	0.4207105448835348	3.120315	5.01406	216715.80171962088	4	0.6411711878811341	glacial_like
S__3300020364_17	prev_3	mi_aracne	M1	0.5691651	-0.3180385	1.3548378	-2.0548	0.0	2	0.7468155026435852	4.173831445165464	0.43638302630628395	3.120315	5.01406	26904.547892976567	3	0.6646462608598125	glacial_like
S__3300020389_47	prev_3	mi_aracne	M1	0.1424668	-0.8321835	2.1510623	-0.1684987	0.0	2	0.7468155026435852	4.167704421388577	0.4282386518325312	3.203925	5.01406	20087.586775362353	2	0.6648171094992428	glacial_like
S__3300020444_12	prev_3	mi_aracne	M1	0.28604046	-0.81974816	1.7686348	-0.7140728	0.0	2	0.7468155026435852	4.16998918889311	0.42891527014033326	3.203925	5.01406	17656.79311594199	2	0.6661453471463306	glacial_like
S__3300024058_12	prev_3	mi_aracne	M1	-0.22597346	-0.6469211	-3.2107837	-2.4210963	0.0	2	0.7468155026435852	4.142780033454028	0.4272377601430581	3.120315	5.01406	1409854.9953901886	4	0.6461648229556276	glacial_like
S__3300024058_15	prev_3	mi_aracne	M1	0.16108245	-0.41107184	0.48259008	-1.1154146	0.0	2	0.7468155026435852	4.17445146798286	0.4352178084521339	3.120315	5.01406	19542.086415830545	4	0.6657985721759438	glacial_like
S__3300024058_22	prev_3	mi_aracne	M2	-1.8590903	-0.8931292	-10.361865	0.3771286	0.0	2	0.7468155026435852	4.1422703386353374	0.42366453174728613	3.120315	5.01406	473825.73181159375	4	0.6478185405515794	glacial_like
S__3300024060_20	prev_3	mi_aracne	M1	0.0948465	-0.43677106	0.26255485	-1.0111487	0.0	2	0.7468155026435852	4.137797225057324	0.4249761770716716	3.120315	5.01406	28724.34056020064	4	0.643515633904291	glacial_like
S__3300024060_27	prev_3	mi_aracne	M2	-1.6224952	-0.9425321	-8.220354	0.9034214	0.0	2	0.7468155026435852	4.134419735194595	0.42337653794777114	3.120315	5.01406	67120.14592809364	4	0.6417521263643186	glacial_like
S__3300024313_13	prev_3	mi_aracne	M1	0.64271337	-0.5304997	5.840674	-0.18790275	0.0	2	0.7468155026435852	4.310617979698167	0.4467301204382188	3.203925	5.01406	8450.03478260869	1	0.7478991596638656	glacial_like
S__3300024353_106	prev_3	mi_aracne	M1	0.08707961	-0.59502333	1.0307107	-0.251301	0.0	2	0.7468155026435852	4.249591204001413	0.44591316819527693	3.120315	5.01406	61393.70919732439	3	0.7116169433338905	glacial_like
S__3300024353_29	prev_3	mi_aracne	M1	0.62205243	-0.31044653	2.2004623	-1.9221547	0.0	2	0.7468155026435852	4.199974206607854	0.4416726298302295	3.120315	5.01406	12906.172240802665	2	0.6805401890231412	glacial_like
S__3300024353_52	prev_3	mi_aracne	M1	-1.2286924	-0.3481917	-2.8316276	-0.76325023	0.0	2	0.7468155026435852	4.127354368042099	0.42285485912647597	3.120315	4.957255	286537.2230769227	2	0.6363636363636361	glacial_like
S__3300024429_35	prev_3	mi_aracne	M1	0.77266467	-0.2048958	1.0860604	-2.8145108	0.0	2	0.7468155026435852	4.310617979698164	0.44673012043821864	3.203925	5.01406	16709.669565217417	1	0.7478991596638654	glacial_like
S__3300024431_33	prev_3	mi_aracne	M2	-1.7060163	-0.9452243	-10.147052	-0.0132908225	0.0	2	0.7468155026435852	4.1535295729335155	0.42820705963085115	3.120315	5.01406	719497.5887263096	4	0.6539997439836459	glacial_like
S__3300024431_52	prev_3	mi_aracne	M1	0.86108303	-0.26192167	1.599014	-2.2577174	0.0	2	0.7468155026435852	4.161152745331328	0.42622455359252664	3.203925	5.01406	30461.812318840624	2	0.6610083268666559	glacial_like
S__3300024516_13	prev_3	mi_aracne	M2	-1.7076893	-0.9253416	-10.077346	-0.18568629	0.0	2	0.7468155026435852	4.147503431924531	0.4268627144489566	3.120315	5.01406	1536593.9072965435	4	0.6500883593957731	glacial_like
S__3300024516_18	prev_3	mi_aracne	M1	0.642517	-0.24988896	0.97774833	-1.6586033	0.0	2	0.7468155026435852	4.163079433136181	0.4303721833898835	3.120315	5.01406	125686.51789855071	4	0.6600687637771707	glacial_like
S__3300024516_24	prev_3	mi_aracne	M1	0.5393062	-0.6880901	2.2209957	-0.99635136	0.0	2	0.7468155026435852	4.148381008983431	0.42197836274521866	3.203925	5.01406	41551.89438405801	2	0.6535835446941575	glacial_like
S__3300024516_26	prev_3	mi_aracne	M1	0.587406	-0.28858232	0.83208555	-1.5256336	0.0	2	0.7468155026435852	4.139987698320222	0.424922927599998	3.120315	5.01406	118825.18498049048	4	0.6452851669292053	glacial_like
S__3300024516_38	prev_3	mi_aracne	M2	-1.4769378	-0.7524516	-8.902733	-0.051750004	0.0	2	0.7468155026435852	4.151548220703711	0.4282293260635223	3.120315	5.01406	1843538.2056521738	4	0.6524492926553476	glacial_like
S__3300025232_4	prev_3	mi_aracne	M2	-1.466341	-0.8890038	-6.3211865	0.757372	0.0	2	0.7468155026435852	4.154286019513443	0.42884461560393317	3.120315	5.01406	31998.800376254185	3	0.654201717075501	glacial_like
S__3300025243_6	prev_3	mi_aracne	M1	0.010929145	-0.44439217	0.6306919	-0.6875997	0.0	2	0.7468155026435852	4.1759095534461155	0.43527681889187697	3.120315	5.01406	32460.040412486076	4	0.6668501504186285	glacial_like
S__3300025276_12	prev_3	mi_aracne	M1	0.82064456	-0.23379594	1.4129131	-2.1715345	0.0	2	0.7468155026435852	4.153310792770632	0.42479443654235566	3.120315	5.01406	76629.80989130435	3	0.6558051237214982	glacial_like
S__3300025690_38	prev_3	mi_aracne	M1	0.07902647	-0.55414927	1.6232301	-0.5490089	0.0	2	0.7468155026435852	4.19843703749439	0.4394781383811232	3.120315	5.01406	19167.208416945374	3	0.6807604120679224	glacial_like
S__3300025894_53	prev_3	mi_aracne	M1	0.844913	-0.22771832	1.4432629	-2.2239137	0.0	2	0.7468155026435852	4.17178099500329	0.43044951865599607	3.120315	5.01406	99778.7822826087	3	0.6665998260497565	glacial_like
S__3300026080_15	prev_3	mi_aracne	M1	0.78165287	-0.33382297	1.48177	-1.8828691	0.0	2	0.7468155026435852	4.185139334130426	0.43422930438674323	3.120315	5.01406	55311.023333333294	3	0.6742751158644869	glacial_like
S__3300026087_14	prev_3	mi_aracne	M1	0.506067	-0.33237672	0.82358015	-1.5420866	0.0	2	0.7468155026435852	4.163541397565454	0.4294590016098202	3.120315	5.01406	86310.48347826082	4	0.6609555999726608	glacial_like
S__3300026108_2	prev_3	mi_aracne	M1	0.34064567	-0.3662821	0.14809367	-1.6937178	0.0	2	0.7468155026435852	4.141335535905298	0.42613770254866923	3.120315	5.01406	29183.73563545154	4	0.6456564193684345	glacial_like
S__3300026119_12	prev_3	mi_aracne	M2	-1.8361706	-0.95681465	-8.80731	0.6499088	0.0	2	0.7468155026435852	4.166333673637277	0.43298399917399444	3.120315	5.01406	43972.571741917476	4	0.6610088109930997	glacial_like
S__3300026119_8	prev_3	mi_aracne	M1	0.5348415	-0.33738577	1.256782	-2.0245705	0.0	2	0.7468155026435852	4.139003078423109	0.4267655662618637	3.120315	5.01406	21085.275451504993	3	0.6434411640391264	glacial_like
S__3300026253_28	prev_3	mi_aracne	M2	-1.627374	-0.8342291	-9.86612	-0.094115555	0.0	2	0.7468155026435852	4.147124898794237	0.4260540045678954	3.120315	5.01406	1454030.2971153846	4	0.6502594414448601	glacial_like
S__3300026253_8	prev_3	mi_aracne	M1	0.7944697	-0.22197473	1.2232493	-2.2727633	0.0	2	0.7468155026435852	4.15939853941377	0.4271677330835488	3.120315	5.01406	53737.273949275404	3	0.6591254011100507	glacial_like
S__3300026264_29	prev_3	mi_aracne	M1	0.28230935	-0.54074216	1.9012727	-0.37971523	0.0	2	0.7468155026435852	4.1614766143826545	0.42794797362518855	3.120315	5.01406	45525.82559921958	3	0.6602541124160619	glacial_like
S__3300026264_34	prev_3	mi_aracne	M2	-1.5651045	-0.8214096	-9.146841	0.017729223	0.0	2	0.7468155026435852	4.156510874913024	0.4301353693874093	3.120315	5.01406	3481379.6187040084	4	0.6551808935822723	glacial_like
S__3300027668_18	prev_3	mi_aracne	M1	0.3179261	-0.34308928	0.2810931	-1.0013379	0.0	2	0.7468155026435852	4.149570643385608	0.42859139500482685	3.120315	5.01406	35040.92298216277	4	0.6507053064157363	glacial_like
S__3300027685_18	prev_3	mi_aracne	M1	0.51520884	-0.74866265	1.8851736	-1.0328711	0.0	2	0.7468155026435852	4.1601177873331245	0.4258963005892577	3.203925	5.01406	10442.48768115941	2	0.6604066594437594	glacial_like
S__3300027685_31	prev_3	mi_aracne	M1	0.023766503	-0.43182367	2.1383154	-0.63595617	0.0	2	0.7468155026435852	4.1309984086956515	0.415499316605913	3.209167999999999	4.96297	10558.4375	1	0.6434782608695652	glacial_like
S__3300027685_58	prev_3	mi_aracne	M1	0.021822482	-0.6146611	2.3168178	1.1057725	0.0	2	0.7468155026435852	4.157791681489152	0.43137998432089386	3.120315	5.01406	74727.265	3	0.6554559436906998	glacial_like
S__3300027687_10	prev_3	mi_aracne	M1	0.5861648	-0.6090744	1.278275	-1.5657952	0.0	2	0.7468155026435852	4.167988522206464	0.42832350804873914	3.203925	5.01406	6562.363586956517	2	0.6649822700248262	glacial_like
S__3300027687_20	prev_3	mi_aracne	M2	-1.8752229	-0.923064	-10.838859	0.121667325	0.0	2	0.7468155026435852	4.174479075181102	0.4322628433568674	3.120315	5.01406	240141.11785395804	4	0.6675544248350711	glacial_like
S__3300027752_17	prev_3	mi_aracne	M1	0.8495375	-0.10888988	1.3591306	-2.3034515	0.0	2	0.7468155026435852	4.173950639330249	0.4309307090042185	3.120315	5.01406	162730.01957915275	4	0.6679393970829408	glacial_like
S__3300027771_26	prev_3	mi_aracne	M1	-0.147332	-0.52907145	-0.7639649	-0.18934447	0.0	2	0.7468155026435852	4.133825294177512	0.4187348664519192	3.120315	5.01406	76138.36374303229	4	0.643919548836284	glacial_like
S__3300027779_22	prev_3	mi_aracne	M1	0.67685914	-0.22033027	0.99539894	-1.887981	0.0	2	0.7468155026435852	4.170890439432852	0.4312404305862084	3.120315	5.01406	89602.73277591972	4	0.665468912198095	glacial_like
S__3300027779_26	prev_3	mi_aracne	M1	0.1328805	-0.7245902	0.99225366	-0.5187681	0.0	2	0.7468155026435852	4.162244015626065	0.42897946123920766	3.120315	5.01406	30865.38228260869	3	0.6602516283923078	glacial_like
S__3300027779_27	prev_3	mi_aracne	M1	0.18943286	-0.7195759	1.0221555	-0.5374967	0.0	2	0.7468155026435852	4.158803630846371	0.42768820931613694	3.120315	5.01406	41176.633768115906	3	0.6583699627620172	glacial_like
S__3300027791_27	prev_3	mi_aracne	M1	0.7347937	-0.18700409	1.1279532	-2.0322852	0.0	2	0.7468155026435852	4.1757764673629945	0.43260911182390605	3.120315	5.01406	119385.48074135999	4	0.6683191719329034	glacial_like
S__3300027801_13	prev_3	mi_aracne	M1	0.53706175	-0.5060776	1.5352892	-1.6928673	0.0	2	0.7468155026435852	4.202703491698329	0.4371813659656171	3.203925	5.01406	9650.41231884059	2	0.6851636360960469	glacial_like
S__3300027801_51	prev_3	mi_aracne	M1	0.22301833	-0.7192385	2.7517655	-0.40536714	0.0	2	0.7468155026435852	4.2367700633524255	0.44306627184786085	3.203925	5.01406	6229.450181159413	2	0.7049680594732272	glacial_like
S__3300027801_7	prev_3	mi_aracne	M1	0.7497324	-0.34303048	1.3133141	-2.2131782	0.0	2	0.7468155026435852	4.195181283727147	0.43551220165336896	3.203925	5.01406	24380.584782608694	2	0.6807906398079228	glacial_like
S__3300027827_16	prev_3	mi_aracne	M2	-1.9189101	-0.82596123	-10.386693	0.6247817	0.0	2	0.7468155026435852	4.140697551335528	0.4222550248352842	3.120315	5.01406	168507.43221850618	4	0.6473850922647227	glacial_like
S__3300027833_15	prev_3	mi_aracne	M1	0.65007377	-0.49023202	5.5352116	-0.64884275	0.0	2	0.7468155026435852	4.310617979698163	0.4467301204382185	3.203925	5.01406	5677.852173913049	1	0.7478991596638653	glacial_like
S__3300027844_60	prev_3	mi_aracne	M1	0.042387623	-0.85197115	2.1862526	0.15605104	0.0	2	0.7468155026435852	4.153516875697196	0.42373726597375766	3.203925	5.01406	15591.787681159378	2	0.656569253964845	glacial_like
S__3300027844_72	prev_3	mi_aracne	M1	0.14671463	-0.7067985	1.1691091	-0.39299667	0.0	2	0.7468155026435852	4.1597667756123204	0.427613926391423	3.120315	5.01406	40583.99239130435	3	0.6591499598805729	glacial_like
S__3300027844_79	prev_3	mi_aracne	M1	0.32032594	-0.38126636	0.73792917	-0.9081883	0.0	2	0.7468155026435852	4.158937385676986	0.4274446716368698	3.120315	5.01406	107076.29986064666	4	0.6586085501899548	glacial_like
S__3300027847_80	prev_3	mi_aracne	M2	-1.8237089	-0.842343	-10.886259	0.123559654	0.0	2	0.7468155026435852	4.172998144593435	0.43212891649711915	3.120315	5.01406	571981.5109949828	4	0.6665267793967855	glacial_like
S__3300027883_17	prev_3	mi_aracne	M1	0.58480453	-0.5473361	1.288047	-1.7495193	0.0	2	0.7468155026435852	4.182606762957329	0.43241545551350247	3.203925	5.01406	19541.709601449318	2	0.6734805078809645	glacial_like
S__3300027997_10	prev_3	mi_aracne	M2	-2.0505695	-0.8355961	-11.340621	0.51283824	0.0	2	0.7468155026435852	4.140914844149111	0.42556730483979976	3.120315	5.01406	399749.4479069124	4	0.6456510492947584	glacial_like
S__GCA_000213395.2	prev_3	mi_aracne	M1	0.24713017	-0.38283694	0.775436	-0.747461	0.0	2	0.7468155026435852	4.177915389301309	0.4332903612561288	3.120315	5.01406	97148.34513935333	4	0.6695072705127049	glacial_like
S__GCA_000383355.1	prev_3	mi_aracne	M1	0.8329023	-0.27224776	1.4895422	-2.0554883	0.0	2	0.7468155026435852	4.171892325415531	0.4313077133255635	3.120315	5.01406	41636.457500000004	3	0.6661845571276086	glacial_like
S__GCA_000402075.1	prev_3	mi_aracne	M1	0.3623457	-0.36167085	0.82800734	-0.953141	0.0	2	0.7468155026435852	4.17432360427442	0.43175894378578733	3.120315	5.01406	118007.10226588632	4	0.6677341057728304	glacial_like
S__GCA_001437625.1	prev_3	mi_aracne	M2	-1.9825784	-0.83647496	-10.151334	0.44446075	0.0	2	0.7468155026435852	4.167045575502603	0.43035594432380375	3.120315	5.01406	317028.87175306544	4	0.6630874054849448	glacial_like
S__GCA_001510275.1	prev_3	mi_aracne	M2	-1.9263816	-0.4300489	-6.268631	1.0166296	0.0	2	0.7468155026435852	4.128208101384402	0.42115102297400103	3.120315	4.96297	151185.1432051282	3	0.6380266334625269	glacial_like
S__GCA_001542995.1	prev_3	mi_aracne	M2	-1.8252399	-0.7641664	-10.539815	0.25691295	0.0	2	0.7468155026435852	4.144209552634636	0.4234904072894953	3.120315	5.01406	349746.0042530654	4	0.6494483547271824	glacial_like
S__GCA_001543015.1	prev_3	mi_aracne	M2	-1.4294999	-0.94434774	-9.204907	-0.73852074	0.0	2	0.7468155026435852	4.153769998838619	0.42620794463432826	3.120315	5.01406	3911099.062257525	4	0.6553429100370466	glacial_like
S__GCA_001643535.1	prev_3	mi_aracne	M2	-1.6172216	-0.5721015	-6.8427663	0.16764009	0.0	2	0.7468155026435852	4.127650596405473	0.4222819524407818	3.120315	4.96297	794964.2863461537	3	0.6369275767917789	glacial_like
S__GCA_002082295.1	prev_3	mi_aracne	M1	0.87480795	-0.21699244	1.5338659	-2.2312012	0.0	2	0.7468155026435852	4.2141465975530945	0.4404630083777136	3.120315	5.01406	76549.35942028977	3	0.6912219449275298	glacial_like
S__GCA_002168195.1	prev_3	mi_aracne	M1	0.8691979	-0.24343503	3.106771	-2.1747973	0.0	2	0.7468155026435852	4.310617979698163	0.4467301204382186	3.203925	5.01406	7108.956521739134	1	0.7478991596638654	glacial_like
S__GCA_002295725.1	prev_3	mi_aracne	M1	0.66021013	-0.24608481	0.9618885	-1.7293161	0.0	2	0.7468155026435852	4.1352519590948065	0.4247363904083251	3.120315	5.01406	149804.5752954292	4	0.6416293267096971	glacial_like
S__GCA_002313235.1	prev_3	mi_aracne	M1	0.44458568	-0.34259582	0.70367926	-1.1336257	0.0	2	0.7468155026435852	4.157447360782668	0.42815549792140833	3.120315	5.01406	75272.7662012263	4	0.6570491335685509	glacial_like
S__GCA_002317795.1	prev_3	mi_aracne	M2	-1.9228063	-0.84508616	-10.809006	0.348112	0.0	2	0.7468155026435852	4.157147879470559	0.42782988745814304	3.120315	5.01406	417628.0613350051	4	0.6570141167962185	glacial_like
S__GCA_002335045.1	prev_3	mi_aracne	M1	-0.20490743	-0.62080085	0.994434	0.29684818	0.0	2	0.7468155026435852	4.207179661711148	0.4398254898872567	3.120315	5.01406	44339.86598383503	3	0.6867411312873275	glacial_like
S__GCA_002457605.1	prev_3	mi_aracne	M1	0.15801689	-0.750862	3.5678232	0.2617973	0.0	2	0.7468155026435852	4.25528271834043	0.445139731765931	3.203925	5.01406	14060.69275362319	2	0.7157302946913987	glacial_like
S__GCA_002499015.1	prev_3	mi_aracne	M2	-1.6098869	-0.874306	-8.630827	0.31085503	0.0	2	0.7468155026435852	4.166708842839524	0.42993946857430154	3.120315	5.01406	337452.97613712377	4	0.6630767018748295	glacial_like
S__GCA_002499365.1	prev_3	mi_aracne	M1	0.69823515	-0.47463956	5.059995	-0.9765013	0.0	2	0.7468155026435852	4.310617979698164	0.4467301204382187	3.203925	5.01406	13441.826086956473	1	0.7478991596638656	glacial_like
S__GCA_002699665.1	prev_3	mi_aracne	M1	-0.12817611	-0.6500045	1.8729146	0.72784626	0.0	2	0.7468155026435852	4.137620538362687	0.42009663265752123	3.120315	5.01406	37501.6564659978	3	0.6461690372273814	glacial_like
S__GCA_002701645.1	prev_3	mi_aracne	M1	-0.105340354	-0.6619798	1.9653239	0.94744205	0.0	2	0.7468155026435852	4.1570493986181845	0.426747464662001	3.120315	5.01406	44501.939094202855	3	0.6575660199675766	glacial_like
S__GCA_002713705.1	prev_3	mi_aracne	M1	0.8250477	-0.4736536	2.0495713	-1.837479	0.0	2	0.7468155026435852	4.195675611501815	0.43562607590018787	3.203925	5.01406	21909.599275362354	2	0.6810780146760501	glacial_like
S__GCA_002816875.1	prev_3	mi_aracne	M1	-0.14839686	-0.38872644	1.5129474	-0.1423018	0.0	2	0.7468155026435852	4.128965422616283	0.4195616512554145	3.120315	4.96297	41506.820833333295	2	0.6395549245570784	glacial_like
S__GCA_003229345.1	prev_3	mi_aracne	M1	0.42887825	-0.29945108	0.8639072	-1.5256436	0.0	2	0.7468155026435852	4.146414021290715	0.4287644601333086	3.120315	5.01406	112241.64764214048	4	0.6481357729957579	glacial_like
S__GCA_003230615.1	prev_3	mi_aracne	M1	0.69596934	-0.25064027	2.902546	-1.813374	0.0	2	0.7468155026435852	4.179081392791968	0.4375821232999749	3.120315	5.01406	35225.64013377922	2	0.6678208249494154	glacial_like
S__GCA_003331785.1	prev_3	mi_aracne	M1	0.29579407	-0.2989295	0.18168886	-0.8462369	0.0	2	0.7468155026435852	4.177221930573594	0.43298778593043963	3.120315	5.01406	132188.61496098113	4	0.6691707048838467	glacial_like
S__GCA_003526595.1	prev_3	mi_aracne	M1	0.43813786	-0.2610224	0.3023191	-1.2793626	0.0	2	0.7468155026435852	4.1709401102661365	0.4302874015524756	3.120315	5.01406	185264.7943868447	4	0.6660622353883842	glacial_like
S__GCA_003545625.1	prev_3	mi_aracne	M2	-1.8572882	-0.78114784	-8.708134	1.0652822	0.0	2	0.7468155026435852	4.137093160868216	0.42068617058009844	3.120315	5.01406	132768.38071348943	4	0.6454211348482317	glacial_like
S__GCA_003672175.1	prev_3	mi_aracne	M2	-1.028434	-0.6470635	-6.278098	0.07302123	0.0	2	0.7468155026435852	4.193987509868831	0.4374659250498589	3.120315	5.01406	297958.204916388	4	0.6787799316461494	glacial_like
S__GCA_004195625.1	prev_3	mi_aracne	M2	-1.9953719	-0.82518953	-10.365391	0.56413937	0.0	2	0.7468155026435852	4.175484829071654	0.4333398362786945	3.120315	5.01406	321637.9864855069	4	0.6676748983354698	glacial_like
S__GCA_004356105.1	prev_3	mi_aracne	M1	0.61331224	-0.25004295	0.89153653	-2.227637	0.0	2	0.7468155026435852	4.136697509027567	0.4252747918180889	3.120315	5.01406	101755.48006688964	4	0.6424708328611021	glacial_like
S__GCA_004356405.1	prev_3	mi_aracne	M1	0.36970913	-0.63829285	1.2200997	-0.7925107	0.0	2	0.7468155026435852	4.154255152295169	0.42649835178854656	3.120315	5.01406	28981.487934782614	3	0.6555569961303146	glacial_like
S__GCA_004356455.1	prev_3	mi_aracne	M1	0.70022863	-0.20212471	1.0237966	-1.8947129	0.0	2	0.7468155026435852	4.14864195080982	0.4265521402843645	3.120315	5.01406	209389.63924470457	4	0.6511592050257726	glacial_like
S__GCA_004356775.1	prev_3	mi_aracne	M1	-0.5954252	-0.24433088	1.9933656	0.6791018	0.0	2	0.7468155026435852	4.129706897660982	0.4181767778515246	3.120315	4.96297	23074.889423076922	2	0.6409177308750335	glacial_like
S__GCA_004356805.1	prev_3	mi_aracne	M1	0.22842884	-0.72119415	2.848983	-0.23981458	0.0	2	0.7468155026435852	4.18535380742697	0.43312503048740386	3.203925	5.01406	89754.51557971022	2	0.6750774878255591	glacial_like
S__GCA_004356825.1	prev_3	mi_aracne	M1	0.8542482	-0.12405062	1.4145479	-2.3338413	0.0	2	0.7468155026435852	4.149530900985059	0.4280620724391867	3.120315	5.01406	177628.59280657742	4	0.6509767747914204	glacial_like
S__GCA_004356895.1	prev_3	mi_aracne	M1	0.7252211	-0.21290529	1.0957489	-1.8704827	0.0	2	0.7468155026435852	4.172963136880067	0.4341163409573886	3.120315	5.01406	63588.54700668898	4	0.6653294153462135	glacial_like
S__GCA_004356925.1	prev_3	mi_aracne	M1	0.21528068	-0.73262054	3.4706068	0.16826761	0.0	2	0.7468155026435852	4.236838176264695	0.4430753361552094	3.203925	5.01406	13502.797644927543	2	0.7050076565587728	glacial_like
S__GCA_004376075.1	prev_3	mi_aracne	M1	-1.0104635	-0.4359677	-2.7790344	-1.1390444	0.0	2	0.7468155026435852	4.127356505737763	0.4228561059076584	3.120315	4.957255	613959.3138461539	2	0.6363636363636362	glacial_like
S__GCA_004376185.1	prev_3	mi_aracne	M1	0.84528774	-0.2565397	3.055615	-2.1379523	0.0	2	0.7468155026435852	4.310617979698168	0.4467301204382188	3.203925	5.01406	11770.652173913042	1	0.7478991596638657	glacial_like
S__GCA_008638035.1	prev_3	mi_aracne	M1	0.16009505	-0.7364073	0.9068435	-0.62496984	0.0	2	0.7468155026435852	4.169069907880592	0.4312806068825883	3.120315	5.01406	24102.91144927537	3	0.664082730422927	glacial_like
S__GCA_008974855.1	prev_3	mi_aracne	M2	-1.2237303	-0.942778	-8.060681	-1.0981562	0.0	2	0.7468155026435852	4.170037008648259	0.43218554596762415	3.120315	5.01406	3356630.172561319	4	0.6642745703467762	glacial_like
S__GCA_008974985.1	prev_3	mi_aracne	M1	-0.0034060925	-0.70126927	0.9839449	-0.031746745	0.0	2	0.7468155026435852	4.147081006348357	0.4249444175347879	3.120315	5.01406	15005.872658862872	3	0.6508564537082546	glacial_like
S__GCA_008975185.1	prev_3	mi_aracne	M2	-1.4855671	-0.8764914	-7.022795	1.0657711	0.0	2	0.7468155026435852	4.138874091309038	0.4225420254710089	3.120315	5.01406	77512.64697324412	4	0.6457752217722087	glacial_like
S__GCA_009392475.1	prev_3	mi_aracne	M1	0.6491889	-0.24960834	0.92284924	-1.7081285	0.0	2	0.7468155026435852	4.165048954164892	0.4301486601072372	3.120315	5.01406	78632.56656911926	4	0.6616969562508814	glacial_like
S__GCA_009937205.1	prev_3	mi_aracne	M1	0.7464154	-0.18708986	1.1500347	-1.9614719	0.0	2	0.7468155026435852	4.16385731565159	0.4290174727615355	3.120315	5.01406	163241.7067865105	4	0.6614535474635223	glacial_like
S__GCA_011049715.1	prev_3	mi_aracne	M1	0.83354115	-0.2571155	1.9305856	-2.714275	0.0	2	0.7468155026435852	4.310617979698163	0.4467301204382186	3.203925	5.01406	18639.53913043483	1	0.7478991596638654	glacial_like
S__GCA_011055585.1	prev_3	mi_aracne	M2	-0.8716847	-0.94132006	-7.098086	-1.7183943	0.0	2	0.7468155026435852	4.146995224969771	0.4257104521072536	3.120315	5.01406	8753947.364476034	4	0.650356923958709	glacial_like
S__GCA_012959275.1	prev_3	mi_aracne	M1	0.13273272	-0.89041317	1.8317689	-0.28305322	0.0	2	0.7468155026435852	4.1524013757152	0.4233611535420909	3.203925	5.01406	15179.945833333295	2	0.6559207638806351	glacial_like
S__GCA_012960055.1	prev_3	mi_aracne	M1	0.029681467	-0.7491913	3.3197124	1.2954453	0.0	2	0.7468155026435852	4.156561005799416	0.42474705331667323	3.203925	5.01406	11757.30597826087	2	0.6583389430891791	glacial_like
S__GCA_012960805.1	prev_3	mi_aracne	M2	-1.8545512	-0.89017147	-10.550275	0.21039307	0.0	2	0.7468155026435852	4.1560354844754555	0.42741354555793815	3.120315	5.01406	525677.1884531773	4	0.6563951736170972	glacial_like
S__GCA_012960835.1	prev_3	mi_aracne	M1	0.351623	-0.8131983	1.3602858	-1.0624136	0.0	2	0.7468155026435852	4.15199880865937	0.42322461619754687	3.203925	5.01406	14780.586956521742	2	0.6556867336268049	glacial_like
S__GCA_012961035.1	prev_3	mi_aracne	M1	0.34701926	-0.7970232	2.444852	-0.21591055	0.0	2	0.7468155026435852	4.149703208059924	0.42243785048180066	3.203925	5.01406	18661.446739130435	2	0.6543521982166093	glacial_like
S__GCA_012964335.1	prev_3	mi_aracne	M1	0.7334418	-0.19037873	1.1806931	-1.9505732	0.0	2	0.7468155026435852	4.166241166647774	0.42957583580499603	3.120315	5.01406	177520.21880434785	4	0.6629349733477053	glacial_like
S__GCA_012964845.1	prev_3	mi_aracne	M1	0.585563	-0.5040685	1.4171256	-1.3487406	0.0	2	0.7468155026435852	4.194503435605312	0.4364447688235858	3.120315	5.01406	106878.05134057975	3	0.6797561172909807	glacial_like
S__GCA_012974305.1	prev_3	mi_aracne	M1	-0.061227143	-0.869542	-2.4819474	-2.7229643	0.0	2	0.7468155026435852	4.127905867659815	0.4230491351949895	3.120315	5.01406	954906.2943143819	3	0.6366958950273577	glacial_like
S__GCA_012974425.1	prev_3	mi_aracne	M1	0.46465403	-0.4718278	1.5035574	-0.96630186	0.0	2	0.7468155026435852	4.167148071572079	0.42913028595975705	3.120315	5.01406	49836.838712374585	3	0.6638762878981455	glacial_like
S__GCA_013203245.1	prev_3	mi_aracne	M1	0.88705385	-0.3955011	2.051112	-1.9616444	0.0	2	0.7468155026435852	4.1628892901940615	0.42676911990129407	3.203925	5.01406	39334.685326086954	2	0.6620178581462999	glacial_like
S__GCA_013215285.1	prev_3	mi_aracne	M2	-1.5718179	-0.9701518	-9.570583	-0.15369612	0.0	2	0.7468155026435852	4.177458377948213	0.43363988723857	3.120315	5.01406	1588591.3798885166	4	0.6689634142187769	glacial_like
S__GCA_013390475.1	prev_3	mi_aracne	M2	-1.5299339	-0.8864977	-8.825574	-0.21862483	0.0	2	0.7468155026435852	4.165099624342719	0.4311014698992703	3.120315	5.01406	1356185.0907441468	4	0.661179716852398	glacial_like
S__GCA_013390745.1	prev_3	mi_aracne	M1	0.40223682	-0.67848486	3.2293065	0.2161864	0.0	2	0.7468155026435852	4.229475142383435	0.4420336527405841	3.203925	5.01406	18106.044565217388	2	0.700727195295878	glacial_like
S__GCA_013911135.1	prev_3	mi_aracne	M2	-1.271481	-0.9136701	-7.5358043	-0.83743113	0.0	2	0.7468155026435852	4.164054169715349	0.43094449418857755	3.120315	5.01406	2961902.793386287	4	0.6604786341141009	glacial_like
S__GCA_014238785.1	prev_3	mi_aracne	M1	0.351463	-0.7876313	1.5132068	-0.95011127	0.0	2	0.7468155026435852	4.149611407080998	0.4224060978532838	3.203925	5.01406	19412.55489130435	2	0.6542988301973223	glacial_like
S__GCA_014384445.1	prev_3	mi_aracne	M1	0.3104121	-0.82782924	1.65748	-0.8239004	0.0	2	0.7468155026435852	4.1747291712920775	0.4302768995138309	3.203925	5.01406	14038.616123188414	2	0.6689009111397585	glacial_like
S__GCA_014384505.1	prev_3	mi_aracne	M2	-1.792753	-0.9013274	-10.622092	0.18651581	0.0	2	0.7468155026435852	4.158429045941986	0.4279720373597932	3.120315	5.01406	292135.1430351171	4	0.6579122156177661	glacial_like
S__GCA_015492195.1	prev_3	mi_aracne	M1	0.60634303	-0.38541123	3.4530954	-1.2653868	0.0	2	0.7468155026435852	4.195370119497975	0.44085954138289885	3.120315	5.01406	52806.742474916435	2	0.6777372606720942	glacial_like
S__GCA_015658585.1	prev_3	mi_aracne	M1	0.044138245	-0.7864027	3.2790134	1.0347308	0.0	2	0.7468155026435852	4.18468847256686	0.4329548774888049	3.203925	5.01406	13009.65054347826	2	0.674690698882105	glacial_like
S__GCA_015658965.1	prev_3	mi_aracne	M1	-0.49859154	-0.5986048	1.4844242	0.9328828	0.0	2	0.7468155026435852	4.1424355005961315	0.4224857777416454	3.120315	5.01406	28473.91544035671	3	0.6486188929008296	glacial_like
S__GCA_015659035.1	prev_3	mi_aracne	M2	-1.7280196	-0.8899249	-8.915405	0.5929351	0.0	2	0.7468155026435852	4.136251372970613	0.42350211535212434	3.120315	5.01406	397049.4135200669	4	0.6431347804902904	glacial_like
S__GCA_015659465.1	prev_3	mi_aracne	M1	0.464904	-0.6244418	2.3655994	-1.1876583	0.0	2	0.7468155026435852	4.204807626788778	0.437623988752017	3.203925	5.01406	8801.148550724636	2	0.6863868640333093	glacial_like
S__GCA_015659595.1	prev_3	mi_aracne	M1	0.808148	-0.15219212	1.3053873	-2.2332203	0.0	2	0.7468155026435852	4.158737405063246	0.42896854015838093	3.120315	5.01406	224423.4564994427	4	0.6575707172873447	glacial_like
S__GCA_016276965.1	prev_3	mi_aracne	M2	-1.6987385	-0.69616836	-9.492645	-0.09731299	0.0	2	0.7468155026435852	4.156757193872018	0.4283017129914193	3.120315	5.01406	1059979.8002814935	4	0.6564363917700584	glacial_like
S__GCA_016777225.1	prev_3	mi_aracne	M2	-1.6345716	-0.91667676	-10.109527	0.102921605	0.0	2	0.7468155026435852	4.177886309256089	0.43386623077505415	3.120315	5.01406	425997.37893533957	4	0.6691477060724743	glacial_like
S__GCA_016777365.1	prev_3	mi_aracne	M1	0.38938242	-0.70403653	2.9250338	-0.109053016	0.0	2	0.7468155026435852	4.253140850820092	0.4449397369160525	3.203925	5.01406	36102.92572463765	2	0.7144851312032352	glacial_like
S__GCA_016782865.1	prev_3	mi_aracne	M1	0.75794286	-0.19587576	0.9815398	-2.8050127	0.0	2	0.7468155026435852	4.157899523688124	0.432347614040869	3.120315	5.01406	33523.914782608685	2	0.6549752335140273	glacial_like
S__GCA_016838795.1	prev_3	mi_aracne	M2	-1.6074934	-0.88096744	-9.854908	-0.29307717	0.0	2	0.7468155026435852	4.137752057057697	0.42312469501021355	3.120315	5.01406	1493206.1478511707	4	0.6445494337975336	glacial_like
S__GCA_016838825.1	prev_3	mi_aracne	M2	-1.8273721	-0.880068	-9.80229	0.48452187	0.0	2	0.7468155026435852	4.132893094368095	0.4216444090204096	3.120315	5.01406	1112364.3397714603	4	0.6415142626637319	glacial_like
S__GCA_016838845.1	prev_3	mi_aracne	M2	-1.1151989	-0.99193466	-7.7181673	-1.3131058	0.0	2	0.7468155026435852	4.134595449810692	0.42185730435472263	3.120315	5.01406	6323713.382107019	4	0.6427574602517018	glacial_like
S__GCA_017368835.1	prev_3	mi_aracne	M2	-1.8905935	-0.87177634	-8.272683	0.8168862	0.0	2	0.7468155026435852	4.14597963819589	0.42787603827617426	3.120315	5.01406	113601.28910256403	3	0.6482911378573141	glacial_like
S__GCA_017854145.1	prev_3	mi_aracne	M2	-1.8346486	-0.9220928	-10.801248	0.2860701	0.0	2	0.7468155026435852	4.153524224683545	0.4264223432890566	3.120315	5.01406	286265.2448913044	4	0.655027794337103	glacial_like
S__GCA_018656365.1	prev_3	mi_aracne	M1	0.39738458	-0.696897	3.1031594	0.13574755	0.0	2	0.7468155026435852	4.183834244454082	0.4327348189397009	3.203925	5.01406	15752.81902173913	2	0.6741940978334899	glacial_like
S__GCA_018666335.1	prev_3	mi_aracne	M1	0.224608	-0.7409111	3.2470477	-0.04993558	0.0	2	0.7468155026435852	4.22252239660717	0.4409349037422257	3.203925	5.01406	10483.006159420282	2	0.6966852528783906	glacial_like
S__GCA_018673385.1	prev_3	mi_aracne	M1	0.6350093	-0.6338391	2.4906921	-1.0139782	0.0	2	0.7468155026435852	4.170420163170272	0.4290414166235786	3.203925	5.01406	45220.01666666671	2	0.6663958917898084	glacial_like
S__GCA_018695965.1	prev_3	mi_aracne	M1	0.2507013	-0.72014004	3.2602246	-0.09263849	0.0	2	0.7468155026435852	4.196581516459084	0.435833229362167	3.203925	5.01406	9845.563949275365	2	0.6816046577881124	glacial_like
S__GCA_018830725.1	prev_3	mi_aracne	M1	0.45696345	-0.7475954	2.4074354	-0.57789344	0.0	2	0.7468155026435852	4.207844068105824	0.43824413383139177	3.203925	5.01406	22368.211231884095	2	0.6881520833225684	glacial_like
S__GCA_019057915.1	prev_3	mi_aracne	M1	0.10404017	-0.7373819	3.987909	0.7890327	0.0	2	0.7468155026435852	4.235662614090369	0.44291739940143676	3.203925	5.01406	9191.763949275362	2	0.7043242496329762	glacial_like
S__GCA_902512375.1	prev_3	mi_aracne	M1	0.40694866	-0.31490135	1.0007304	-1.1577839	0.0	2	0.7468155026435852	4.167725532958515	0.43007669235150736	3.120315	5.01406	105375.92536510588	4	0.6637657058481897	glacial_like
S__GCA_902514095.1	prev_3	mi_aracne	M1	0.20698658	-0.46429616	1.1749108	-0.5406352	0.0	2	0.7468155026435852	4.164602315173966	0.42866936711568315	3.120315	5.01406	49858.398648272065	3	0.6622153342488021	glacial_like
S__GCA_902608305.1	prev_3	mi_aracne	M1	0.109353215	-0.84511846	2.2231278	-0.0035936832	0.0	2	0.7468155026435852	4.167720344772185	0.42824341331451243	3.203925	5.01406	17183.711956521744	2	0.6648263664750776	glacial_like
S__GCA_905181585.1	prev_3	mi_aracne	M1	0.58238256	-0.5028453	1.4946724	-1.2426333	0.0	2	0.7468155026435852	4.2036471494742	0.438407856770916	3.120315	5.01406	73461.2368478261	3	0.6851060354916936	glacial_like
S__GCA_905181595.1	prev_3	mi_aracne	M2	-1.8356712	-0.940878	-10.0588875	0.33858633	0.0	2	0.7468155026435852	4.172380270912484	0.4317153398236666	3.120315	5.01406	315463.2739074696	4	0.666307268120562	glacial_like
S__GCA_905181625.1	prev_3	mi_aracne	M1	0.529582	-0.66386735	1.6578145	-1.3359063	0.0	2	0.7468155026435852	4.17706567359249	0.43092732693544383	3.203925	5.01406	21250.720833333293	2	0.6702592245400304	glacial_like
S__GCA_905181655.1	prev_3	mi_aracne	M1	0.46577716	-0.72566795	2.6334748	-0.47360325	0.0	2	0.7468155026435852	4.221824152712213	0.44081834883760523	3.203925	5.01406	20384.34456521739	2	0.6962793324395314	glacial_like
S__GCA_905181685.1	prev_3	mi_aracne	M1	0.14935473	-0.7803208	3.655294	0.43187726	0.0	2	0.7468155026435852	4.241655322956536	0.4436894022653314	3.203925	5.01406	11850.078804347824	2	0.707808079610551	glacial_like
S__GCA_905181765.1	prev_3	mi_aracne	M1	0.8985843	-0.15243417	1.4996341	-2.4427757	0.0	2	0.7468155026435852	4.172180202452325	0.4303034739248613	3.120315	5.01406	119621.46387681154	3	0.6669832845903187	glacial_like
S__GCA_905181885.1	prev_3	mi_aracne	M1	-0.22259118	-0.5145677	2.9268484	0.22393906	0.0	2	0.7468155026435852	4.130998408695652	0.415499316605913	3.209167999999999	4.96297	9504.27083333333	1	0.643478260869565	glacial_like
S__GCA_905181955.1	prev_3	mi_aracne	M1	0.030362286	-0.78663546	3.6961992	0.6986408	0.0	2	0.7468155026435852	4.277348176872902	0.44659724866878453	3.203925	5.01406	14564.595289855071	2	0.7285579336808987	glacial_like
S__GCA_905182065.1	prev_3	mi_aracne	M1	0.49030894	-0.6937897	2.7736354	-0.43278962	0.0	2	0.7468155026435852	4.209661730591314	0.43860488504069767	3.203925	5.01406	27843.461594202818	2	0.6892087719082279	glacial_like
S__GCA_905182125.1	prev_3	mi_aracne	M1	0.37969968	-0.767465	1.7804649	-0.8941916	0.0	2	0.7468155026435852	4.158195282043903	0.42527919108658063	3.203925	5.01406	25477.669565217388	2	0.6592890210421266	glacial_like
S__GCA_905182235.1	prev_3	mi_aracne	M2	-1.4432228	-0.6858976	-7.6758776	0.60720956	0.0	2	0.7468155026435852	4.176681085051189	0.43229338638924536	3.120315	5.01406	170545.25327480485	4	0.669174793504002	glacial_like
S__GCA_905182305.1	prev_3	mi_aracne	M1	0.43599007	-0.7429569	1.689341	-1.1226004	0.0	2	0.7468155026435852	4.214246166378831	0.43948005166395954	3.203925	5.01406	12641.543297101463	2	0.6918739096920764	glacial_like
S__GCA_905182385.1	prev_3	mi_aracne	M1	0.14571269	-0.85475135	2.0984075	-0.1825825	0.0	2	0.7468155026435852	4.169678921599471	0.4288241635494871	3.203925	5.01406	17856.085507246346	2	0.6659649748768312	glacial_like
S__GCA_905182435.1	prev_3	mi_aracne	M1	0.52379936	-0.53846604	2.1577523	-1.4244275	0.0	2	0.7468155026435852	4.2829973878498455	0.446794462792549	3.203925	5.01406	57584.98260869566	2	0.7318420729559171	glacial_like
S__GCA_905182465.1	prev_3	mi_aracne	M2	-1.7249633	-0.68245095	-9.080497	0.5540006	0.0	2	0.7468155026435852	4.15577709411792	0.4276528654642953	3.120315	5.01406	173975.91094202892	4	0.6560573190398598	glacial_like
S__GCA_905182475.1	prev_3	mi_aracne	M1	0.88322294	-0.22125265	1.5922651	-2.4693007	0.0	2	0.7468155026435852	4.171638692445517	0.42939554005433117	3.203925	5.01406	31044.729347826084	2	0.6671042774151503	glacial_like
S__GCA_905182565.1	prev_3	mi_aracne	M1	0.43133962	-0.7074301	1.1852734	-1.3696847	0.0	2	0.7468155026435852	4.1566932572918045	0.42479037441772804	3.203925	5.01406	14865.124094202862	2	0.6584158268030469	glacial_like
S__GCA_905182695.1	prev_3	mi_aracne	M1	0.11498479	-0.8494811	2.2714891	0.096844256	0.0	2	0.7468155026435852	4.152698951791137	0.4234618071394715	3.203925	5.01406	15982.466847826081	2	0.6560937581770567	glacial_like
S__GCA_905182715.1	prev_3	mi_aracne	M1	0.36515105	-0.25599155	1.5291831	-1.4837465	0.0	2	0.7468155026435852	4.1309984086956515	0.41549931660591294	3.209167999999999	4.96297	28800.3125	1	0.6434782608695652	glacial_like
S__GCA_905182765.1	prev_3	mi_aracne	M1	0.73258233	-0.55693585	2.1829684	-1.5063785	0.0	2	0.7468155026435852	4.20905051173496	0.43848445049743295	3.203925	5.01406	51093.64981884059	2	0.6888534430207117	glacial_like
S__GCA_905182775.1	prev_3	mi_aracne	M2	-1.9714022	-0.87641346	-10.471621	0.45577252	0.0	2	0.7468155026435852	4.142754278366588	0.42435705570649557	3.120315	5.01406	130127.37324972132	4	0.6478051814006197	glacial_like
S__GCA_905182795.1	prev_3	mi_aracne	M2	-1.098755	-0.6547432	-5.6794734	0.4203031	0.0	2	0.7468155026435852	4.159456549492671	0.4274738692661581	3.120315	5.01406	136706.78591137126	4	0.6589883871818466	glacial_like
S__GCA_905182815.1	prev_3	mi_aracne	M2	-1.6958246	-0.9175179	-9.607923	0.018188894	0.0	2	0.7468155026435852	4.176188243000046	0.4328588373667751	3.120315	5.01406	776202.030130992	4	0.6684776994182362	glacial_like
S__GCA_905182865.1	prev_3	mi_aracne	M2	-0.20740898	-0.56234777	-4.051823	-1.495997	0.0	2	0.7468155026435852	4.173620573912136	0.4316166236428305	3.120315	5.01406	394198.3977452625	4	0.6672924833518886	glacial_like
S__GCA_905182885.1	prev_3	mi_aracne	M1	0.46043503	-0.29547638	0.44608608	-1.384341	0.0	2	0.7468155026435852	4.179130211039066	0.43298200482480864	3.120315	5.01406	139702.93413879594	4	0.6705881464339429	glacial_like
S__GCA_905478185.1	prev_3	mi_aracne	M2	-1.677661	-0.93566316	-10.787468	0.039379716	0.0	2	0.7468155026435852	4.165893316114354	0.4307437184439228	3.120315	5.01406	321748.64936733595	4	0.6619914421782946	glacial_like
S__GCA_905478445.1	prev_3	mi_aracne	M1	0.6664897	-0.4554646	1.4973927	-1.5259261	0.0	2	0.7468155026435852	4.1932347176228655	0.4368423339415309	3.120315	5.01406	42645.506956521764	3	0.6786101713391164	glacial_like
S__GCA_905478615.1	prev_3	mi_aracne	M1	0.8414041	-0.18566632	1.4533042	-2.1708188	0.0	2	0.7468155026435852	4.162877739415534	0.42734175678439057	3.120315	5.01406	92041.41450668898	3	0.6616762261758771	glacial_like
S__GCA_905479195.1	prev_3	mi_aracne	M1	0.14110275	-0.85377395	2.1144876	-0.1596663	0.0	2	0.7468155026435852	4.169000049583104	0.42862396936153735	3.203925	5.01406	20557.003804347823	2	0.6655703161783404	glacial_like
S__GCA_905479565.1	prev_3	mi_aracne	M1	0.3024041	-0.7316704	2.8204505	0.19424534	0.0	2	0.7468155026435852	4.152666620747328	0.4234508826124037	3.203925	5.01406	16297.961956521742	2	0.6560749626937218	glacial_like
S__GCA_905480095.1	prev_3	mi_aracne	M2	-1.4440722	-0.72633004	-7.759462	0.025119841	0.0	2	0.7468155026435852	4.207055094477593	0.4409972360314938	3.120315	5.01406	98563.93844481607	4	0.6859600422296478	glacial_like
S__GCA_905480315.1	prev_3	mi_aracne	M1	0.33213958	-0.6193851	1.620639	-0.46375042	0.0	2	0.7468155026435852	4.211491301602339	0.44031108679486336	3.120315	5.01406	52532.667826086945	3	0.6894715351282533	glacial_like
S__GCA_905612275.1	prev_3	mi_aracne	M2	-1.9964278	-0.8119333	-11.104999	0.40317416	0.0	2	0.7468155026435852	4.146060207931524	0.42490917692803565	3.120315	5.01406	460895.01440078055	4	0.65008571814673	glacial_like
S__GCA_905612295.1	prev_3	mi_aracne	M2	-1.7242446	-0.9408968	-10.143033	0.073605776	0.0	2	0.7468155026435852	4.173537472737124	0.4321456911723664	3.120315	5.01406	1337386.2300083619	4	0.6669207338838594	glacial_like
S__GCA_905612305.1	prev_3	mi_aracne	M1	0.6144191	-0.27281567	0.895192	-1.6981901	0.0	2	0.7468155026435852	4.162315533722365	0.42829228539935593	3.120315	5.01406	124087.98947324415	4	0.6606995740468116	glacial_like
S__GCA_905612365.1	prev_3	mi_aracne	M1	0.10292408	-0.343091	0.040323004	-0.41616455	0.0	2	0.7468155026435852	4.165609531423745	0.4288846779361683	3.120315	5.01406	136550.20931716845	4	0.6628572511617077	glacial_like
S__GCA_905612455.1	prev_3	mi_aracne	M2	-1.9542993	-0.81488526	-10.523482	0.49176335	0.0	2	0.7468155026435852	4.168571820820341	0.4304053436540741	3.120315	5.01406	867174.6830267564	4	0.6642122106243854	glacial_like
S__GCA_905612485.1	prev_3	mi_aracne	M1	0.30125278	-0.84307855	1.8313907	-0.48906684	0.0	2	0.7468155026435852	4.152666259990602	0.42345076069867044	3.203925	5.01406	12420.969384057978	2	0.6560747529696851	glacial_like
S__GCA_905616395.1	prev_3	mi_aracne	M1	0.7009181	-0.6134211	2.382694	-1.2378063	0.0	2	0.7468155026435852	4.192403247008509	0.4348612410452828	3.203925	5.01406	44819.526086956466	2	0.6791756426813585	glacial_like
S__GCA_905618905.1	prev_3	mi_aracne	M1	0.23551847	-0.70685035	3.073417	-0.1497029	0.0	2	0.7468155026435852	4.256986599797156	0.4452914082273376	3.203925	5.01406	11771.21793478261	2	0.7167208372706807	glacial_like
S__GCA_905618915.1	prev_3	mi_aracne	M2	-0.96101546	-0.6154537	-5.4022293	0.12584776	0.0	2	0.7468155026435852	4.182191227685538	0.433844612637065	3.120315	5.01406	210584.1809615385	4	0.6723356414434304	glacial_like
S__GCA_905620445.1	prev_3	mi_aracne	M1	0.44061142	-0.7339223	2.4324706	-0.58840394	0.0	2	0.7468155026435852	4.195707565355993	0.4356334165225273	3.203925	5.01406	29892.524275362353	2	0.6810965908821636	glacial_like
S__GCA_905620495.1	prev_3	mi_aracne	M1	0.020709377	-0.8561505	2.287651	0.27427125	0.0	2	0.7468155026435852	4.15393958579369	0.42387893669617455	3.203925	5.01406	13222.30688405801	2	0.6568149942700858	glacial_like
S__GCF_001682155.1	prev_3	mi_aracne	M1	0.6057699	-0.34700516	3.2644	-1.355818	0.0	2	0.7468155026435852	4.15487982865485	0.4315328230903011	3.120315	5.01406	53810.00769230773	2	0.6530871223411259	glacial_like
S__GCF_002836055.1	prev_3	mi_aracne	M1	0.7102973	-0.27774465	2.0020397	-2.206121	0.0	2	0.7468155026435852	4.23910143051264	0.4466030995288244	3.120315	5.01406	15164.09217391305	2	0.7043838000365393	glacial_like
S__GCF_002836475.1	prev_3	mi_aracne	M1	0.93359184	-0.27295688	1.8897531	-2.2131414	0.0	2	0.7468155026435852	4.206010729563166	0.4378723271667019	3.203925	5.01406	24218.2360507246	2	0.687086281543007	glacial_like
S__GCF_003326015.1	prev_3	mi_aracne	M1	0.7006029	-0.6004489	2.3675861	-1.2635217	0.0	2	0.7468155026435852	4.215834040147947	0.43977162697136374	3.203925	5.01406	51435.98713768118	2	0.6927970118084971	glacial_like
S__GCF_012276695.1	prev_3	mi_aracne	M2	-1.7032669	-0.9610952	-10.173132	0.02835381	0.0	2	0.7468155026435852	4.164514260256677	0.4295699517385743	3.120315	5.01406	603253.8255351171	4	0.6616294457146586	glacial_like
S__GCF_013407165.1	prev_3	mi_aracne	M2	-1.6983738	-0.7317573	-9.67355	0.41652668	0.0	2	0.7468155026435852	4.149949737035263	0.42386714368572836	3.120315	5.01406	155440.37176142688	4	0.6537239771522487	glacial_like
S__GCF_014279835.1	prev_3	mi_aracne	M2	-1.5807962	-0.7333754	-7.9636774	0.369717	0.0	2	0.7468155026435852	4.15815693211943	0.4307309629564752	3.120315	5.01406	80099.53347547381	4	0.6560993109855563	glacial_like
S__IMGVR_UViG_3300000133_000001	prev_3	mi_aracne	M1	-0.19606784	-0.67164123	2.8250372	1.3126813	0.0	2	0.7468155026435852	4.151041966353922	0.4278527368721337	3.120315	5.01406	17881.194239130433	3	0.6522888538466759	glacial_like
S__IMGVR_UViG_3300006310_000001	prev_3	mi_aracne	M1	-0.009798855	-0.6111605	2.559267	1.250178	0.0	2	0.7468155026435852	4.165675464849447	0.4291872742591318	3.120315	5.01406	46711.893079710186	3	0.6627361011835666	glacial_like
S__IMGVR_UViG_3300006467_000165	prev_3	mi_aracne	M1	-0.40372366	-0.3174572	0.07008681	1.3786205	0.0	2	0.7468155026435852	4.2049408578531455	0.43895503270825137	3.120315	5.01406	188690.84075250843	4	0.6856915777417424	glacial_like
S__IMGVR_UViG_3300007760_000033	prev_3	mi_aracne	M1	-0.30731243	-0.70469546	2.6502638	1.4715711	0.0	2	0.7468155026435852	4.151602386361522	0.4278494398725328	3.120315	5.01406	13979.744166666671	3	0.6527257025983965	glacial_like
S__IMGVR_UViG_3300009136_000003	prev_3	mi_aracne	M1	-0.02027446	-0.5660552	2.6183693	1.484712	0.0	2	0.7468155026435852	4.150985929258994	0.42498193851366517	3.120315	5.01406	34576.05148550721	3	0.6538959469392561	glacial_like
S__IMGVR_UViG_3300009436_000049	prev_3	mi_aracne	M1	-0.47692305	-0.3626875	0.027023703	1.4709693	0.0	2	0.7468155026435852	4.145941825971893	0.42452175284515226	3.120315	5.01406	70183.66052118177	4	0.6502171664495419	glacial_like
S__IMGVR_UViG_3300009440_000004	prev_3	mi_aracne	M1	-0.27096307	-0.38387161	1.3331609	1.4809052	0.0	2	0.7468155026435852	4.183636587258388	0.4345872829391238	3.120315	5.01406	103517.30926142691	4	0.6729620730574989	glacial_like
S__IMGVR_UViG_3300009443_000008	prev_3	mi_aracne	M2	-1.7386405	-0.5960854	-7.463878	0.9462036	0.0	2	0.7468155026435852	4.165191223714177	0.42836324426218253	3.120315	5.01406	125115.02555741357	3	0.6628411190967841	glacial_like
S__IMGVR_UViG_3300009526_000022	prev_3	mi_aracne	M1	-0.24087799	-0.5625812	3.9904325	1.4187385	0.0	2	0.7468155026435852	4.130998408695652	0.415499316605913	3.209167999999999	4.96297	17547.083333333292	1	0.6434782608695652	glacial_like
S__IMGVR_UViG_3300009705_000001	prev_3	mi_aracne	M1	-0.078587584	-0.7914982	3.7690315	1.1199633	0.0	2	0.7468155026435852	4.216492394266232	0.43989078050926955	3.203925	5.01406	8435.26902173913	2	0.6931797425341774	glacial_like
S__IMGVR_UViG_3300020166_000001	prev_3	mi_aracne	M1	0.13390177	-0.65967035	3.7423196	1.2900082	0.0	2	0.7468155026435852	4.227651864887959	0.4417563684879698	3.203925	5.01406	48985.26739130435	2	0.6996672424535098	glacial_like
S__IMGVR_UViG_3300020166_000015	prev_3	mi_aracne	M2	-1.9536192	-0.7480401	-10.254684	0.69182146	0.0	2	0.7468155026435852	4.17626235003876	0.43223150349884437	3.120315	5.01406	176421.43859810496	4	0.6688988653739288	glacial_like
S__IMGVR_UViG_3300020182_000036	prev_3	mi_aracne	M2	-1.1793607	-0.5670317	-5.579761	0.86642563	0.0	2	0.7468155026435852	4.180496046956085	0.4344526824152552	3.120315	5.01406	176225.49092809364	4	0.6707337613232552	glacial_like
S__IMGVR_UViG_3300020185_000065	prev_3	mi_aracne	M1	0.034329265	-0.5155537	2.748685	1.5190548	0.0	2	0.7468155026435852	4.173388467989436	0.4317881576280993	3.120315	5.01406	50725.213405797185	3	0.6670231578585868	glacial_like
S__IMGVR_UViG_3300020374_000001	prev_3	mi_aracne	M1	-0.23823893	-0.5552037	3.8865519	1.27938	0.0	2	0.7468155026435852	4.130998408695652	0.415499316605913	3.209167999999999	4.96297	11528.75	1	0.6434782608695652	glacial_like
S__IMGVR_UViG_3300020385_000015	prev_3	mi_aracne	M1	-0.03133993	-0.72511244	3.4355428	1.4426357	0.0	2	0.7468155026435852	4.162237358321151	0.4265655897110055	3.203925	5.01406	28993.64148550721	2	0.6616388609594004	glacial_like
S__IMGVR_UViG_3300020396_000001	prev_3	mi_aracne	M1	-1.1211668	-0.08017215	0.0678875	1.8804535	0.0	2	0.7468155026435852	4.12932025247352	0.41889445601123243	3.120315	4.96297	46085.373717948685	3	0.6402109919100396	glacial_like
S__IMGVR_UViG_3300020399_000132	prev_3	mi_aracne	M1	-0.14873356	-0.61471856	2.460861	1.1565288	0.0	2	0.7468155026435852	4.17270184405659	0.432035161839628	3.120315	5.01406	56901.04168060203	3	0.6663538232757299	glacial_like
S__IMGVR_UViG_3300020595_000038	prev_3	mi_aracne	M1	0.11373213	-0.65599656	3.7919304	1.3309294	0.0	2	0.7468155026435852	4.201288552153129	0.4368777705085716	3.203925	5.01406	11521.151992753625	2	0.6843410683868338	glacial_like
S__IMGVR_UViG_3300021087_000038	prev_3	mi_aracne	M1	-0.4681177	-0.49039194	0.95565826	1.596105	0.0	2	0.7468155026435852	4.160684873423505	0.4289059461260215	3.120315	5.01406	56368.80297658864	4	0.6590982108679131	glacial_like
S__IMGVR_UViG_3300021957_000032	prev_3	mi_aracne	M1	0.616857	-0.56381476	5.920067	0.019864976	0.0	2	0.7468155026435852	4.310617979698164	0.4467301204382187	3.203925	5.01406	12104.886956521765	1	0.7478991596638656	glacial_like
S__IMGVR_UViG_3300021959_000034	prev_3	mi_aracne	M1	0.47343767	-0.4821621	5.116927	0.2984575	0.0	2	0.7468155026435852	4.190716012916812	0.43997278424148584	3.120315	5.01406	11769.074782608694	2	0.674942938146813	glacial_like
S__IMGVR_UViG_3300023210_000013	prev_3	mi_aracne	M1	-0.02660656	-0.75708157	3.320822	1.3902477	0.0	2	0.7468155026435852	4.167003338891727	0.4280283712732587	3.203925	5.01406	9292.08786231885	2	0.6644095388540098	glacial_like
S__IMGVR_UViG_3300023210_000030	prev_3	mi_aracne	M1	0.05073592	-0.7031925	4.038908	1.0282063	0.0	2	0.7468155026435852	4.267339591973434	0.44607201108950256	3.203925	5.01406	14984.851268115941	2	0.7227394951609284	glacial_like
S__IMGVR_UViG_3300023238_000017	prev_3	mi_aracne	M1	-0.11117607	-0.5979863	2.6797526	1.5507048	0.0	2	0.7468155026435852	4.172913824193514	0.4315040145391171	3.120315	5.01406	57399.731485507175	3	0.6668341286091294	glacial_like
S__IMGVR_UViG_3300023239_000003	prev_3	mi_aracne	M2	-1.5937641	-0.5669873	-7.980117	0.7030146	0.0	2	0.7468155026435852	4.157208486747629	0.42783065548677257	3.120315	5.01406	128648.36268115941	4	0.657057242269718	glacial_like
S__IMGVR_UViG_3300023239_000010	prev_3	mi_aracne	M1	-0.08697888	-0.7725818	3.3919477	1.3518852	0.0	2	0.7468155026435852	4.169946752526892	0.42890282355868625	3.203925	5.01406	20181.408152173917	2	0.6661206769866292	glacial_like
S__IMGVR_UViG_3300023293_000013	prev_3	mi_aracne	M1	-0.0029649734	-0.7298546	3.5383518	1.3447148	0.0	2	0.7468155026435852	4.208607173424783	0.4383965412073073	3.203925	5.01406	14359.9731884058	2	0.6885957106112639	glacial_like
S__IMGVR_UViG_3300024302_000371	prev_3	mi_aracne	M1	0.06660187	-0.68699795	4.088588	1.0579337	0.0	2	0.7468155026435852	4.248100650119438	0.44442803432495626	3.203925	5.01406	173299.20434782613	2	0.7115550368692577	glacial_like
S__IMGVR_UViG_3300024520_000070	prev_3	mi_aracne	M1	-0.293607	-0.398515	1.3440285	1.3627251	0.0	2	0.7468155026435852	4.226894072499024	0.4423081522169987	3.120315	5.01406	189169.05396599777	4	0.698826005001999	glacial_like
S__IMGVR_UViG_3300025071_000006	prev_3	mi_aracne	M1	-0.5087846	-0.412048	-0.31876212	1.4495431	0.0	2	0.7468155026435852	4.140786481292313	0.42194066423079657	3.120315	5.01406	81821.90369007809	4	0.6476375365625197	glacial_like
S__IMGVR_UViG_3300025079_000001	prev_3	mi_aracne	M2	-1.2946004	-0.46618325	-7.2348003	0.54393995	0.0	2	0.7468155026435852	4.168080245855565	0.43143359169237666	3.120315	5.01406	173322.955571349	4	0.6632421338319759	glacial_like
S__IMGVR_UViG_3300025079_000004	prev_3	mi_aracne	M1	-0.031021796	-0.7331321	3.4840484	1.3865012	0.0	2	0.7468155026435852	4.203027314634603	0.4372501732985777	3.203925	5.01406	13991.216304347821	2	0.685351888867542	glacial_like
S__IMGVR_UViG_3300025096_000017	prev_3	mi_aracne	M1	-0.091695465	-0.74830544	3.3202431	1.5659934	0.0	2	0.7468155026435852	4.152957954070946	0.4235492237013593	3.203925	5.01406	19289.62373188409	2	0.6562443277987097	glacial_like
S__IMGVR_UViG_3300025120_000059	prev_3	mi_aracne	M1	0.5744688	-0.5858885	5.813485	0.06412035	0.0	2	0.7468155026435852	4.310617979698163	0.4467301204382185	3.203925	5.01406	10504.07826086957	1	0.7478991596638654	glacial_like
S__IMGVR_UViG_3300025120_000373	prev_3	mi_aracne	M1	0.04841034	-0.69216126	3.6754937	1.3621942	0.0	2	0.7468155026435852	4.224808499379974	0.44130856802967555	3.203925	5.01406	44563.70543478259	2	0.6980142667767094	glacial_like
S__IMGVR_UViG_3300025141_000590	prev_3	mi_aracne	M1	-0.77689505	-0.48170063	-0.24221076	1.3135034	0.0	2	0.7468155026435852	4.138857135524616	0.424398916216089	3.120315	5.01406	58953.86148829428	4	0.6446992213201229	glacial_like
S__IMGVR_UViG_3300025168_000108	prev_3	mi_aracne	M1	0.49948502	-0.62579864	5.7834544	0.14195001	0.0	2	0.7468155026435852	4.310617979698164	0.4467301204382187	3.203925	5.01406	7014.791304347825	1	0.7478991596638656	glacial_like
S__IMGVR_UViG_3300025264_000009	prev_3	mi_aracne	M1	-0.0058880746	-0.70526266	3.6104639	1.430266	0.0	2	0.7468155026435852	4.272525228487705	0.44637223941722026	3.203925	5.01406	38952.48550724638	2	0.7257541378450112	glacial_like
S__IMGVR_UViG_3300025276_000013	prev_3	mi_aracne	M1	-0.91702366	-0.21069878	1.601244	1.6870486	0.0	2	0.7468155026435852	4.1302282700330695	0.41709845883790414	3.120315	4.96297	37365.5625	2	0.6419513957537772	glacial_like
S__IMGVR_UViG_3300025296_001443	prev_3	mi_aracne	M1	0.034826368	-0.5170703	2.7164147	1.5129935	0.0	2	0.7468155026435852	4.195225259662222	0.4369284151550974	3.120315	5.01406	71531.7652173913	3	0.6799891759854211	glacial_like
S__IMGVR_UViG_3300025632_000006	prev_3	mi_aracne	M1	0.031613663	-0.52177215	2.7103727	1.5050529	0.0	2	0.7468155026435852	4.221849285618997	0.441801961183034	3.120315	5.01406	70972.50927536236	3	0.6957111546562198	glacial_like
S__IMGVR_UViG_3300025637_000035	prev_3	mi_aracne	M1	0.075787544	-0.51951647	2.7221596	1.4118336	0.0	2	0.7468155026435852	4.2076904301602225	0.43896548543287867	3.120315	5.01406	131928.2002173913	3	0.6876179310979332	glacial_like
S__IMGVR_UViG_3300025652_000055	prev_3	mi_aracne	M1	-0.022164851	-0.568379	2.6230316	1.4541122	0.0	2	0.7468155026435852	4.203844300571471	0.4393214766239653	3.120315	5.01406	46377.12097826083	3	0.6847044775847388	glacial_like
S__IMGVR_UViG_3300025653_000044	prev_3	mi_aracne	M1	-0.28686818	-0.3974806	1.2893155	1.4404548	0.0	2	0.7468155026435852	4.189747013007038	0.43577813660131043	3.120315	5.01406	122835.80465719075	4	0.6767141233361087	glacial_like
S__IMGVR_UViG_3300025666_000032	prev_3	mi_aracne	M1	-0.006228164	-0.7495542	3.895664	0.9720273	0.0	2	0.7468155026435852	4.258867664225368	0.44545122797539627	3.203925	5.01406	21895.159601449268	2	0.7178143842443634	glacial_like
S__IMGVR_UViG_3300025696_000003	prev_3	mi_aracne	M1	0.025374368	-0.7117629	3.4875746	1.3990611	0.0	2	0.7468155026435852	4.204002491846363	0.43745587004089637	3.203925	5.01406	16734.75108695652	2	0.6859188030426921	glacial_like
S__IMGVR_UViG_3300025707_000009	prev_3	mi_aracne	M1	0.08820319	-0.6584507	3.7445092	1.3861417	0.0	2	0.7468155026435852	4.175294491350022	0.430435524596154	3.203925	5.01406	20686.37409420286	2	0.669229557000716	glacial_like
S__IMGVR_UViG_3300025719_000003	prev_3	mi_aracne	M1	0.5746508	-0.58585966	5.8132253	0.06417084	0.0	2	0.7468155026435852	4.310617979698166	0.4467301204382187	3.203925	5.01406	20186.539130434827	1	0.7478991596638657	glacial_like
S__IMGVR_UViG_3300025769_000005	prev_3	mi_aracne	M1	-0.038254023	-0.7674618	3.8198218	1.064475	0.0	2	0.7468155026435852	4.140390726963736	0.4191021159350183	3.203925	5.01406	93979.28677536239	2	0.6489384360043888	glacial_like
S__IMGVR_UViG_3300025816_000013	prev_3	mi_aracne	M1	0.10236347	-0.65601593	3.786772	1.3417712	0.0	2	0.7468155026435852	4.20223969588999	0.43708237983143877	3.203925	5.01406	19095.136413043485	2	0.6848940108269658	glacial_like
S__IMGVR_UViG_3300025821_000011	prev_3	mi_aracne	M1	-0.25064665	-0.574814	3.950913	1.4175528	0.0	2	0.7468155026435852	4.1309984086956515	0.415499316605913	3.209167999999999	4.96297	14648.125	1	0.6434782608695652	glacial_like
S__IMGVR_UViG_3300025832_000009	prev_3	mi_aracne	M1	0.058415577	-0.68461144	3.63853	1.3507184	0.0	2	0.7468155026435852	4.184812452238763	0.43298666667262364	3.203925	5.01406	28812.260688405833	2	0.6747627738163677	glacial_like
S__IMGVR_UViG_3300025853_000376	prev_3	mi_aracne	M1	-0.43323785	-0.50393194	1.2901769	1.4515148	0.0	2	0.7468155026435852	4.181415219900319	0.4338476440554985	3.120315	5.01406	68026.46810200668	3	0.6717590743102927	glacial_like
S__IMGVR_UViG_3300025860_000061	prev_3	mi_aracne	M1	0.13782054	-0.65684724	3.749735	1.2923099	0.0	2	0.7468155026435852	4.185628313159621	0.4331949154380963	3.203925	5.01406	90960.43387681154	2	0.675237070298492	glacial_like
S__IMGVR_UViG_3300025869_000017	prev_3	mi_aracne	M2	-1.966233	-0.816921	-9.696574	0.7375318	0.0	2	0.7468155026435852	4.1662672357310315	0.42991276615915597	3.120315	5.01406	312490.37494983274	4	0.6627572897667066	glacial_like
S__IMGVR_UViG_3300025874_000005	prev_3	mi_aracne	M1	0.098487236	-0.676914	3.6917279	1.3047386	0.0	2	0.7468155026435852	4.218468489300836	0.44024232182915884	3.203925	5.01406	23027.793297101492	2	0.6943285350541943	glacial_like
S__IMGVR_UViG_3300027668_000075	prev_3	mi_aracne	M1	0.49986938	-0.625751	5.7829676	0.1420582	0.0	2	0.7468155026435852	4.3106179796981685	0.4467301204382188	3.203925	5.01406	27281.00869565222	1	0.7478991596638658	glacial_like
S__IMGVR_UViG_3300027668_002455	prev_3	mi_aracne	M1	-0.14801453	-0.81115973	3.2328706	1.3420345	0.0	2	0.7468155026435852	4.161852566518846	0.42644494612764416	3.203925	5.01406	22349.251811594164	2	0.661415164256301	glacial_like
S__IMGVR_UViG_3300027687_000007	prev_3	mi_aracne	M2	-1.884625	-0.9500238	-10.052381	0.7324873	0.0	2	0.7468155026435852	4.163259066136221	0.42949909735098	3.120315	5.01406	469465.4359503898	4	0.6607165127834191	glacial_like
S__IMGVR_UViG_3300027752_000041	prev_3	mi_aracne	M1	-0.15529391	-0.82943237	3.6207492	1.1637665	0.0	2	0.7468155026435852	4.226437420076877	0.44156740165569713	3.203925	5.01406	13725.960326086952	2	0.6989612313100608	glacial_like
S__IMGVR_UViG_3300027780_000015	prev_3	mi_aracne	M2	-1.8303806	-0.94923854	-10.6652	0.49539268	0.0	2	0.7468155026435852	4.186780151217277	0.4358048202419605	3.120315	5.01406	592040.5382274252	4	0.6745411868022498	glacial_like
S__IMGVR_UViG_3300027788_000027	prev_3	mi_aracne	M1	0.09992488	-0.6603348	3.7622685	1.3411874	0.0	2	0.7468155026435852	4.197154733676932	0.43596328381244387	3.203925	5.01406	18087.659601449282	2	0.6819378946217045	glacial_like
S__IMGVR_UViG_3300027791_000032	prev_3	mi_aracne	M1	-0.52147985	-0.5448036	0.76414526	1.6962274	0.0	2	0.7468155026435852	4.142377202686397	0.42395634467935733	3.120315	5.01406	39521.62565496101	4	0.6477387127783202	glacial_like
S__IMGVR_UViG_3300027813_000042	prev_3	mi_aracne	M2	-1.9604166	-0.8431195	-10.276671	0.5126107	0.0	2	0.7468155026435852	4.140035911122848	0.4232003515202786	3.120315	5.01406	486322.3018227424	4	0.646320614026996	glacial_like
S__IMGVR_UViG_3300027833_000016	prev_3	mi_aracne	M1	-0.22553584	-0.42460692	1.0534896	1.021867	0.0	2	0.7468155026435852	4.168129460907188	0.4300000332757113	3.120315	5.01406	123586.04087792643	4	0.664114731470696	glacial_like
S__IMGVR_UViG_3300027833_000038	prev_3	mi_aracne	M1	-0.21363026	-0.84367585	3.059445	1.4613897	0.0	2	0.7468155026435852	4.159532494601694	0.425709440055647	3.203925	5.01406	14643.170471014526	2	0.6600664025734606	glacial_like
S__IMGVR_UViG_3300027833_000046	prev_3	mi_aracne	M2	-1.3999009	-0.5960492	-7.5362377	0.6607561	0.0	2	0.7468155026435852	4.151256009474089	0.4246926908476799	3.120315	5.01406	134992.01835005562	4	0.6542655614224999	glacial_like
S__IMGVR_UViG_3300027849_000014	prev_3	mi_aracne	M1	-0.15540382	-0.7846055	3.1556273	1.5906426	0.0	2	0.7468155026435852	4.157361944925683	0.4250087161096448	3.203925	5.01406	10476.541123188412	2	0.6588045648640086	glacial_like
S__IMGVR_UViG_3300027861_000023	prev_3	mi_aracne	M1	0.116519	-0.6670166	3.8045201	1.2638191	0.0	2	0.7468155026435852	4.210940978978135	0.43885408580312485	3.203925	5.01406	50115.57246376812	2	0.6899524562717281	glacial_like
S__IMGVR_UViG_3300028198_000002	prev_3	mi_aracne	M1	0.10478504	-0.65625453	3.756783	1.3655981	0.0	2	0.7468155026435852	4.19682758622545	0.435889156022336	3.203925	5.01406	13024.702173913047	2	0.6817477091606701	glacial_like
S__IMGVR_UViG_3300028198_000003	prev_3	mi_aracne	M1	-0.04429181	-0.58113253	2.9502802	1.3843406	0.0	2	0.7468155026435852	4.181176854190287	0.4331074634328882	3.120315	5.01406	109621.22050724635	3	0.6720258832673929	glacial_like
S__IMGVR_UViG_3300028535_000001	prev_3	mi_aracne	M1	-0.21144405	-0.40861285	1.1277108	1.0611852	0.0	2	0.7468155026435852	4.164009450285271	0.4286209308595203	3.120315	5.01406	298061.5395763661	4	0.6617975025478734	glacial_like
S__IMGVR_UViG_3300029787_000045	prev_3	mi_aracne	M1	0.0105250925	-0.7205036	3.9370205	1.0787164	0.0	2	0.7468155026435852	4.28970568025243	0.44693580599676896	3.203925	5.01406	31916.867934782586	2	0.7357419036822853	glacial_like
S__IMGVR_UViG_3300030059_000588	prev_3	mi_aracne	M1	0.09959744	-0.66378945	3.7347424	1.349701	0.0	2	0.7468155026435852	4.1787698883437345	0.4313931405081998	3.203925	5.01406	57715.48605072459	2	0.6712499608783381	glacial_like
S__IMGVR_UViG_3300030388_000283	prev_3	mi_aracne	M1	-0.09771745	-0.61374664	3.0480835	1.2820717	0.0	2	0.7468155026435852	4.18569667099862	0.4372816360573197	3.120315	5.01406	29429.087137681145	3	0.6728886321129063	glacial_like
S__IMGVR_UViG_3300030390_000540	prev_3	mi_aracne	M1	-0.037207782	-0.7364407	3.3877826	1.5008277	0.0	2	0.7468155026435852	4.1675060320625334	0.42817927447311366	3.203925	5.01406	16622.731884058012	2	0.664701776901458	glacial_like
S__IMGVR_UViG_3300030390_001073	prev_3	mi_aracne	M1	0.035042822	-0.72131276	4.0063353	1.0460274	0.0	2	0.7468155026435852	4.219912432180767	0.4404934120695373	3.203925	5.01406	12847.690579710154	2	0.6951679637004631	glacial_like
S__IMGVR_UViG_3300030390_001366	prev_3	mi_aracne	M1	-0.05101888	-0.75295144	3.3851695	1.4778358	0.0	2	0.7468155026435852	4.1588693652784725	0.4254966574371799	3.203925	5.01406	17392.358876811555	2	0.659680895807349	glacial_like
S__IMGVR_UViG_3300030390_002408	prev_3	mi_aracne	M1	-0.46079838	-0.37540397	-0.13478725	1.3538204	0.0	2	0.7468155026435852	4.144980206401003	0.4238436995355557	3.120315	5.01406	36593.80605908581	4	0.649850516193115	glacial_like
S__IMGVR_UViG_3300031519_000018	prev_3	mi_aracne	M2	-1.3781813	-0.4641077	-7.583567	0.54173315	0.0	2	0.7468155026435852	4.180744222176657	0.43385240698526456	3.120315	5.01406	219241.09016164998	4	0.671268340359082	glacial_like
S__IMGVR_UViG_3300031519_000025	prev_3	mi_aracne	M1	0.07327327	-0.6902194	4.0854483	1.0139769	0.0	2	0.7468155026435852	4.210823354508166	0.43883133385309436	3.203925	5.01406	8012.145289855071	2	0.6898840759008935	glacial_like
S__IMGVR_UViG_3300031519_000028	prev_3	mi_aracne	M1	-0.0074165016	-0.72689724	3.5448506	1.3584884	0.0	2	0.7468155026435852	4.219164848350936	0.4403640221182567	3.203925	5.01406	15043.687862318848	2	0.6947333597483473	glacial_like
S__IMGVR_UViG_3300031647_000036	prev_3	mi_aracne	M1	-0.13491023	-0.8028232	3.190952	1.4832722	0.0	2	0.7468155026435852	4.158634557680513	0.42542103987751656	3.203925	5.01406	16147.950543478259	2	0.6595443916375308	glacial_like
S__IMGVR_UViG_3300031687_001020	prev_3	mi_aracne	M1	0.19969548	-0.69608504	3.7633443	1.0046417	0.0	2	0.7468155026435852	4.164840633723469	0.42737179817499904	3.203925	5.01406	70420.58677536235	2	0.663152261508138	glacial_like
S__IMGVR_UViG_3300031688_001339	prev_3	mi_aracne	M1	0.18501881	-0.6645193	3.7301586	1.1602321	0.0	2	0.7468155026435852	4.170738856497941	0.42913439617546245	3.203925	5.01406	33272.38097826087	2	0.6665811624901519	glacial_like
S__IMGVR_UViG_3300031703_000007	prev_3	mi_aracne	M1	0.04424025	-0.550763	2.6184702	1.3719798	0.0	2	0.7468155026435852	4.173952317159292	0.4310664070604485	3.120315	5.01406	108037.88655797104	3	0.66786363181159	glacial_like
S__IMGVR_UViG_3300031801_001562	prev_3	mi_aracne	M1	-0.070157364	-0.6338477	2.4272223	1.3636376	0.0	2	0.7468155026435852	4.171160031689023	0.4322400763191106	3.120315	5.01406	46073.84402173913	3	0.6650933573989856	glacial_like
S__IMGVR_UViG_3300031957_000171	prev_3	mi_aracne	M1	0.33787078	-0.6848478	4.230183	-0.1836446	0.0	2	0.7468155026435852	4.285896002965286	0.4479821785832123	3.120315	5.01406	73366.32173913045	2	0.7328486343751849	glacial_like
S__IMGVR_UViG_3300032081_000046	prev_3	mi_aracne	M1	0.49967092	-0.62577534	5.783222	0.14200252	0.0	2	0.7468155026435852	4.310617979698167	0.4467301204382188	3.203925	5.01406	16783.139130434814	1	0.7478991596638658	glacial_like
S__IMGVR_UViG_3300034380_000005	prev_3	mi_aracne	M1	0.60320044	-0.57272786	5.868741	0.035156906	0.0	2	0.7468155026435852	4.310617979698166	0.44673012043821875	3.203925	5.01406	116156.41739130433	1	0.7478991596638657	glacial_like
S__IMGVR_UViG_3300034980_000082	prev_3	mi_aracne	M1	0.010045916	-0.7070452	3.571323	1.3984569	0.0	2	0.7468155026435852	4.181569456469862	0.43214266923556377	3.203925	5.01406	17377.139673913047	2	0.6728774751761099	glacial_like
S__IMGVR_UViG_3300035195_000275	prev_3	mi_aracne	M2	-1.9204376	-0.80371344	-10.593376	0.6455611	0.0	2	0.7468155026435852	4.146519710720297	0.4243631681657283	3.120315	5.01406	260868.50328874064	4	0.6507609230013556	glacial_like
S__IMGVR_UViG_3300037191_001144	prev_3	mi_aracne	M1	0.06359497	-0.6801646	3.706382	1.3615106	0.0	2	0.7468155026435852	4.189735885930967	0.4342185711396323	3.203925	5.01406	20758.278079710188	2	0.6776249862602831	glacial_like
S__IMGVR_UViG_3300037585_000783	prev_3	mi_aracne	M1	0.110033125	-0.6566375	3.7868228	1.3345815	0.0	2	0.7468155026435852	4.205482517261635	0.43776372075892633	3.203925	5.01406	76673.4804347826	2	0.6867792080822911	glacial_like
S__IMGVR_UViG_3300037635_001655	prev_3	mi_aracne	M1	-0.5635211	-0.64487314	0.93090594	1.5570909	0.0	2	0.7468155026435852	4.138238573751558	0.4206392594811893	3.120315	5.01406	39105.736050724605	3	0.6463506458703983	glacial_like
S__IMGVR_UViG_3300038315_000065	prev_3	mi_aracne	M2	-1.2195592	-0.65251553	-4.7432575	1.2060057	0.0	2	0.7468155026435852	4.200329558645903	0.4379718766949433	3.120315	5.01406	364339.07018952013	4	0.6830122536122649	glacial_like
S__IMGVR_UViG_3300040811_000687	prev_3	mi_aracne	M1	-0.30969423	-0.54551506	4.2588415	1.0485017	0.0	2	0.7468155026435852	4.130998408695652	0.415499316605913	3.209167999999999	4.96297	13507.708333333294	1	0.643478260869565	glacial_like
S__IMGVR_UViG_3300040985_001906	prev_3	mi_aracne	M1	-0.53174734	-0.4386631	2.8094447	1.6689314	0.0	2	0.7468155026435852	4.129314410936868	0.41886780167914045	3.120315	4.96297	19419.254166666677	2	0.640228415912815	glacial_like
S__IMGVR_UViG_3300046103_001257	prev_3	mi_aracne	M1	-0.24846923	-0.6481916	2.2808921	1.6730305	0.0	2	0.7468155026435852	4.162371348197597	0.42873475083946994	3.120315	5.01406	51949.94681159416	3	0.6604900709987477	glacial_like
S__IMGVR_UViG_3300046163_000031	prev_3	mi_aracne	M1	-0.22693807	-0.55445933	3.9986145	1.4403313	0.0	2	0.7468155026435852	4.130998408695652	0.415499316605913	3.209167999999999	4.96297	16940.9375	1	0.6434782608695652	glacial_like
S__IMGVR_UViG_3300046167_000375	prev_3	mi_aracne	M1	0.6043955	-0.57050884	5.90691	0.033653438	0.0	2	0.7468155026435852	4.310617979698165	0.4467301204382187	3.203925	5.01406	54452.3304347826	1	0.7478991596638656	glacial_like
S__IMGVR_UViG_3300046167_000870	prev_3	mi_aracne	M1	-0.412317	-0.33404458	0.08367649	1.4001046	0.0	2	0.7468155026435852	4.150792746604375	0.4267331554736953	3.120315	5.01406	74167.65767837243	4	0.6527303308937128	glacial_like
S__IMGVR_UViG_3300046167_000876	prev_3	mi_aracne	M1	0.039827824	-0.70804065	4.031292	1.0672973	0.0	2	0.7468155026435852	4.266201891233381	0.44599805051866637	3.203925	5.01406	20259.27880434788	2	0.7220780987820585	glacial_like
S__IMGVR_UViG_3300046167_000935	prev_3	mi_aracne	M1	0.6189672	-0.5608062	5.889793	-0.009242773	0.0	2	0.7468155026435852	4.310617979698163	0.44673012043821864	3.203925	5.01406	9894.591304347827	1	0.7478991596638651	glacial_like
S__IMGVR_UViG_3300046168_000019	prev_3	mi_aracne	M1	-0.1907655	-0.66868424	2.782533	1.3681442	0.0	2	0.7468155026435852	4.152572974349096	0.4280193373923133	3.120315	5.01406	14098.363623188412	3	0.6533799497688646	glacial_like
S__IMGVR_UViG_3300046168_000044	prev_3	mi_aracne	M1	-0.47963762	-0.40205503	-0.0025776923	1.3439547	0.0	2	0.7468155026435852	4.178390784367545	0.43432965752386293	3.120315	5.01406	69341.51869007804	4	0.6692493475678395	glacial_like
S__IMGVR_UViG_3300046171_000113	prev_3	mi_aracne	M1	0.5745244	-0.5858796	5.813407	0.06413591	0.0	2	0.7468155026435852	4.310617979698165	0.4467301204382187	3.203925	5.01406	13455.278260869529	1	0.7478991596638654	glacial_like
S__IMGVR_UViG_3300046171_000179	prev_3	mi_aracne	M1	-0.030933172	-0.74336433	3.3779812	1.4711753	0.0	2	0.7468155026435852	4.160276530427516	0.42594682812679924	3.203925	5.01406	8830.528442028974	2	0.6604989439119893	glacial_like
S__IMGVR_UViG_3300046532_001046	prev_3	mi_aracne	M1	-0.029406399	-0.5670706	2.6860185	1.4534305	0.0	2	0.7468155026435852	4.167053580085027	0.4302287538462556	3.120315	5.01406	52670.86858695651	3	0.6631742815692374	glacial_like
S__IMGVR_UViG_3300047157_000078	prev_3	mi_aracne	M2	-1.1577489	-0.57380563	-5.9949183	0.74364495	0.0	2	0.7468155026435852	4.174126723523658	0.43216440047023413	3.120315	5.01406	332942.17669453705	4	0.6673499351059952	glacial_like
S__IMGVR_UViG_3300047157_000086	prev_3	mi_aracne	M1	0.11289185	-0.6513052	3.7862847	1.3611923	0.0	2	0.7468155026435852	4.241518180584566	0.44367265509755505	3.203925	5.01406	19804.350000000002	2	0.7077283526094014	glacial_like
S__IMGVR_UViG_3300047157_000094	prev_3	mi_aracne	M1	0.14746563	-0.48915458	3.6733584	0.21673071	0.0	2	0.7468155026435852	4.204371411305418	0.44239574593254655	3.120315	5.01406	30187.350167224096	3	0.6832371822182445	glacial_like
S__IMGVR_UViG_3300047369_000202	prev_3	mi_aracne	M1	0.017608166	-0.71898353	3.9655433	1.012259	0.0	2	0.7468155026435852	4.296203434103506	0.4469766919300641	3.203925	5.01406	121836.07409420286	2	0.7395193389221458	glacial_like
S__IMGVR_UViG_3300047668_001392	prev_3	mi_aracne	M1	-0.04585681	-0.7732733	3.8881836	1.0799814	0.0	2	0.7468155026435852	4.255902831155002	0.44519569386502233	3.203925	5.01406	10665.036956521742	2	0.7160907940350397	glacial_like
S__IMGVR_UViG_3300048018_000259	prev_3	mi_aracne	M1	-0.24321735	-0.6744219	2.7388835	1.389093	0.0	2	0.7468155026435852	4.161828533578984	0.43021288357844006	3.120315	5.01406	15592.473260869565	3	0.6592207106837514	glacial_like
S__IMGVR_UViG_3300049783_000307	prev_3	mi_aracne	M1	-0.40194616	-0.5274078	1.596576	1.4640616	0.0	2	0.7468155026435852	4.1621235201564595	0.4282506285041875	3.120315	5.01406	175707.38808528433	3	0.6605717977992897	glacial_like
S__IMGVR_UViG_650627017_000001	prev_3	mi_aracne	M1	0.08499515	-0.5282255	2.6802218	1.3595356	0.0	2	0.7468155026435852	4.187397265715376	0.4353950892998176	3.120315	5.01406	37312.58543478262	3	0.6752376411425651	glacial_like
S__IMGVR_UViG_GVMAG-M-3300001718-3_000001	prev_3	mi_aracne	M1	-0.49417096	-0.6509051	0.8697983	1.4006294	0.0	2	0.7468155026435852	4.144372845007587	0.4246598876256352	3.120315	5.01406	17687.46687569678	3	0.648893563878024	glacial_like
S__IMGVR_UViG_GVMAG-M-3300021389-45_000001	prev_3	mi_aracne	M1	0.020441175	-0.7417664	3.9319308	0.9225056	0.0	2	0.7468155026435852	4.252193104376377	0.44484792210322377	3.203925	5.01406	20616.52010869565	2	0.7139341637617174	glacial_like
S__IMGVR_UViG_GVMAG-M-3300025652-16_000001	prev_3	mi_aracne	M1	-0.33422312	-0.38144976	-0.06396414	0.9650115	0.0	2	0.7468155026435852	4.1569518202741484	0.4265055567512436	3.120315	5.01406	271155.766499443	4	0.6576283276896869	glacial_like
S__IMGVR_UViG_GVMAG-M-3300027833-29_000001	prev_3	mi_aracne	M1	-0.006539654	-0.83265793	2.872104	0.95982695	0.0	2	0.7468155026435852	4.164401298690808	0.42723695980911064	3.203925	5.01406	8546.926086956517	2	0.6628968563831493	glacial_like
S__IMGVR_UViG_GVMAG-S-1102104-120_000001	prev_3	mi_aracne	M1	0.096284986	-0.5522294	2.5874858	1.253218	0.0	2	0.7468155026435852	4.207562276013486	0.4408928851742537	3.120315	5.01406	25661.874637681154	3	0.6863848973271041	glacial_like
S__IMGVR_UViG_GVMAG-S-1102107-84_000001	prev_3	mi_aracne	M1	0.18127437	-0.77264476	3.1395392	0.66857016	0.0	2	0.7468155026435852	4.1558935226891665	0.4245277123309453	3.203925	5.01406	21405.05507246373	2	0.6579509052717332	glacial_like
S__IMGVR_UViG_GVMAG-S-1102114-126_000001	prev_3	mi_aracne	M1	-0.24169663	-0.3966503	1.1710728	1.2557265	0.0	2	0.7468155026435852	4.1621411822467484	0.42834478069502274	3.120315	5.01406	92870.5390663323	4	0.6605364511708575	glacial_like
S__IMGVR_UViG_GVMAG-S-ERX556030-34_000001	prev_3	mi_aracne	M1	0.19347242	-0.6719074	3.7027617	1.1248496	0.0	2	0.7468155026435852	4.218562719124147	0.44025885645888196	3.203925	5.01406	42601.31612318847	2	0.69438331506947	glacial_like
S__IMGVR_UViG_GVMAG-S-ERX556043-36_000001	prev_3	mi_aracne	M1	-0.11572541	-0.4719581	0.9545572	0.34174848	0.0	2	0.7468155026435852	4.17275621681677	0.4314182830763628	3.120315	5.01406	95773.24713768117	4	0.6667625886862242	glacial_like
S__Moniruzzaman_LP01_SRX672316_10_dc	prev_3	mi_aracne	M1	0.05596909	-0.69154763	3.700869	1.3333303	0.0	2	0.7468155026435852	4.22860996716214	0.4419030363912517	3.203925	5.01406	33977.681702898466	2	0.7002242302029428	glacial_like
S__Phycodnaviridae_FN429076_Emiliania_huxleyi_virus_99B1	prev_3	mi_aracne	M1	0.092603214	-0.7566074	3.8433847	0.6208677	0.0	2	0.7468155026435852	4.303131020792953	0.44691623832766053	3.203925	5.01406	73629.85380434789	2	0.7435466552360087	glacial_like
S__Phycodnaviridae_HM004430_Bathycoccus_sp_RCC1105_virus_BpV2	prev_3	mi_aracne	M2	-1.3590212	-0.49861893	-7.844841	0.42089558	0.0	2	0.7468155026435852	4.148145719791899	0.42467916699496444	3.120315	5.01406	134388.885571349	4	0.6518511298220221	glacial_like
S__Phycodnaviridae_KF481686_Emiliania_huxleyi_virus_145	prev_3	mi_aracne	M1	0.070544995	-0.7312122	3.9637527	0.91474164	0.0	2	0.7468155026435852	4.262332481382269	0.4457246796958288	3.203925	5.01406	14259.802898550723	2	0.719828637589153	glacial_like
S__Schulz_GVMAG_M_3300001718_3	prev_3	mi_aracne	M1	-1.0873982	-0.09756008	-0.03912957	1.683323	0.0	2	0.7468155026435852	4.12908611591734	0.4193588569223645	3.120315	4.96297	48143.69839743593	3	0.6397600735069708	glacial_like
S__Schulz_GVMAG_M_3300009428_8	prev_3	mi_aracne	M1	0.01897233	-0.77246994	3.8166394	0.85794353	0.0	2	0.7468155026435852	4.282306694058237	0.44677418816703784	3.203925	5.01406	32756.53387681157	2	0.7314405417301774	glacial_like
S__Schulz_GVMAG_M_3300021389_45	prev_3	mi_aracne	M1	0.0725704	-0.700574	4.049927	0.98166764	0.0	2	0.7468155026435852	4.265070925777431	0.4459216387076834	3.203925	5.01406	16269.833695652116	2	0.7214206179253989	glacial_like
S__Schulz_GVMAG_M_3300025652_16	prev_3	mi_aracne	M2	-2.0144448	-0.90653753	-10.615077	0.47635567	0.0	2	0.7468155026435852	4.172634276447728	0.4333688638995007	3.120315	5.01406	314496.53441192873	4	0.6655262560825407	glacial_like
S__Schulz_GVMAG_S_1024967_63	prev_3	mi_aracne	M1	0.0760105	-0.70595574	3.549347	1.2582055	0.0	2	0.7468155026435852	4.146056427285505	0.42115924972896523	3.203925	5.01406	49262.52572463766	2	0.6522321612738363	glacial_like
S__Schulz_GVMAG_S_1102104_120	prev_3	mi_aracne	M1	0.185809	-0.7073027	3.6623704	0.9648049	0.0	2	0.7468155026435852	4.172946919816749	0.4297715606257003	3.203925	5.01406	57268.6277173913	2	0.6678648085597741	glacial_like
S__Schulz_GVMAG_S_1102105_81	prev_3	mi_aracne	M1	-0.07934077	-0.8103618	3.1132874	1.20462	0.0	2	0.7468155026435852	4.185749925046883	0.43322581675894895	3.203925	5.01406	10428.643840579718	2	0.6753077687335295	glacial_like
S__Schulz_GVMAG_S_1102114_126	prev_3	mi_aracne	M1	-0.28331897	-0.53175634	1.571831	1.2059897	0.0	2	0.7468155026435852	4.187383905369806	0.4344571780868104	3.120315	5.01406	43020.91633221853	3	0.6757734534301785	glacial_like
S__Schulz_GVMAG_S_403982_53	prev_3	mi_aracne	M1	-0.01084806	-0.7398809	3.4152539	1.3763863	0.0	2	0.7468155026435852	4.17513386519089	0.4303905354182561	3.203925	5.01406	12187.473369565223	2	0.6691361778226406	glacial_like
S__Schulz_GVMAG_S_403983_43	prev_3	mi_aracne	M1	-0.01414191	-0.77327394	3.7957602	0.9038669	0.0	2	0.7468155026435852	4.221616322685583	0.44078343708941664	3.203925	5.01406	6778.914855072461	2	0.6961585115398048	glacial_like
S__Schulz_GVMAG_S_405408_30	prev_3	mi_aracne	M1	-0.22484383	-0.550724	3.9793358	1.3933173	0.0	2	0.7468155026435852	4.130998408695652	0.415499316605913	3.209167999999999	4.96297	16478.541666666704	1	0.6434782608695654	glacial_like
S__TARA_AON_NCLDV_00003	prev_3	mi_aracne	M1	-0.21495757	-0.5149353	3.413085	0.7314316	0.0	2	0.7468155026435852	4.130998408695652	0.415499316605913	3.209167999999999	4.96297	16183.854166666706	1	0.6434782608695654	glacial_like
S__TARA_AOS_82_MAG_00110	prev_3	mi_aracne	M1	0.6662025	-0.47448215	5.4168468	-0.7740295	0.0	2	0.7468155026435852	4.310617979698165	0.44673012043821864	3.203925	5.01406	21132.330434782587	1	0.7478991596638656	glacial_like
S__TARA_ARC_108_MAG_00021	prev_3	mi_aracne	M2	-0.6245646	-0.5730354	-4.8140464	-0.51596344	0.0	2	0.7468155026435852	4.175350861845496	0.4325453835551446	3.120315	5.01406	291360.1642140469	4	0.6680391817140351	glacial_like
S__TARA_ARC_108_MAG_00032	prev_3	mi_aracne	M1	0.4851246	-0.2393099	1.2324512	-1.906491	0.0	2	0.7468155026435852	4.130998408695652	0.415499316605913	3.209167999999999	4.96297	11286.770833333328	1	0.6434782608695652	glacial_like
S__TARA_ARC_108_MAG_00033	prev_3	mi_aracne	M1	0.62763095	-0.29092377	0.9885194	-1.7240777	0.0	2	0.7468155026435852	4.160103324581863	0.4290231792308452	3.120315	5.01406	73942.1348634336	4	0.6585877641840839	glacial_like
S__TARA_ARC_108_MAG_00037	prev_3	mi_aracne	M1	0.8672629	-0.24993649	3.2126133	-2.1194172	0.0	2	0.7468155026435852	4.310617979698164	0.44673012043821864	3.203925	5.01406	20555.956521739183	1	0.7478991596638654	glacial_like
S__TARA_ARC_108_MAG_00043	prev_3	mi_aracne	M1	0.7093247	-0.3287886	2.9018776	-1.8612044	0.0	2	0.7468155026435852	4.310617979698162	0.4467301204382186	3.203925	5.01406	6372.191304347827	1	0.7478991596638652	glacial_like
S__TARA_ARC_108_MAG_00066	prev_3	mi_aracne	M1	0.931314	-0.23688683	1.7966781	-2.3186293	0.0	2	0.7468155026435852	4.156586033444794	0.4247552550219079	3.203925	5.01406	32687.77173913044	2	0.6583534927800083	glacial_like
S__TARA_ARC_108_MAG_00082	prev_3	mi_aracne	M1	0.6983321	-0.61102533	2.1305275	-1.4356897	0.0	2	0.7468155026435852	4.184411427488093	0.43288370458751596	3.203925	5.01406	23217.298731884093	2	0.674529640173581	glacial_like
S__TARA_ARC_108_MAG_00099	prev_3	mi_aracne	M1	0.6357322	-0.2528602	1.0184168	-1.6937518	0.0	2	0.7468155026435852	4.166631033504652	0.4293777768162168	3.120315	5.01406	126089.53440078048	4	0.663345350781636	glacial_like
S__TARA_ARC_108_MAG_00128	prev_3	mi_aracne	M1	0.18571636	-0.37184393	2.0937507	-0.84568435	0.0	2	0.7468155026435852	4.130998408695652	0.41549931660591294	3.209167999999999	4.96297	12546.979166666706	1	0.643478260869565	glacial_like
S__TARA_ARC_108_MAG_00146	prev_3	mi_aracne	M1	0.8125331	-0.13350976	1.3642318	-2.2857385	0.0	2	0.7468155026435852	4.16496089339504	0.4293668759083993	3.120315	5.01406	97549.32806298774	4	0.6620869376994417	glacial_like
S__TARA_ARC_108_MAG_00181	prev_3	mi_aracne	M1	0.3168247	-0.60940313	1.7829019	-0.23714799	0.0	2	0.7468155026435852	4.207935289428701	0.4393789156054296	3.120315	5.01406	69733.7166666667	3	0.6875444996358767	glacial_like
S__TARA_ARC_108_MAG_00198	prev_3	mi_aracne	M1	0.8185007	-0.28773654	2.3805277	-2.4440713	0.0	2	0.7468155026435852	4.310617979698165	0.4467301204382187	3.203925	5.01406	12905.808695652118	1	0.7478991596638654	glacial_like
S__TARA_ARC_NCLDV_00033	prev_3	mi_aracne	M1	0.2628188	-0.56831205	2.1131797	0.122667074	0.0	2	0.7468155026435852	4.185406040484863	0.4340034622763603	3.120315	5.01406	78278.8976811594	3	0.6746020954572921	glacial_like
S__TARA_ARC_NCLDV_00036	prev_3	mi_aracne	M1	0.19807404	-0.69704545	3.6272056	1.0136913	0.0	2	0.7468155026435852	4.2644912389575085	0.4458813560487904	3.203925	5.01406	52720.89764492752	2	0.7210836200224551	glacial_like
S__TARA_ARC_NCLDV_00116	prev_3	mi_aracne	M1	-1.0092701	-0.08445141	0.20104685	1.6841921	0.0	2	0.7468155026435852	4.129951681765421	0.4176308231056979	3.120315	4.96297	55937.424871794836	3	0.641433018489612	glacial_like
S__TARA_ARC_NCLDV_00117	prev_3	mi_aracne	M1	0.09179854	-0.7318203	3.415061	1.18775	0.0	2	0.7468155026435852	4.187717023274576	0.43372060985478605	3.203925	5.01406	25606.52047101453	2	0.6764513310068717	glacial_like
S__TARA_ARC_NCLDV_00127	prev_3	mi_aracne	M1	-0.42779434	-0.3415262	0.06958808	1.3377587	0.0	2	0.7468155026435852	4.211027308202367	0.4409807106570753	3.120315	5.01406	73761.79955964332	4	0.6887455402907428	glacial_like
S__TARA_ARC_NCLDV_00137	prev_3	mi_aracne	M1	0.15733397	-0.69657445	3.6417754	1.097209	0.0	2	0.7468155026435852	4.177381474337075	0.43101419149641407	3.203925	5.01406	18898.055615941994	2	0.670442813652317	glacial_like
S__TARA_ARC_NCLDV_00176	prev_3	mi_aracne	M1	0.14335492	-0.6529561	3.7635057	1.2743717	0.0	2	0.7468155026435852	4.224685351596522	0.44128874934638135	3.203925	5.01406	49092.04981884059	2	0.6979426754564493	glacial_like
S__TARA_ARC_NCLDV_00188	prev_3	mi_aracne	M2	-1.9390931	-0.72184205	-10.598714	0.566362	0.0	2	0.7468155026435852	4.1597400604548564	0.4285300536950459	3.120315	5.01406	283820.93102842814	4	0.6585934932073375	glacial_like
S__TARA_PSE_93_MAG_00185	prev_3	mi_aracne	M1	0.6318591	-0.53202856	5.811203	-0.2031256	0.0	2	0.7468155026435852	4.310617979698165	0.44673012043821875	3.203925	5.01406	6042.095652173917	1	0.7478991596638656	glacial_like
S__TARA_SOC_28_MAG_00007	prev_3	mi_aracne	M1	0.85876626	-0.27448684	1.6014489	-2.3120027	0.0	2	0.7468155026435852	4.181785306109493	0.43219965173258046	3.203925	5.01406	36659.68822463765	2	0.6730029582359397	glacial_like
S__TARA_SOC_28_MAG_00016	prev_3	mi_aracne	M1	0.8584275	-0.1897965	1.4124329	-2.3317804	0.0	2	0.7468155026435852	4.155849435937579	0.42543514160016466	3.120315	5.01406	97856.63753623188	3	0.6573969768513729	glacial_like
S__TARA_SOC_28_MAG_00024	prev_3	mi_aracne	M1	0.50891495	-0.6647891	1.2824484	-1.4233984	0.0	2	0.7468155026435852	4.146662369427964	0.4213741547529239	3.203925	5.01406	18522.691485507214	2	0.652584422571308	glacial_like
S__TARA_SOC_NCLDV_00026	prev_3	mi_aracne	M2	-1.9780858	-0.8289507	-10.098275	0.62820745	0.0	2	0.7468155026435852	4.182172230817743	0.4343894266349228	3.120315	5.01406	1300941.8009810494	4	0.6720022605160502	glacial_like
