taxon	threshold	method	module_kmeans	embedding_1	embedding_2	pca_1	pca_2	module_entropy_proxy	module_count	silhouette
S__3300001683_28	prev_5	mi_aracne	M2	-0.64237577	0.52988756	-3.2208743	1.6118045	0.0	2	0.727821946144104
S__3300006311_3	prev_5	mi_aracne	M1	0.8587722	-1.1699039	7.2407126	0.8755915	0.0	2	0.727821946144104
S__3300020187_18	prev_5	mi_aracne	M2	-0.5992818	0.900702	-3.475585	2.207666	0.0	2	0.727821946144104
S__3300020263_16	prev_5	mi_aracne	M1	1.0290076	-1.187515	7.237371	0.19983903	0.0	2	0.727821946144104
S__3300020300_16	prev_5	mi_aracne	M1	1.0249004	-1.3300494	6.930212	0.44598874	0.0	2	0.727821946144104
S__3300020303_2	prev_5	mi_aracne	M2	-0.8607135	0.13493729	-3.41392	0.012660287	0.0	2	0.727821946144104
S__3300020317_19	prev_5	mi_aracne	M2	-0.86910135	-0.21084955	-2.7535443	-0.78716016	0.0	2	0.727821946144104
S__3300020330_9	prev_5	mi_aracne	M1	1.256743	-1.2966568	7.250126	0.054796267	0.0	2	0.727821946144104
S__3300020364_17	prev_5	mi_aracne	M2	-1.1325144	0.26694223	-2.3771951	1.4120308	0.0	2	0.727821946144104
S__3300020389_47	prev_5	mi_aracne	M2	-0.79472315	-0.09129971	-2.3226602	-0.4277851	0.0	2	0.727821946144104
S__3300020444_12	prev_5	mi_aracne	M2	-0.76572794	0.05313939	-2.5301175	-0.03216486	0.0	2	0.727821946144104
S__3300024058_12	prev_5	mi_aracne	M1	0.1092602	-0.08599207	3.6489894	2.1789281	0.0	2	0.727821946144104
S__3300024058_15	prev_5	mi_aracne	M2	-0.45465258	-0.24771392	-1.5260406	0.33359537	0.0	2	0.727821946144104
S__3300024058_22	prev_5	mi_aracne	M1	1.0321302	-1.2640667	7.149758	-0.0844977	0.0	2	0.727821946144104
S__3300024060_27	prev_5	mi_aracne	M1	1.2830203	-1.2593682	6.7457695	0.08841735	0.0	2	0.727821946144104
S__3300024353_106	prev_5	mi_aracne	M2	-0.36792457	-0.35072806	-1.6565367	-0.352846	0.0	2	0.727821946144104
S__3300024353_52	prev_5	mi_aracne	M1	-0.3783543	-0.1095199	2.810474	2.5703046	0.0	2	0.727821946144104
S__3300024429_35	prev_5	mi_aracne	M2	-0.532553	1.0648082	-2.9687386	2.4129121	0.0	2	0.727821946144104
S__3300024431_33	prev_5	mi_aracne	M1	0.9819201	-1.1259992	6.676478	0.26901832	0.0	2	0.727821946144104
S__3300024431_52	prev_5	mi_aracne	M2	-0.5552105	0.8041054	-3.741647	1.743085	0.0	2	0.727821946144104
S__3300024516_13	prev_5	mi_aracne	M1	0.9936862	-0.9418208	7.1337547	0.6999244	0.0	2	0.727821946144104
S__3300024516_18	prev_5	mi_aracne	M2	-0.5827982	0.16695684	-2.8645666	0.95999134	0.0	2	0.727821946144104
S__3300024516_26	prev_5	mi_aracne	M2	-0.5418511	0.11542007	-2.7696786	0.826755	0.0	2	0.727821946144104
S__3300024516_38	prev_5	mi_aracne	M1	0.6956326	-1.2419564	6.167109	0.66671115	0.0	2	0.727821946144104
S__3300025232_4	prev_5	mi_aracne	M1	1.3154061	-0.8883306	4.624808	-0.18986082	0.0	2	0.727821946144104
S__3300025243_6	prev_5	mi_aracne	M2	-0.5840248	-0.26227984	-1.5681537	0.086783506	0.0	2	0.727821946144104
S__3300025276_12	prev_5	mi_aracne	M2	-0.6892264	0.6597697	-3.7381494	1.7100142	0.0	2	0.727821946144104
S__3300025690_38	prev_5	mi_aracne	M2	-0.46187216	-0.28913048	-1.4531971	-0.21072266	0.0	2	0.727821946144104
S__3300025894_53	prev_5	mi_aracne	M2	-0.66815615	0.7295051	-3.8098726	1.8031874	0.0	2	0.727821946144104
S__3300026080_15	prev_5	mi_aracne	M2	-0.75576377	0.40681443	-3.6257243	1.1709799	0.0	2	0.727821946144104
S__3300026087_14	prev_5	mi_aracne	M2	-0.6234376	0.17287114	-2.590467	0.8845565	0.0	2	0.727821946144104
S__3300026119_12	prev_5	mi_aracne	M1	1.3214986	-1.1094713	7.6062098	-0.24535201	0.0	2	0.727821946144104
S__3300026253_28	prev_5	mi_aracne	M1	0.90790075	-1.259674	6.642712	0.6295564	0.0	2	0.727821946144104
S__3300026253_8	prev_5	mi_aracne	M2	-0.60621977	0.79039836	-3.4299784	1.9981965	0.0	2	0.727821946144104
S__3300026264_29	prev_5	mi_aracne	M2	-0.6218383	-0.111415386	-2.507917	-0.3075261	0.0	2	0.727821946144104
S__3300026264_34	prev_5	mi_aracne	M1	1.1848389	-1.1713754	7.3401217	0.4767755	0.0	2	0.727821946144104
S__3300027668_18	prev_5	mi_aracne	M2	-0.36669165	-0.24652886	-1.8294933	0.27188873	0.0	2	0.727821946144104
S__3300027685_58	prev_5	mi_aracne	M2	-0.9178649	-0.45118436	-2.5727043	-1.0350983	0.0	2	0.727821946144104
S__3300027687_20	prev_5	mi_aracne	M1	0.9061305	-1.2503433	7.2081804	0.30585214	0.0	2	0.727821946144104
S__3300027752_17	prev_5	mi_aracne	M2	-0.5981535	0.7341112	-3.3468757	1.9877297	0.0	2	0.727821946144104
S__3300027771_26	prev_5	mi_aracne	M2	-0.24624464	-0.5419175	-0.6745781	-0.11774866	0.0	2	0.727821946144104
S__3300027779_22	prev_5	mi_aracne	M2	-0.6371938	0.48146194	-3.1555433	1.5065125	0.0	2	0.727821946144104
S__3300027779_26	prev_5	mi_aracne	M2	-0.80623126	-0.119322896	-2.2354646	-0.041973915	0.0	2	0.727821946144104
S__3300027779_27	prev_5	mi_aracne	M2	-0.7975705	-0.065730006	-2.463853	-0.041193858	0.0	2	0.727821946144104
S__3300027791_27	prev_5	mi_aracne	M2	-0.6598929	0.6084607	-3.374679	1.7160424	0.0	2	0.727821946144104
S__3300027801_7	prev_5	mi_aracne	M2	-0.5952826	0.77494836	-3.2860575	1.7691969	0.0	2	0.727821946144104
S__3300027827_16	prev_5	mi_aracne	M1	1.0441036	-1.2409537	7.148587	-0.22332336	0.0	2	0.727821946144104
S__3300027844_72	prev_5	mi_aracne	M2	-0.8277107	-0.1524598	-2.3029861	-0.124813296	0.0	2	0.727821946144104
S__3300027844_79	prev_5	mi_aracne	M2	-0.57918787	-0.06416494	-2.3884873	0.27785054	0.0	2	0.727821946144104
S__3300027847_80	prev_5	mi_aracne	M1	0.98554516	-1.2794851	7.6501513	0.18074402	0.0	2	0.727821946144104
S__3300027883_17	prev_5	mi_aracne	M2	-0.63901716	0.4639381	-2.8934567	1.17145	0.0	2	0.727821946144104
S__3300027997_10	prev_5	mi_aracne	M1	1.1951425	-1.1946781	7.7284217	0.13745952	0.0	2	0.727821946144104
S__GCA_000213395.2	prev_5	mi_aracne	M2	-0.5807746	-0.1502752	-2.3262582	0.0821308	0.0	2	0.727821946144104
S__GCA_000383355.1	prev_5	mi_aracne	M2	-0.6901933	0.5626062	-3.7913406	1.4528803	0.0	2	0.727821946144104
S__GCA_000402075.1	prev_5	mi_aracne	M2	-0.56407416	-0.026401877	-2.6040304	0.1782725	0.0	2	0.727821946144104
S__GCA_001437625.1	prev_5	mi_aracne	M1	1.026294	-1.422397	6.7386885	-0.20396984	0.0	2	0.727821946144104
S__GCA_001510275.1	prev_5	mi_aracne	M1	0.9247062	-0.5075029	3.760062	0.7965909	0.0	2	0.727821946144104
S__GCA_001542995.1	prev_5	mi_aracne	M1	0.9046141	-1.3685745	7.157488	0.00071685814	0.0	2	0.727821946144104
S__GCA_001543015.1	prev_5	mi_aracne	M1	0.70121664	-0.66921395	5.915087	1.341988	0.0	2	0.727821946144104
S__GCA_001643535.1	prev_5	mi_aracne	M1	1.0365739	-0.3352316	4.2213144	1.6777369	0.0	2	0.727821946144104
S__GCA_002082295.1	prev_5	mi_aracne	M2	-0.67185694	0.72303843	-3.9325526	1.7466736	0.0	2	0.727821946144104
S__GCA_002168195.1	prev_5	mi_aracne	M2	-1.3703039	0.6773044	-4.031434	1.0036014	0.0	2	0.727821946144104
S__GCA_002295725.1	prev_5	mi_aracne	M2	-0.6074091	0.2565262	-2.9655387	1.1156712	0.0	2	0.727821946144104
S__GCA_002313235.1	prev_5	mi_aracne	M2	-0.47949594	-0.036203623	-2.445466	0.38653052	0.0	2	0.727821946144104
S__GCA_002317795.1	prev_5	mi_aracne	M1	0.9550994	-1.2960367	7.6850867	0.00093243696	0.0	2	0.727821946144104
S__GCA_002335045.1	prev_5	mi_aracne	M2	-0.27216452	-0.47519293	-0.80085546	-0.7565742	0.0	2	0.727821946144104
S__GCA_002457605.1	prev_5	mi_aracne	M2	-0.8233111	-0.3619006	-2.4252055	-0.7649888	0.0	2	0.727821946144104
S__GCA_002499015.1	prev_5	mi_aracne	M1	0.966326	-1.2997675	7.01141	0.2113079	0.0	2	0.727821946144104
S__GCA_002499365.1	prev_5	mi_aracne	M2	-1.6070489	0.27497688	-3.6865363	-0.2734432	0.0	2	0.727821946144104
S__GCA_002701645.1	prev_5	mi_aracne	M2	-0.8731572	-0.39233395	-2.0666063	-0.8955824	0.0	2	0.727821946144104
S__GCA_002713705.1	prev_5	mi_aracne	M2	-0.7155271	0.47140366	-3.6442258	0.91256654	0.0	2	0.727821946144104
S__GCA_003229345.1	prev_5	mi_aracne	M2	-0.55443764	-0.04776573	-2.2322903	0.6793721	0.0	2	0.727821946144104
S__GCA_003331785.1	prev_5	mi_aracne	M2	-0.30649912	-0.4146179	-1.6516376	0.12557442	0.0	2	0.727821946144104
S__GCA_003526595.1	prev_5	mi_aracne	M2	-0.43023917	-0.24226344	-1.8808966	0.58345354	0.0	2	0.727821946144104
S__GCA_003545625.1	prev_5	mi_aracne	M1	1.2259359	-1.1137259	6.017338	-0.36110777	0.0	2	0.727821946144104
S__GCA_003672175.1	prev_5	mi_aracne	M1	0.6597465	-0.8855759	2.9891288	0.37646872	0.0	2	0.727821946144104
S__GCA_004195625.1	prev_5	mi_aracne	M1	1.2680233	-1.3752486	7.691139	-0.11964205	0.0	2	0.727821946144104
S__GCA_004356105.1	prev_5	mi_aracne	M2	-0.5871189	0.63990414	-2.7686753	1.9136827	0.0	2	0.727821946144104
S__GCA_004356405.1	prev_5	mi_aracne	M2	-0.7865608	-0.05429274	-2.8133879	0.033889476	0.0	2	0.727821946144104
S__GCA_004356455.1	prev_5	mi_aracne	M2	-0.62567204	0.46456274	-3.087988	1.5489384	0.0	2	0.727821946144104
S__GCA_004356805.1	prev_5	mi_aracne	M2	-0.8865565	-0.22827268	-2.685316	-0.5481134	0.0	2	0.727821946144104
S__GCA_004356825.1	prev_5	mi_aracne	M2	-0.59640926	0.8244809	-3.486276	2.0471108	0.0	2	0.727821946144104
S__GCA_004356895.1	prev_5	mi_aracne	M2	-0.55389833	0.37015918	-3.154913	1.2604434	0.0	2	0.727821946144104
S__GCA_004376075.1	prev_5	mi_aracne	M1	-0.33956027	0.0869444	2.5439837	2.799933	0.0	2	0.727821946144104
S__GCA_008638035.1	prev_5	mi_aracne	M2	-0.7911483	-0.07948804	-2.3221745	0.03232711	0.0	2	0.727821946144104
S__GCA_008974855.1	prev_5	mi_aracne	M1	0.13022035	-0.73579717	4.605559	1.7736155	0.0	2	0.727821946144104
S__GCA_008975185.1	prev_5	mi_aracne	M1	1.0857605	-1.0143865	4.8831806	-0.28655657	0.0	2	0.727821946144104
S__GCA_009392475.1	prev_5	mi_aracne	M2	-0.6231412	0.26019526	-2.9175544	1.1615018	0.0	2	0.727821946144104
S__GCA_009937205.1	prev_5	mi_aracne	M2	-0.5761094	0.4968174	-3.218352	1.5103835	0.0	2	0.727821946144104
S__GCA_011055585.1	prev_5	mi_aracne	M1	0.1429433	-0.038659148	3.2332935	2.2770858	0.0	2	0.727821946144104
S__GCA_012960805.1	prev_5	mi_aracne	M1	1.0873935	-1.2050018	7.2160563	0.16105366	0.0	2	0.727821946144104
S__GCA_012964335.1	prev_5	mi_aracne	M2	-0.62179947	0.5026867	-3.3272214	1.4525245	0.0	2	0.727821946144104
S__GCA_012964845.1	prev_5	mi_aracne	M2	-0.89345145	0.13041127	-3.3744817	0.61819166	0.0	2	0.727821946144104
S__GCA_012974305.1	prev_5	mi_aracne	M1	-0.21386659	0.6789739	2.787625	2.9475412	0.0	2	0.727821946144104
S__GCA_012974425.1	prev_5	mi_aracne	M2	-0.4379089	0.028635532	-2.61028	0.12718017	0.0	2	0.727821946144104
S__GCA_013203245.1	prev_5	mi_aracne	M2	-0.696332	0.5361695	-3.741916	1.1025574	0.0	2	0.727821946144104
S__GCA_013215285.1	prev_5	mi_aracne	M1	0.65962577	-0.951901	6.1061835	1.0678916	0.0	2	0.727821946144104
S__GCA_013390475.1	prev_5	mi_aracne	M1	0.9950251	-1.343604	6.406589	0.66003996	0.0	2	0.727821946144104
S__GCA_013390745.1	prev_5	mi_aracne	M2	-0.897102	-0.14670733	-3.1288576	-0.7716367	0.0	2	0.727821946144104
S__GCA_013911135.1	prev_5	mi_aracne	M1	0.36908188	-0.53086567	4.300913	1.5686524	0.0	2	0.727821946144104
S__GCA_014238785.1	prev_5	mi_aracne	M2	-0.77173656	0.089322805	-2.6926973	0.22884795	0.0	2	0.727821946144104
S__GCA_014384445.1	prev_5	mi_aracne	M2	-0.75201285	0.09717074	-2.6198235	0.0472889	0.0	2	0.727821946144104
S__GCA_014384505.1	prev_5	mi_aracne	M1	0.9192442	-1.2284893	7.3592086	0.15279369	0.0	2	0.727821946144104
S__GCA_015492195.1	prev_5	mi_aracne	M2	-1.1255176	-0.22801241	-2.079019	-0.08096705	0.0	2	0.727821946144104
S__GCA_015659035.1	prev_5	mi_aracne	M1	1.1304901	-1.2759701	6.3971972	-0.11096258	0.0	2	0.727821946144104
S__GCA_015659595.1	prev_5	mi_aracne	M2	-0.623335	0.7699852	-3.5384278	1.953796	0.0	2	0.727821946144104
S__GCA_016276965.1	prev_5	mi_aracne	M1	0.92544794	-1.5065627	7.0086455	0.47012377	0.0	2	0.727821946144104
S__GCA_016777225.1	prev_5	mi_aracne	M1	1.0165211	-1.2951021	6.457546	0.069283955	0.0	2	0.727821946144104
S__GCA_016777365.1	prev_5	mi_aracne	M2	-0.86100835	-0.11326033	-2.9118683	-0.6335721	0.0	2	0.727821946144104
S__GCA_016838795.1	prev_5	mi_aracne	M1	1.0349177	-1.2049809	7.186797	0.5953965	0.0	2	0.727821946144104
S__GCA_016838825.1	prev_5	mi_aracne	M1	0.8935998	-1.2767978	6.9319153	0.07586523	0.0	2	0.727821946144104
S__GCA_016838845.1	prev_5	mi_aracne	M1	0.18845776	-0.17982987	3.9775248	2.0686455	0.0	2	0.727821946144104
S__GCA_017368835.1	prev_5	mi_aracne	M1	0.93410397	-0.51597077	5.610957	1.284193	0.0	2	0.727821946144104
S__GCA_017854145.1	prev_5	mi_aracne	M1	1.1693455	-1.2558267	7.4682765	0.164358	0.0	2	0.727821946144104
S__GCA_018656365.1	prev_5	mi_aracne	M2	-0.8611479	-0.12545642	-2.9372268	-0.7127543	0.0	2	0.727821946144104
S__GCA_018673385.1	prev_5	mi_aracne	M2	-0.8557383	0.114176214	-3.479545	-0.014163133	0.0	2	0.727821946144104
S__GCA_018830725.1	prev_5	mi_aracne	M2	-0.89214504	0.02346909	-3.1991007	-0.31301233	0.0	2	0.727821946144104
S__GCA_019057915.1	prev_5	mi_aracne	M2	-0.8572093	-0.4326991	-2.4470315	-0.9111855	0.0	2	0.727821946144104
S__GCA_902512375.1	prev_5	mi_aracne	M2	-0.6055675	0.05233243	-2.7532346	0.4369347	0.0	2	0.727821946144104
S__GCA_902514095.1	prev_5	mi_aracne	M2	-0.32422632	-0.40191555	-1.7512217	-0.15290835	0.0	2	0.727821946144104
S__GCA_902608305.1	prev_5	mi_aracne	M2	-0.7955565	-0.112638384	-2.3143747	-0.52747834	0.0	2	0.727821946144104
S__GCA_905181585.1	prev_5	mi_aracne	M2	-0.8120977	0.12577286	-3.290692	0.42413744	0.0	2	0.727821946144104
S__GCA_905181595.1	prev_5	mi_aracne	M1	1.0699991	-1.2819356	7.0408936	-0.35016388	0.0	2	0.727821946144104
S__GCA_905181625.1	prev_5	mi_aracne	M2	-0.7075902	0.2792771	-2.9561644	0.6606389	0.0	2	0.727821946144104
S__GCA_905181655.1	prev_5	mi_aracne	M2	-0.85726225	-0.013121784	-3.058581	-0.40995982	0.0	2	0.727821946144104
S__GCA_905181685.1	prev_5	mi_aracne	M2	-0.80276835	-0.37100056	-2.3234868	-0.8114466	0.0	2	0.727821946144104
S__GCA_905181765.1	prev_5	mi_aracne	M2	-0.6248262	0.8369481	-3.7710402	2.0352247	0.0	2	0.727821946144104
S__GCA_905181955.1	prev_5	mi_aracne	M2	-0.97339904	-0.38286164	-2.5396726	-0.81139666	0.0	2	0.727821946144104
S__GCA_905182065.1	prev_5	mi_aracne	M2	-0.8617546	-0.04582116	-3.179526	-0.46339694	0.0	2	0.727821946144104
S__GCA_905182125.1	prev_5	mi_aracne	M2	-0.7435439	0.11061388	-2.7015624	0.18088749	0.0	2	0.727821946144104
S__GCA_905182235.1	prev_5	mi_aracne	M1	0.845508	-1.2706584	4.637113	-0.3997805	0.0	2	0.727821946144104
S__GCA_905182305.1	prev_5	mi_aracne	M2	-0.7289309	0.19854356	-2.7610476	0.39934027	0.0	2	0.727821946144104
S__GCA_905182385.1	prev_5	mi_aracne	M2	-0.8011939	-0.055598885	-2.5381591	-0.50551397	0.0	2	0.727821946144104
S__GCA_905182435.1	prev_5	mi_aracne	M2	-0.8099021	0.08458623	-2.9608085	0.31265172	0.0	2	0.727821946144104
S__GCA_905182465.1	prev_5	mi_aracne	M1	1.0344136	-1.264305	6.513726	-0.48448813	0.0	2	0.727821946144104
S__GCA_905182475.1	prev_5	mi_aracne	M2	-0.59567815	0.8915274	-3.6040578	1.9943258	0.0	2	0.727821946144104
S__GCA_905182715.1	prev_5	mi_aracne	M2	-0.77702314	0.7855675	-3.98191	1.589658	0.0	2	0.727821946144104
S__GCA_905182765.1	prev_5	mi_aracne	M2	-0.76506484	0.3016587	-3.4944499	0.5159825	0.0	2	0.727821946144104
S__GCA_905182775.1	prev_5	mi_aracne	M1	1.1349344	-1.2027447	7.6460924	-0.331745	0.0	2	0.727821946144104
S__GCA_905182795.1	prev_5	mi_aracne	M1	0.862041	-1.0445639	4.966977	-0.46704313	0.0	2	0.727821946144104
S__GCA_905182815.1	prev_5	mi_aracne	M1	1.0109923	-1.2826748	6.973978	0.22414482	0.0	2	0.727821946144104
S__GCA_905182865.1	prev_5	mi_aracne	M2	0.06558691	-0.06275749	0.119909026	1.4746901	0.0	2	0.727821946144104
S__GCA_905182885.1	prev_5	mi_aracne	M2	-0.58112943	-0.093358666	-2.0378315	0.8706842	0.0	2	0.727821946144104
S__GCA_905478185.1	prev_5	mi_aracne	M1	0.99591225	-1.1967927	7.155672	0.017968815	0.0	2	0.727821946144104
S__GCA_905478445.1	prev_5	mi_aracne	M2	-0.77580214	0.23839481	-3.359478	0.6948043	0.0	2	0.727821946144104
S__GCA_905478615.1	prev_5	mi_aracne	M2	-0.5086922	0.62603194	-3.1567707	1.6960078	0.0	2	0.727821946144104
S__GCA_905479195.1	prev_5	mi_aracne	M2	-0.80077094	-0.060426027	-2.5286875	-0.51695067	0.0	2	0.727821946144104
S__GCA_905480095.1	prev_5	mi_aracne	M1	0.8066834	-0.8098954	3.7067668	0.11646163	0.0	2	0.727821946144104
S__GCA_905480315.1	prev_5	mi_aracne	M2	-0.86506146	-0.15105242	-2.6970096	-0.30971062	0.0	2	0.727821946144104
S__GCA_905612275.1	prev_5	mi_aracne	M1	1.129653	-1.1581061	8.175264	-0.10566122	0.0	2	0.727821946144104
S__GCA_905612295.1	prev_5	mi_aracne	M1	1.1131378	-1.275826	6.7094836	0.19837947	0.0	2	0.727821946144104
S__GCA_905612305.1	prev_5	mi_aracne	M2	-0.679525	0.23164268	-2.9253123	1.0859469	0.0	2	0.727821946144104
S__GCA_905612365.1	prev_5	mi_aracne	M2	-0.3232234	-0.5388912	-1.2932749	-0.22412458	0.0	2	0.727821946144104
S__GCA_905612455.1	prev_5	mi_aracne	M1	1.1968596	-1.5129836	7.7466636	-0.23282562	0.0	2	0.727821946144104
S__GCA_905616395.1	prev_5	mi_aracne	M2	-0.8050458	0.20989886	-3.6419067	0.14393975	0.0	2	0.727821946144104
S__GCA_905618905.1	prev_5	mi_aracne	M2	-0.84735	-0.23694494	-2.5373976	-0.5811802	0.0	2	0.727821946144104
S__GCA_905618915.1	prev_5	mi_aracne	M1	0.48540497	-1.0558684	2.392025	-0.13294828	0.0	2	0.727821946144104
S__GCA_905620445.1	prev_5	mi_aracne	M2	-0.8320431	0.013728827	-3.0439606	-0.30677998	0.0	2	0.727821946144104
S__GCF_001682155.1	prev_5	mi_aracne	M2	-1.227801	-0.0650402	-2.307646	0.0151816225	0.0	2	0.727821946144104
S__GCF_002836055.1	prev_5	mi_aracne	M2	-1.1752014	0.67900383	-3.6495955	1.5788628	0.0	2	0.727821946144104
S__GCF_002836475.1	prev_5	mi_aracne	M2	-0.62738866	0.73556733	-3.9130752	1.5367402	0.0	2	0.727821946144104
S__GCF_003326015.1	prev_5	mi_aracne	M2	-0.793822	0.21492031	-3.5357606	0.21792918	0.0	2	0.727821946144104
S__GCF_012276695.1	prev_5	mi_aracne	M1	0.9297919	-1.1079234	6.86562	0.6012133	0.0	2	0.727821946144104
S__GCF_013407165.1	prev_5	mi_aracne	M1	1.0601386	-1.1133244	7.01836	-0.10856424	0.0	2	0.727821946144104
S__GCF_014279835.1	prev_5	mi_aracne	M1	0.9481516	-1.0978922	5.979053	-0.34111306	0.0	2	0.727821946144104
S__IMGVR_UViG_3300006310_000001	prev_5	mi_aracne	M2	-0.8441121	-0.5333277	-2.296845	-1.0841948	0.0	2	0.727821946144104
S__IMGVR_UViG_3300006467_000165	prev_5	mi_aracne	M2	-0.2778569	-0.7360108	-0.13566962	-1.30836	0.0	2	0.727821946144104
S__IMGVR_UViG_3300009136_000003	prev_5	mi_aracne	M2	-0.8008849	-0.53544194	-2.0026314	-1.1058044	0.0	2	0.727821946144104
S__IMGVR_UViG_3300009436_000049	prev_5	mi_aracne	M2	-0.29061407	-0.7505415	-0.13798858	-1.30705	0.0	2	0.727821946144104
S__IMGVR_UViG_3300009440_000004	prev_5	mi_aracne	M2	-0.60321915	-0.44608635	-1.4897901	-1.2720226	0.0	2	0.727821946144104
S__IMGVR_UViG_3300009443_000008	prev_5	mi_aracne	M1	1.2183437	-1.1445205	4.8269873	-0.73541534	0.0	2	0.727821946144104
S__IMGVR_UViG_3300020166_000001	prev_5	mi_aracne	M2	-0.8814835	-0.35840803	-2.8195503	-1.0798836	0.0	2	0.727821946144104
S__IMGVR_UViG_3300020166_000015	prev_5	mi_aracne	M1	0.8934239	-1.3578224	7.122562	-0.47134274	0.0	2	0.727821946144104
S__IMGVR_UViG_3300020182_000036	prev_5	mi_aracne	M1	0.73760265	-0.9762591	3.0976343	-1.0882843	0.0	2	0.727821946144104
S__IMGVR_UViG_3300020185_000065	prev_5	mi_aracne	M2	-0.8489231	-0.48780662	-2.371011	-1.1725471	0.0	2	0.727821946144104
S__IMGVR_UViG_3300020385_000015	prev_5	mi_aracne	M2	-0.84112984	-0.36332244	-2.5446332	-1.0667847	0.0	2	0.727821946144104
S__IMGVR_UViG_3300020399_000132	prev_5	mi_aracne	M2	-0.63278854	-0.32028434	-1.8931127	-1.0905975	0.0	2	0.727821946144104
S__IMGVR_UViG_3300020595_000038	prev_5	mi_aracne	M2	-0.9006828	-0.35781312	-2.7443304	-1.0720501	0.0	2	0.727821946144104
S__IMGVR_UViG_3300021087_000038	prev_5	mi_aracne	M2	-0.5287373	-0.44970044	-0.8974317	-1.2243004	0.0	2	0.727821946144104
S__IMGVR_UViG_3300023238_000017	prev_5	mi_aracne	M2	-0.8231991	-0.5022497	-2.208092	-1.1534985	0.0	2	0.727821946144104
S__IMGVR_UViG_3300023239_000003	prev_5	mi_aracne	M1	1.0105538	-1.3107295	5.8764086	-0.7593783	0.0	2	0.727821946144104
S__IMGVR_UViG_3300023239_000010	prev_5	mi_aracne	M2	-0.79777324	-0.403692	-2.2538142	-1.0374094	0.0	2	0.727821946144104
S__IMGVR_UViG_3300023293_000013	prev_5	mi_aracne	M2	-0.8173756	-0.3821002	-2.5419638	-1.080381	0.0	2	0.727821946144104
S__IMGVR_UViG_3300024520_000070	prev_5	mi_aracne	M2	-0.5551045	-0.59535563	-1.1533153	-1.171321	0.0	2	0.727821946144104
S__IMGVR_UViG_3300025071_000006	prev_5	mi_aracne	M2	-0.27181214	-0.7643683	-0.004205945	-1.2368666	0.0	2	0.727821946144104
S__IMGVR_UViG_3300025079_000001	prev_5	mi_aracne	M1	0.85037106	-1.4823517	4.8451557	-0.9147051	0.0	2	0.727821946144104
S__IMGVR_UViG_3300025079_000004	prev_5	mi_aracne	M2	-0.7996524	-0.38461557	-2.3590574	-1.0567249	0.0	2	0.727821946144104
S__IMGVR_UViG_3300025096_000017	prev_5	mi_aracne	M2	-0.9052631	-0.38100412	-2.4979558	-1.0391372	0.0	2	0.727821946144104
S__IMGVR_UViG_3300025120_000373	prev_5	mi_aracne	M2	-0.8864649	-0.34484026	-2.5867767	-1.0748533	0.0	2	0.727821946144104
S__IMGVR_UViG_3300025141_000590	prev_5	mi_aracne	M2	-0.21587607	-0.86159664	0.8268456	-1.010591	0.0	2	0.727821946144104
S__IMGVR_UViG_3300025264_000009	prev_5	mi_aracne	M2	-0.90984386	-0.37921363	-2.6170106	-1.069839	0.0	2	0.727821946144104
S__IMGVR_UViG_3300025296_001443	prev_5	mi_aracne	M2	-0.8387395	-0.510996	-2.365779	-1.1709119	0.0	2	0.727821946144104
S__IMGVR_UViG_3300025632_000006	prev_5	mi_aracne	M2	-0.8363312	-0.51585424	-2.3377573	-1.1631935	0.0	2	0.727821946144104
S__IMGVR_UViG_3300025637_000035	prev_5	mi_aracne	M2	-0.89606977	-0.4936035	-2.489497	-1.146692	0.0	2	0.727821946144104
S__IMGVR_UViG_3300025652_000055	prev_5	mi_aracne	M2	-0.819924	-0.5216627	-2.1040168	-1.1266854	0.0	2	0.727821946144104
S__IMGVR_UViG_3300025653_000044	prev_5	mi_aracne	M2	-0.6239877	-0.46715352	-1.3716547	-1.2225429	0.0	2	0.727821946144104
S__IMGVR_UViG_3300025666_000032	prev_5	mi_aracne	M2	-0.79560316	-0.4763591	-2.244314	-0.9680109	0.0	2	0.727821946144104
S__IMGVR_UViG_3300025696_000003	prev_5	mi_aracne	M2	-0.8854263	-0.38670686	-2.7123175	-1.0509028	0.0	2	0.727821946144104
S__IMGVR_UViG_3300025707_000009	prev_5	mi_aracne	M2	-0.83667874	-0.36569706	-2.658951	-1.095955	0.0	2	0.727821946144104
S__IMGVR_UViG_3300025832_000009	prev_5	mi_aracne	M2	-0.82460874	-0.36154476	-2.5676014	-1.0656828	0.0	2	0.727821946144104
S__IMGVR_UViG_3300025853_000376	prev_5	mi_aracne	M2	-0.29148105	-0.5598204	-0.7994951	-1.2113128	0.0	2	0.727821946144104
S__IMGVR_UViG_3300025860_000061	prev_5	mi_aracne	M2	-0.86321485	-0.34446734	-2.8526285	-1.0915561	0.0	2	0.727821946144104
S__IMGVR_UViG_3300025869_000017	prev_5	mi_aracne	M1	0.9100437	-1.4014188	7.0112877	-0.38376662	0.0	2	0.727821946144104
S__IMGVR_UViG_3300025874_000005	prev_5	mi_aracne	M2	-0.88922036	-0.34343755	-2.8287132	-1.0816853	0.0	2	0.727821946144104
S__IMGVR_UViG_3300027668_002455	prev_5	mi_aracne	M2	-0.79372007	-0.41926125	-1.896876	-0.91550213	0.0	2	0.727821946144104
S__IMGVR_UViG_3300027687_000007	prev_5	mi_aracne	M1	0.96236116	-1.2905861	7.037876	-0.39887235	0.0	2	0.727821946144104
S__IMGVR_UViG_3300027780_000015	prev_5	mi_aracne	M1	1.0993419	-1.2838706	7.549318	-0.35024777	0.0	2	0.727821946144104
S__IMGVR_UViG_3300027788_000027	prev_5	mi_aracne	M2	-0.87652516	-0.35660565	-2.807501	-1.1018273	0.0	2	0.727821946144104
S__IMGVR_UViG_3300027791_000032	prev_5	mi_aracne	M2	-0.5728308	-0.4588945	-0.9834468	-1.2117949	0.0	2	0.727821946144104
S__IMGVR_UViG_3300027813_000042	prev_5	mi_aracne	M1	1.0028238	-1.3914976	7.38438	-0.54414713	0.0	2	0.727821946144104
S__IMGVR_UViG_3300027833_000016	prev_5	mi_aracne	M2	-0.6349846	-0.42489395	-1.5549749	-1.0828023	0.0	2	0.727821946144104
S__IMGVR_UViG_3300027833_000046	prev_5	mi_aracne	M1	0.8766948	-1.2283885	4.842916	-0.78590035	0.0	2	0.727821946144104
S__IMGVR_UViG_3300027861_000023	prev_5	mi_aracne	M2	-0.8418554	-0.39644957	-2.6980717	-1.0741738	0.0	2	0.727821946144104
S__IMGVR_UViG_3300028198_000003	prev_5	mi_aracne	M2	-0.8956715	-0.56955713	-2.1536484	-1.0955111	0.0	2	0.727821946144104
S__IMGVR_UViG_3300028535_000001	prev_5	mi_aracne	M2	-0.633448	-0.4289023	-1.6238327	-1.1239225	0.0	2	0.727821946144104
S__IMGVR_UViG_3300030059_000588	prev_5	mi_aracne	M2	-0.8490199	-0.35707596	-2.7975228	-1.107047	0.0	2	0.727821946144104
S__IMGVR_UViG_3300030388_000283	prev_5	mi_aracne	M2	-0.84271985	-0.5966139	-1.971084	-1.0737681	0.0	2	0.727821946144104
S__IMGVR_UViG_3300030390_002408	prev_5	mi_aracne	M2	-0.23092273	-0.7434356	0.039160863	-1.2816027	0.0	2	0.727821946144104
S__IMGVR_UViG_3300031519_000018	prev_5	mi_aracne	M1	0.79247755	-1.3364693	4.899544	-0.84813845	0.0	2	0.727821946144104
S__IMGVR_UViG_3300031519_000028	prev_5	mi_aracne	M2	-0.8164143	-0.38370687	-2.5361252	-1.0835918	0.0	2	0.727821946144104
S__IMGVR_UViG_3300031687_001020	prev_5	mi_aracne	M2	-0.86319774	-0.33796683	-2.8253214	-1.013875	0.0	2	0.727821946144104
S__IMGVR_UViG_3300031688_001339	prev_5	mi_aracne	M2	-0.92369115	-0.32114226	-2.9278638	-1.04414	0.0	2	0.727821946144104
S__IMGVR_UViG_3300031703_000007	prev_5	mi_aracne	M2	-0.86138535	-0.49626458	-2.4018097	-1.1240678	0.0	2	0.727821946144104
S__IMGVR_UViG_3300031801_001562	prev_5	mi_aracne	M2	-0.81417817	-0.51927245	-2.026287	-1.0985203	0.0	2	0.727821946144104
S__IMGVR_UViG_3300034380_000005	prev_5	mi_aracne	M2	-1.490825	0.14205644	-3.3443334	-0.64111096	0.0	2	0.727821946144104
S__IMGVR_UViG_3300035195_000275	prev_5	mi_aracne	M1	0.9656118	-1.4012916	7.518567	-0.3204377	0.0	2	0.727821946144104
S__IMGVR_UViG_3300037191_001144	prev_5	mi_aracne	M2	-0.8800892	-0.34770513	-2.7048817	-1.0851369	0.0	2	0.727821946144104
S__IMGVR_UViG_3300037585_000783	prev_5	mi_aracne	M2	-0.85043883	-0.38598368	-2.7432144	-1.0926337	0.0	2	0.727821946144104
S__IMGVR_UViG_3300038315_000065	prev_5	mi_aracne	M1	0.4206045	-1.0050426	2.8331711	-1.050737	0.0	2	0.727821946144104
S__IMGVR_UViG_3300046103_001257	prev_5	mi_aracne	M2	-0.8314012	-0.47940516	-1.6863121	-1.0678049	0.0	2	0.727821946144104
S__IMGVR_UViG_3300046167_000870	prev_5	mi_aracne	M2	-0.28791517	-0.7505349	-0.20975134	-1.3037362	0.0	2	0.727821946144104
S__IMGVR_UViG_3300046168_000044	prev_5	mi_aracne	M2	-0.3487249	-0.71979105	-0.094882004	-1.258754	0.0	2	0.727821946144104
S__IMGVR_UViG_3300046532_001046	prev_5	mi_aracne	M2	-0.85114205	-0.54662967	-2.1761594	-1.1214961	0.0	2	0.727821946144104
S__IMGVR_UViG_3300047157_000078	prev_5	mi_aracne	M1	0.7000835	-1.0070349	3.180214	-0.97082907	0.0	2	0.727821946144104
S__IMGVR_UViG_3300047157_000086	prev_5	mi_aracne	M2	-0.7939376	-0.46115816	-2.3908014	-1.0101309	0.0	2	0.727821946144104
S__IMGVR_UViG_3300047369_000202	prev_5	mi_aracne	M2	-0.78789663	-0.4739689	-2.2961185	-1.0054051	0.0	2	0.727821946144104
S__IMGVR_UViG_3300049783_000307	prev_5	mi_aracne	M2	-0.33330876	-0.7337327	-0.123342305	-0.90649927	0.0	2	0.727821946144104
S__IMGVR_UViG_650627017_000001	prev_5	mi_aracne	M2	-0.8745894	-0.48072425	-2.5101726	-1.1384666	0.0	2	0.727821946144104
S__IMGVR_UViG_GVMAG-M-3300025652-16_000001	prev_5	mi_aracne	M2	-0.23970565	-0.7277676	-0.16479544	-1.0716618	0.0	2	0.727821946144104
S__IMGVR_UViG_GVMAG-S-1102104-120_000001	prev_5	mi_aracne	M2	-0.87350166	-0.47118974	-2.5363855	-1.111893	0.0	2	0.727821946144104
S__IMGVR_UViG_GVMAG-S-1102107-84_000001	prev_5	mi_aracne	M2	-0.84398997	-0.24074247	-2.579564	-0.83816135	0.0	2	0.727821946144104
S__IMGVR_UViG_GVMAG-S-1102114-126_000001	prev_5	mi_aracne	M2	-0.61943614	-0.42941144	-1.4398305	-1.1767352	0.0	2	0.727821946144104
S__IMGVR_UViG_GVMAG-S-ERX556030-34_000001	prev_5	mi_aracne	M2	-0.8748669	-0.31934103	-2.8398364	-1.0348262	0.0	2	0.727821946144104
S__IMGVR_UViG_GVMAG-S-ERX556043-36_000001	prev_5	mi_aracne	M2	-0.7021075	-0.34408683	-2.005349	-0.7957034	0.0	2	0.727821946144104
S__Moniruzzaman_LP01_SRX672316_10_dc	prev_5	mi_aracne	M2	-0.8805066	-0.37429097	-2.578831	-1.0640486	0.0	2	0.727821946144104
S__Phycodnaviridae_HM004430_Bathycoccus_sp_RCC1105_virus_BpV2	prev_5	mi_aracne	M1	0.74094504	-1.3569225	5.150968	-0.6448639	0.0	2	0.727821946144104
S__Phycodnaviridae_KF481686_Emiliania_huxleyi_virus_145	prev_5	mi_aracne	M2	-0.8116994	-0.4398895	-2.4459565	-0.96197397	0.0	2	0.727821946144104
S__Schulz_GVMAG_M_3300001718_3	prev_5	mi_aracne	M2	-0.38311476	-0.24709624	-0.85700005	-0.55121934	0.0	2	0.727821946144104
S__Schulz_GVMAG_M_3300025652_16	prev_5	mi_aracne	M1	1.1939367	-1.2878484	7.9331083	-0.5334165	0.0	2	0.727821946144104
S__Schulz_GVMAG_S_1024967_63	prev_5	mi_aracne	M2	-0.88057667	-0.34681997	-2.7981794	-1.041925	0.0	2	0.727821946144104
S__Schulz_GVMAG_S_1102104_120	prev_5	mi_aracne	M2	-0.8878464	-0.3276096	-2.796131	-0.9820583	0.0	2	0.727821946144104
S__Schulz_GVMAG_S_1102114_126	prev_5	mi_aracne	M2	-0.34305727	-0.46423182	-1.1297452	-1.1192689	0.0	2	0.727821946144104
S__TARA_AOS_82_MAG_00110	prev_5	mi_aracne	M2	-1.6077408	0.24501535	-3.6486578	-0.37950823	0.0	2	0.727821946144104
S__TARA_ARC_108_MAG_00021	prev_5	mi_aracne	M2	0.46338588	-0.6549401	1.4017813	0.332499	0.0	2	0.727821946144104
S__TARA_ARC_108_MAG_00033	prev_5	mi_aracne	M2	-0.6013365	0.2864859	-2.9144785	1.0972347	0.0	2	0.727821946144104
S__TARA_ARC_108_MAG_00037	prev_5	mi_aracne	M2	-1.4136326	0.6512875	-4.064167	0.92027485	0.0	2	0.727821946144104
S__TARA_ARC_108_MAG_00066	prev_5	mi_aracne	M2	-0.5994903	0.8065951	-3.8087459	1.7789475	0.0	2	0.727821946144104
S__TARA_ARC_108_MAG_00082	prev_5	mi_aracne	M2	-0.7576232	0.2940086	-3.4422464	0.43524215	0.0	2	0.727821946144104
S__TARA_ARC_108_MAG_00099	prev_5	mi_aracne	M2	-0.66513	0.24777618	-2.970324	1.09779	0.0	2	0.727821946144104
S__TARA_ARC_108_MAG_00146	prev_5	mi_aracne	M2	-0.6629759	0.7740071	-3.5574806	2.0243502	0.0	2	0.727821946144104
S__TARA_ARC_108_MAG_00181	prev_5	mi_aracne	M2	-0.91087765	-0.1864419	-2.8723502	-0.48069564	0.0	2	0.727821946144104
S__TARA_ARC_108_MAG_00198	prev_5	mi_aracne	M2	-0.9960268	0.8762946	-3.6816418	1.6955341	0.0	2	0.727821946144104
S__TARA_ARC_NCLDV_00033	prev_5	mi_aracne	M2	-1.0228318	-0.35173452	-2.7830355	-0.69699264	0.0	2	0.727821946144104
S__TARA_ARC_NCLDV_00036	prev_5	mi_aracne	M2	-0.8214007	-0.44496593	-2.6464918	-0.9535369	0.0	2	0.727821946144104
S__TARA_ARC_NCLDV_00116	prev_5	mi_aracne	M2	-0.44243667	-0.1966928	-1.2769952	-0.55757195	0.0	2	0.727821946144104
S__TARA_ARC_NCLDV_00117	prev_5	mi_aracne	M2	-0.92999476	-0.32799625	-2.809395	-0.98617697	0.0	2	0.727821946144104
S__TARA_ARC_NCLDV_00127	prev_5	mi_aracne	M2	-0.3001557	-0.73755	-0.11685602	-1.2623796	0.0	2	0.727821946144104
S__TARA_ARC_NCLDV_00137	prev_5	mi_aracne	M2	-0.87724125	-0.30829692	-2.8743181	-1.0464122	0.0	2	0.727821946144104
S__TARA_ARC_NCLDV_00176	prev_5	mi_aracne	M2	-0.8626008	-0.35118413	-2.861893	-1.0899115	0.0	2	0.727821946144104
S__TARA_ARC_NCLDV_00188	prev_5	mi_aracne	M1	1.0073676	-1.4142479	7.06053	-0.55162877	0.0	2	0.727821946144104
S__TARA_SOC_28_MAG_00007	prev_5	mi_aracne	M2	-0.61510587	0.8240814	-3.6018534	1.8259213	0.0	2	0.727821946144104
S__TARA_SOC_28_MAG_00016	prev_5	mi_aracne	M2	-0.65661526	0.79121554	-3.736878	1.9508561	0.0	2	0.727821946144104
S__TARA_SOC_28_MAG_00024	prev_5	mi_aracne	M2	-0.72312266	0.29345876	-3.0609	0.7175777	0.0	2	0.727821946144104
S__TARA_SOC_NCLDV_00026	prev_5	mi_aracne	M1	0.77836204	-1.3165963	7.081856	-0.11843738	0.0	2	0.727821946144104
