label	core	flowcell	depth_in_core_cm	y_bp	library_concentration	temp	temp_method	mis	initial	avg_leng_initial	derep	avg_len_derep	sst	age_kyr	total_tax_abund_tad	detected_taxa_tad	total_n_reads	total_n_reads_tad	total_tax_abund_read	total_tax_abund_aln	threshold	sample	log_total_tax_abund_tad	log_total_n_reads	log_total_n_reads_tad
LV7008886714	GeoB25202_R1		4.5	692	129.27	8.77194686709375	uk37_alkenone	3.23	360661611	64.2	217864971	64.8	8.77194686709375	0.692	1271414	42	2901461	2158512	1530230	1585377	10	LV7008886714	6.1042873308783	6.46261688705	6.3341546686102
LV7008886726	GeoB25202_R2		4.5	692	204.6	8.77194686709375	uk37_alkenone	3.23	210895995	63.5	141214842	64.2	8.77194686709375	0.692	806002	39	1928561	1420507	997567	1030146	10	LV7008886726	5.90633665828278	6.28523360525809	6.15244368392032
LV3003046953	ST8		10	1521.5	82.74			3.203925	268907517	82.4	244179416	82.6	7.82527505425364	1.5215	683506	77	1693973	1232832	868440	885853	10	LV3003046953	5.83474296666654	6.22890674026672	6.09090425089376
LV7008886690	GeoB25202_R1		20.5	2324	49.49	6.90941715213889	uk37_alkenone	3.21564	490228857	43.4	46279822	44.7	6.90941715213889	2.324	136720	14	423735	234081	230876	242581	10	LV7008886690	5.13583522622595	5.62709536260185	5.36936801941543
LV7008886702	GeoB25202_R2		20.5	2324	70.74	6.90941715213889	uk37_alkenone	3.21564	331982111	48.7	72925388	49.9	6.90941715213889	2.324	249532	28	680224	378041	411349	427415	10	LV7008886702	5.39712798791611	5.83265258931756	5.57754005209903
LV3003046939	ST8		15	2420	137.77			3.2262	174832149	79.3	145219212	79.8	6.89400787736814	2.42	528836	69	1080584	749413	701834	718927	10	LV3003046939	5.72332183288774	6.03365893464271	5.87472180200298
LV3003047045	ST8		20	3586.5	111.57			3.295865	151675055	80.4	128523596	81.5	6.70676913757569	3.5865	314193	63	642658	414760	448632	462597	10	LV3003047045	5.49719788728648	5.80798059391734	5.61779791290243
LV3003047028	ST8		25	4753	124.79			3.26988	3059207	78.3	2878411	79.3	6.51953039778323	4.753	1575	1	11220	2256	6581	6728	10	LV3003047028	3.19755621315354	4.0500315623684	3.35353155907776
LV7001898100	ST13		5	5659	187.66			3.30613	172884713	66.3	153315655	67.1	6.37410536713431	5.659	1335278	62	2711818	2147070	1540744	1587540	10	LV7001898100	6.12557201888473	6.43326069923467	6.33184640605636
LV3003047013	ST8		30	5885	131.96	6.21497035449252	mgca_jonkers_2013	3.32195	106947849	79.8	86684502	81.7	6.33782936611152	5.885	191691	36	388085	220026	306338	312682	10	LV3003047013	5.28260398857784	5.58892797607572	5.34247597732913
LV7001898088	ST13		10	6031	202.91			3.33124	117014401	60.1	89334062	61.3	6.31439442739767	6.031	1071475	88	2021336	1501541	1329016	1368771	10	LV7001898088	6.02998244772101	6.30563872570694	6.1765374844625
LV7001898076	ST13		15	6429	184.76			3.34716	115346098	55.3	78619492	56	6.25051014241062	6.429	736908	108	1404593	971175	1013861	1038342	10	LV7001898076	5.86741386067053	6.14755080890979	5.98729794144499
LV7001898064	ST13		20	6808	117.6			3.36232	104626976	54	53467555	54.8	6.18967560972194	6.808	180903	40	526014	281419	316824	328372	10	LV7001898064	5.25744816972727	5.72099812880078	5.4493549587028
LV3003046995	ST8		35	6970.5	117	5.81821372224369	mgca_jonkers_2013	3.36882	178414482	82.8	152189789	85.2	6.16359220190688	6.9705	339851	51	349746	197557	535557	546765	10	LV3003046995	5.53128983005174	5.54375399796291	5.29569462088412
LV7008886751	GeoB25202_R1		38.5	7133.5	84.76	6.13742853745238	uk37_alkenone	3.376675	167350731	43.1	40174994	44.4	6.13742853745238	7.1335	99206	14	327700	142749	203241	212124	10	LV7008886751	4.99654231685295	5.51547776666104	5.15457611691789
LV7008886763	GeoB25202_R2		38.5	7133.5	37.96	6.13742853745238	uk37_alkenone	3.376675	153803085	44.3	35210092	46.4	6.13742853745238	7.1335	59198	10	198976	89240	117463	123364	10	LV7008886763	4.77231437060552	5.29880287866916	4.95056442817443
LV3003061546	ST13		25	7197	267.14			3.37985	57808931	62.4	41212328	62.7	6.14534613060279	7.197	202234	27	429823	258502	302657	310310	10	LV3003061546	5.30585631936311	5.6332906614499	5.41246558756878
LV3003061533	ST13		30	7912	290.8			3.4156	103171906	59.1	63404336	59.5	6.23449698261132	7.912	184474	31	446525	248339	295532	304047	10	LV3003061533	5.26593751901699	5.64984675175263	5.3950466767844
LV3003046980	ST8		40	8056	95.39	5.42145708999487	mgca_jonkers_2013	3.41776	84644758	80.9	70313255	82.7	6.25245183951933	8.056	153149	44	340447	192769	239821	245307	10	LV3003046980	5.18511700114259	5.53205078721016	5.28503944736652
LV3003061518	ST13		35	9804	303.98			3.49256	114542623	68.5	78968770	69.5	6.47040385254158	9.804	392118	95	737122	478177	561102	571602	10	LV3003061518	5.59341788640946	5.86753996243736	5.67958959123105
LV3003046952	ST8		50	10260	116.29	4.62794382549722	mgca_jonkers_2013	3.5408	88430474	83.4	60192917	86	6.52726089941695	10.26	153172	46	270396	146879	243816	249992	10	LV3003046952	5.18518221840086	5.43200186888693	5.16696266385717
LV3003046938	ST8		55	11169	92.71	4.63006993265698	mgca_jonkers_2013	3.65408	135351707	83.8	73358025	85.5	6.64060093364877	11.169	172589	52	326962	172355	285834	293768	10	LV3003046938	5.23701562874516	5.51449860952574	5.23642640652282
LV3003061506	ST13		40	11950	164.07			3.904	63589346	59.2	48096504	60.6	6.73798109507347	11.95	57678	14	242171	80355	145860	150265	10	LV3003061506	4.76101772226882	5.38412392845009	4.90501831009259
LV3003047044	ST8		60	12078	46.49	4.63219603981674	mgca_jonkers_2013	3.93092	63682406	81.2	26806847	83.3	6.75394096788059	12.078	48888	19	162305	52885	122249	125267	10	LV3003047044	4.68921115407865	5.21033457477834	4.72334072066578
LV3003047027	ST8		65	12877	149.32	5.04178088906654	mgca_jonkers_2013	4.04278	166139455	84.4	112662581	86.9	6.85356548641879	12.877	211997	59	369391	207397	330155	336967	10	LV3003047027	5.32633176379167	5.56748748559941	5.31680456404361
LV3003047010	ST8		70	13676	131.81	5.45136573831635	mgca_jonkers_2013	4.20872	124044083	83.1	98890535	85.9	6.95319000495699	13.676	173896	48	360427	192788	283012	291044	10	LV3003047010	5.24029208979636	5.55681852196614	5.2850822506478
LV3003061492	ST13		45	14437	376.09			4.37177	119240881	67.3	80494467	68	7.04807643625558	14.437	742995	110	1279250	890539	996008	1013015	10	LV3003061492	5.87098647569516	6.10695576513551	5.94965343125477
LV3003046994	ST8		79.5	15549	87.72	4.99039754502124	mgca_jonkers_2013	4.63274	71148178	57.2	33076881	57.9	7.18672783126745	15.549	109042	13	313754	160658	196731	206525	10	LV3003046994	5.03759779133655	5.49659065546155	5.20590505942912
LV7008886727	GeoB25202_R1		59.5	16437.5	79.12	7.29751179212	uk37_alkenone	4.806875	181407355	47.9	57424152	48.6	7.29751179212	16.4375	236600	60	646000	314978	451226	460959	10	LV7008886727	5.3740165758522	5.81023319027704	5.498281599859
LV7008886739	GeoB25202_R2		59.5	16437.5	82.56	7.29751179212	uk37_alkenone	4.806875	201287627	49.7	67761404	50.8	7.29751179212	16.4375	450610	86	978588	582199	718513	734245	10	LV7008886739	5.65380178920981	5.99060032968863	5.76507220110279
LV3003046979	ST8		84.5	16461	131.92	4.74778270644487	mgca_jonkers_2013	4.80993	62932113	71.5	35885630	73.7	7.29869936048704	16.461	139167	37	322172	152817	253478	261628	10	LV3003046979	5.14353938598524	5.50808914116591	5.18417451157126
LV3003061477	ST13		50	16726	301.74			4.84438	125495327	67.8	84929726	70.8	7.31209108888136	16.726	774397	114	1419643	1006481	1040045	1056758	10	LV3003061477	5.88896422267058	6.15217945127084	6.00280601233886
LV3003046966	ST8		89.5	17373	104.95	4.50516786786849	mgca_jonkers_2013	4.93222	64053262	73.4	33174625	75	7.34478712009314	17.373	165052	48	371258	193022	276694	283404	10	LV3003046966	5.21762342246582	5.56967699054873	5.28560906122511
LV3003046950	ST8		94.5	18099	104.24	2.39521562696755	mgca_jonkers_2013	5.01406	54550611	72.2	30319286	73.7	7.38147540241116	18.099	204526	61	413113	221057	334598	341045	10	LV3003046950	5.31075064817219	5.61606991301029	5.3445062364687
LV3003046937	ST8		99.5	18598	100.16	2.93302273038462	mgca_jonkers_2013	4.98412	37032447	66.6	19341245	67.9	7.40669227965178	18.598	105182	25	346289	148763	219468	224924	10	LV3003046937	5.02194555347939	5.53943995037844	5.17249784725196
LV3003047041	ST8		104.5	19097	105.88	3.47082983380169	mgca_jonkers_2013	4.96291	92918951	73.6	51583899	75.3	7.4319091568924	19.097	453906	93	932409	617210	640872	655454	10	LV3003047041	5.65696688033688	5.96960692263654	5.79043365750247
LV3003061572	ST13		55	19099	341.81			4.96297	148847098	75.5	75948836	100.4	7.43201022654066	19.099	624312	110	1087627	751496	854976	868155	10	LV3003061572	5.79540237829103	6.03648037957836	5.87592725120896
LV3003047026	ST8		109.5	19565	12.35	2.88473711426933	mgca_jonkers_2013	4.97695	948154669	61.9	126124116	64.1	7.455559454585	19.565	489761	68	835934	485200	775651	803273	10	LV3003047026	5.68998508574883	5.92217250921078	5.68592168727705
LV3003047009	ST8		114.5	20142	99.94	3.12499528201102	mgca_jonkers_2013	4.97864	78281501	64.3	50491740	64.7	7.48471804810772	20.142	169468	32	351041	182129	287512	298594	10	LV3003047009	5.22909026678553	5.54535908021803	5.26038148759261
LV3003046993	ST8		119.5	20719	108.7	3.36525344975272	mgca_jonkers_2013	4.93248	230108757	68.3	100382437	69.6	7.51387664163044	20.719	377709	84	543515	300652	595819	613703	10	LV3003046993	5.57715848307303	5.73521233335227	5.47806554171535
LV3003061559	ST13		60	21069	362.3			4.90793	96182866	67.5	57351399	75.1	7.53156383007576	21.069	140462	39	410258	182540	274418	282913	10	LV3003061559	5.1475619398138	5.61305811710469	5.26136042536194
LV3003046978	ST8		124.5	21296	113.8	3.60551161749441	mgca_jonkers_2013	4.90112	72686612	55.3	49044465	56.1	7.54303523515316	21.296	355413	65	809814	478842	546047	565559	10	LV3003046978	5.55073453096223	5.90838581683459	5.68019314303806
LV3003046965	ST8		129.5	21832.3333333333	73.24	3.13112604739667	mgca_jonkers_2013	4.88503	123105827	60	61272397	60.7	7.57013874582794	21.8323333333333	637605	106	1130125	756156	902221	922742	10	LV3003046965	5.80455239520523	6.05312686654017	5.87861197692272
LV3003046949	ST8		134.5	22368.6666666667	140.56	2.65674047729892	mgca_jonkers_2013	4.87262666666667	61245129	56.4	37969700	57.8	7.59724225650273	22.3686666666667	354163	69	780549	511862	511438	524603	10	LV3003046949	5.5492044140084	5.89240072806287	5.70915373772257
LV3003046936	ST8		139.5	22905	189.42	2.18235490720117	mgca_jonkers_2013	4.8619	152063717	62.8	56886217	63.9	7.62434576717752	22.905	547481	97	1025688	671909	778858	796499	10	LV3003046936	5.73836984510269	6.01101569795077	5.827311104719
LV3003061545	ST13		65	23172	284.94			4.8514	110691172	77.3	54077025	90.3	7.63783856522009	23.172	206154	56	497170	277520	333709	340580	10	LV3003061545	5.31419387246785	5.69650578829767	5.44329585174356
LV3003047145	ST8		144.5	23446	279.12	3.07806968232358	mgca_jonkers_2013	4.8377	33473724	69.7	25529607	71.1	7.65168510703157	23.446	151878	42	354097	175239	265863	273301	10	LV3003047145	5.18149772900034	5.54912347380297	5.24363324450614
LV3003047132	ST8		149.5	23987	252.49	3.97378445744599	mgca_jonkers_2013	4.81065	102185528	63	55519062	64.2	7.67902444688563	23.987	749122	110	1357272	941561	1031729	1050665	10	LV3003047132	5.87455313123166	6.13266720983293	5.97384892272904
LV3003047118	ST8		154.5	24528	236.52	4.86949923256839	mgca_jonkers_2013	4.81528	91417437	63.5	42464543	65.7	7.70636378673969	24.528	364583	79	737702	464474	546527	558464	10	LV3003047118	5.56179760544846	5.86788154959746	5.66696234340127
LV3003047099	ST8		159.5	25058	89.55	4.2375054250314	mgca_jonkers_2013	4.8113	28885458	59.3	17167551	60.8	7.73314724352832	25.058	82528	25	278084	108095	178187	183658	10	LV3003047099	4.91660658281548	5.44417756350307	5.0338096235549
LV3003047071	ST8		169.5	26141	140.62	4.12720539382505	mgca_jonkers_2013	4.68128	68001919	56.3	20785023	59.2	7.78787645806057	26.141	45615	14	207472	54127	141767	146659	10	LV3003047071	4.65911719996539	5.31696158676392	4.73342198044391
LV3003047169	ST8		174.5	26670.3333333333	195.44	4.12763158267034	mgca_jonkers_2013	4.72362666666667	78793387	55.3	25386659	57.5	7.81462622496645	26.6703333333333	77912	21	258029	79638	189051	195276	10	LV3003047169	4.89160992695661	5.41167020238581	4.90112579810062
LV3003047156	ST8		179.5	27199.6666666667	175.93	4.12805777151563	mgca_jonkers_2013	4.75	57674275	59.1	20077855	61	7.84137599187233	27.1996666666667	84364	30	259265	81593	198405	203903	10	LV3003047156	4.92616231085006	5.41374556736501	4.91165822416199
LV7008886703	GeoB25202_R1		84.5	27685.5	41.04	7.86592749392857	uk37_alkenone	4.75	139576170	55.3	32441759	57.3	7.86592749392857	27.6855	95155	24	363971	130902	237931	254474	10	LV7008886703	4.97843617764393	5.56106797509626	5.11694959970978
LV7008886715	GeoB25202_R2		84.5	27685.5	77.28	7.86592749392857	uk37_alkenone	4.75	163412376	53.6	44513031	55.5	7.86592749392857	27.6855	168064	31	519185	248485	329033	338676	10	LV7008886715	5.22547727983144	5.71532297307444	5.39530192508535
LV3003047144	ST8		184.5	27729	145.85	4.12848396036092	mgca_jonkers_2013	4.75	92057786	60.2	26538281	62.3	7.87282431997209	27.729	99109	34	312977	110704	226183	233592	10	LV3003047144	4.99611747613729	5.49551381098288	5.044167236266
LV3003047131	ST8		189.5	28245.3333333333	102.07	3.79878121129077	mgca_jonkers_2013	4.74509333333333	52927950	62	18465157	64.2	7.95468779538517	28.2453333333333	38925	12	204751	47758	131204	135999	10	LV3003047131	4.59023977830897	5.31122815260448	4.67905522475807
LV3003061531	ST13		76	28445	99.27	6.67825064126309	mgca_jonkers_2013	4.7411	92367510	61.2	35673132	62.1	7.98634449117112	28.445	233268	50	618525	320838	414712	424428	10	LV3003061531	5.36785702759151	5.79135796009966	5.50628715404892
LV3003047117	ST8		194.5	28761.6666666667	158.61	3.46907846222062	mgca_jonkers_2013	4.73476666666667	120673383	62.4	16047191	66.1	8.03655127079825	28.7616666666667	22279	9	162648	25557	107849	111480	10	LV3003047117	4.34791518650169	5.21125139749296	4.40752686580295
LV3003047098	ST8		199.5	29278	110.66	3.13937571315047	mgca_jonkers_2013	4.69942	78560973	57.5	14314578	59.5	8.11841474621133	29.278	22978	7	143304	29657	85854	89545	10	LV3003047098	4.36133112513853	5.15626134346453	4.47214186084442
LV3003047085	ST8		204.5	29703	130.79	3.1118182170815	mgca_jonkers_2013	4.65267	72934268	58.5	23719130	60.7	8.18579752939511	29.703	52359	17	212375	73340	131722	135845	10	LV3003047085	4.71899963787872	5.32710543681393	4.86534682724336
LV3003047070	ST8		209.5	30128	151.38	3.08426072101253	mgca_jonkers_2013	4.62	68056678	53.6	17883228	56.6	8.25318031257889	30.128	35972	11	174700	44325	111146	115636	10	LV3003047070	4.55597665769943	5.24229539092019	4.64665854212029
LV3003047168	ST8		214.5	30497	193.15	3.05670322494356	mgca_jonkers_2013	4.62	56419893	53.7	23672441	55.4	8.31168442315493	30.497	58840	18	230542	73862	149643	153951	10	LV3003047168	4.7696800449323	5.36275194022914	4.86842694286257
LV3003061517	ST13		81	30678	343.69	6.45738016350526	mgca_jonkers_2013	4.62	166832578	74.7	79298875	86	8.34038156140496	30.678	288794	73	642176	373869	458623	469753	10	LV3003061517	5.46058966988373	5.80765474696085	5.5727206179834
LV3003047155	ST8		219.5	30947.5	72.49	3.59259359265224	mgca_jonkers_2013	4.62	58779708	51.8	15672586	53.7	8.38311017332974	30.9475	32359	9	155133	39371	97484	101130	10	LV3003047155	4.51000851294023	5.19070699055485	4.59518747643367
LV3003047143	ST8		224.5	31398	133.26	4.12848396036092	mgca_jonkers_2013	4.61204	135126726	57.5	24111588	60.5	8.45453592350455	31.398	57754	18	235680	74144	160463	166304	10	LV3003047143	4.76158958819036	5.37232457222412	4.87008186951646
LV3003047130	ST8		229.5	31936	108.94	4.9756968195377	mgca_jonkers_2013	4.60128	43901456	63.3	16307041	66.4	8.53983459962896	31.936	23292	9	136751	25518	95002	98725	10	LV3003047130	4.36722542668583	5.13593368661506	4.40686365190684
LV3003047114	ST8		234.5	32385.5	41.03	4.80182032251746	mgca_jonkers_2013	4.59229	21045484	64.8	12594552	66.9	8.61110180207863	32.3855	25226	11	130645	27701	92575	95571	10	LV3003047114	4.40186560719961	5.11609611743479	4.44251112493479
LV3003061505	ST13		86	32810	188.85	6.23650968574743	mgca_jonkers_2013	4.5838	82717700	80.4	45809256	89.7	8.67840531139984	32.81	93726	29	306370	136372	193549	198928	10	LV3003061505	4.97186471641497	5.48624765411973	5.13472839442805
LV3003047097	ST8		239.5	32835	93.56	4.62794382549722	mgca_jonkers_2013	4.5833	84081411	56.6	17377814	59.5	8.6823690045283	32.835	33146	13	193815	40831	129492	134819	10	LV3003047097	4.52044422829424	5.28738962630033	4.61100065270505
LV3003047084	ST8		244.5	33276	4.13	6.53096294335688	mgca_jonkers_2013	4.58276	390411795	56.1	31074859	58.4	8.75228855131429	33.276	74976	26	309160	78911	229978	237787	10	LV3003047084	4.87492805932492	5.49018470337998	4.89714305057962
LV3003047069	ST8		249.5	33743.6870748299	233.37	6.20212176047846	mgca_jonkers_2013	4.5874368707483	66820935	59	22512581	61.8	8.82643927310517	33.7436870748299	28052	11	161505	29568	109801	113203	10	LV3003047069	4.44797931171617	5.20818866114693	4.47083663728143
LV3003047167	ST8		259.5	34678.12	171.35	5.57495241758692	mgca_jonkers_2013	4.556094	55257624	57.2	14241098	59.7	8.97459148768522	34.67812	11813	5	111011	15395	68890	71993	10	LV3003047167	4.07239696652176	5.04536992700376	4.18740790242255
LV3003061488	ST13		91	35041	245.05	6.0156392079896	mgca_jonkers_2013	4.53631	127243231	79.7	66338584	85.6	9.03212528618341	35.041	258460	70	573392	335670	405704	413972	10	LV3003061488	5.41239502030189	5.75845238676197	5.52591382237996
LV3003047154	ST8		264.5	35130.12	109.23	5.75466161579687	mgca_jonkers_2013	4.5282892	24559061	57.6	12574749	58.9	9.04625505944773	35.13012	21545	9	137947	24604	84661	87402	10	LV3003047154	4.33336665550972	5.13971540836533	4.3910233693701
LV3003047142	ST8		269.5	35582.3	78.67	5.88471892901571	mgca_jonkers_2013	4.487593	67334598	64.9	15239544	67.1	9.11794716980078	35.5823	12626	6	102752	12838	69035	71227	10	LV3003047142	4.10130018046768	5.01179451049386	4.10853119885787
LV3003047129	ST8		274.5	36037.3	75.83	5.23689671070721	mgca_jonkers_2013	4.450373	33964594	62.9	16307844	64.1	9.19008638473871	36.0373	45676	16	195070	56495	129585	134071	10	LV3003047129	4.65969757233432	5.29019271031658	4.75201770021902
LV3003047113	ST8		279.5	36489.27	109.94	4.62053611323564	mgca_jonkers_2013	4.4548927	73296885	60.2	24562830	62.8	9.26174520006947	36.48927	101046	22	335952	120137	230612	237846	10	LV3003047113	5.00452342420673	5.52627852361485	5.07968039774457
LV7008886226	GeoB25202_R2		105.5	36607	46.28	9.28041102375	uk37_alkenone	4.45607	193464268	41.2	26190630	42.8	9.28041102375	36.607	115045	13	424739	172903	253424	276382	10	LV7008886226	5.06087152341208	5.62812316271249	5.2378050404563
LV7008886776	GeoB25202_R1		105.5	36607	70.05	9.28041102375	uk37_alkenone	4.45607	152962664	56	41404251	58.3	9.28041102375	36.607	167473	47	452604	190454	339370	348537	10	LV7008886776	5.22394739326548	5.65571934736598	5.2797923786452
LV3003047096	ST8		284.5	36893.77	135.25	4.49707424220948	mgca_jonkers_2013	4.4589377	56084885	55.6	20029588	57.5	9.23725876185055	36.89377	115701	22	383776	176195	231970	240193	10	LV3003047096	5.06334086613807	5.58407894363449	5.24599604483854
LV3003061476	ST13		96	37160	137.29	5.79476873023177	mgca_jonkers_2013	4.452	84098583	70.2	34228366	72.2	9.19719729556924	37.16	123122	35	330655	136226	256027	260917	10	LV3003061476	5.09033918891872	5.51937640770914	5.13426319266415
LV3003047083	ST8		289.5	37303.19	129.5	4.36334977083705	mgca_jonkers_2013	4.4448405	66017005	60.6	17923283	63	9.1756505076159	37.30319	33584	12	171282	37524	114495	118732	10	LV3003047083	4.52614535263471	5.23371426096571	4.57432070091531
LV3003047068	ST8		294.5	37789.69	99.85	4.0688445607065	mgca_jonkers_2013	4.4205155	45243801	64.9	16258007	69	9.10244349358346	37.78969	46444	15	200426	58717	132498	136460	10	LV3003047068	4.66693896721471	5.30195622598343	4.76877125460971
LV3003047166	ST8		299.5	38273.43	109.28	3.82073071156393	mgca_jonkers_2013	4.4482802	47667591	67.1	14626855	69.9	9.0296517958074	38.27343	52368	15	227846	65801	154714	160416	10	LV3003047166	4.71907428101189	5.3576433147178	4.81823909385352
LV3003047153	ST8		304.5	38713.93	119.12	4.29941485123281	mgca_jonkers_2013	4.5099502	61725484	65.2	21806731	67.7	8.96336671938132	38.71393	71805	19	255933	87216	175693	181786	10	LV3003047153	4.85616073474399	5.40812798433007	4.94060114418271
LV3003047141	ST8		309.5	39153.47	61.93	4.70233543022987	mgca_jonkers_2013	4.55	956051	61.3	849760	61.8	8.89722610078355	39.15347	0	0	6535	0	3480	3677	10	LV3003047141	0	3.81531204352436	0
LV3003047128	ST8		314.5	39577.97	73.06	3.9182935587019	mgca_jonkers_2013	4.55	61094930	57.4	16749573	59.4	8.83334865482924	39.57797	50942	17	227665	66292	143629	148677	10	LV3003047128	4.70708451669909	5.35729817723385	4.82146767287128
LV3003047112	ST8		319.5	40033.5	82.07	3.21978661089373	mgca_jonkers_2013	4.54866	36464277	69.6	15715775	72.5	8.76480191052874	40.0335	47715	19	195505	59066	133581	137031	10	LV3003047112	4.67866402991157	5.29116009025826	4.77134491369625
LV3003061571	ST13		101	40457	159.84	6.07677656849543	mgca_jonkers_2013	4.53172	90191213	63	44685952	68.8	8.70107494147892	40.457	161423	22	467792	254181	277406	285569	10	LV3003061571	5.20796810469022	5.67005371878968	5.40514479256944
LV3003047095	ST8		324.5	40975.1666666667	76.96	3.86132680136238	mgca_jonkers_2013	4.51099333333333	55822169	58.7	15927657	60.6	8.62310282547109	40.9751666666667	56180	10	233192	83257	143387	147241	10	LV3003047095	4.74958946520762	5.36771550960756	4.92042597417752
LV3003047082	ST8		329.5	41916.8333333333	61.65	4.50286699183103	mgca_jonkers_2013	4.50083166666667	37053519	59.3	19269518	60.4	8.48140374041344	41.9168333333333	22729	8	137269	31224	82468	85821	10	LV3003047082	4.35659943572497	5.13757563368204	4.49450244704617
LV3003061558	ST13		106	42626	207.2	6.3587844067591	mgca_jonkers_2013	4.47496	75419217	85.6	38072076	102.9	8.37469053564879	42.626	170541	53	377617	200092	281035	287009	10	LV3003061558	5.23183135178596	5.57705268772973	5.30123189565996
LV3003047067	ST8		334.5	42866.02	178.82	5.07611814185932	mgca_jonkers_2013	4.4653592	83694347	60.2	30143452	61.8	8.33857306903406	42.86602	41084	14	218898	57313	136831	140374	10	LV3003047067	4.61368329130964	5.34024377757764	4.75826071935125
LV7008886740	GeoB25202_R1		119.5	43105	37.22	8.3026120984	uk37_alkenone	4.4621	126565168	46	28164282	47.8	8.3026120984	43.105	40143	11	222037	46484	148260	152802	10	LV7008886740	4.60362064397054	5.34642730678414	4.66731283529497
LV7008886752	GeoB25202_R2		119.5	43105	26.14	8.3026120984	uk37_alkenone	4.4621	223261934	57.3	26874573	61.2	8.3026120984	43.105	51512	15	231298	73303	142370	152792	10	LV7008886752	4.71191684294031	5.36417375514234	4.86512767355696
LV3003047164	ST8		339.5	43933.02	61.8	4.579507658322	mgca_jonkers_2013	4.4786604	45835273	73.5	20978998	75.5	8.37946113303367	43.93302	24631	13	118708	26717	78466	81107	10	LV3003047164	4.39149967589514	5.07448364652127	4.42680394551487
LV3003047152	ST8		344.5	45000.02	114.81	4.08289717478468	mgca_jonkers_2013	4.3300006	86684643	67.2	27393512	69.9	8.47849004532337	45.00002	38530	16	169598	38310	121150	124944	10	LV3003047152	4.58581028045983	5.22942328721455	4.58332348815676
LV3003061544	ST13		111	45122	154.76	6.64079224502277	mgca_jonkers_2013	4.33366	98492472	76.2	36658491	81.2	8.48981108255027	45.122	71230	30	227444	78183	171923	175986	10	LV3003061544	4.85266904137438	5.35687639402912	4.89311788576224
LV3003047140	ST8		349.5	46094.8	83.7	3.6236552712401	mgca_jonkers_2013	4.361896	2441785	64.6	2055101	65.5	8.58009723613548	46.0948	1235	1	23123	106	15583	16039	10	LV3003047140	3.0920184707528	4.36406296070308	2.02938377768521
LV3003061530	ST13		116	47046	117.63	6.92280008328644	mgca_jonkers_2013	4.38322	92176900	82.1	44841877	91.8	8.66837868071839	47.046	176499	19	515432	292465	288549	296796	10	LV3003061530	5.24674470972384	5.71217222030551	5.46607538539035
LV3003047127	ST8		354.5	47624.8	56.2	3.74985445424827	mgca_jonkers_2013	4.423736	50491529	60.3	11382703	63	8.72209745713196	47.6248	5817	2	66710	7454	40344	42028	10	LV3003047127	3.76477371691104	4.8241974507894	3.87244764778901
LV3003061516	ST13		121	48537	61.03	7.2048079215501	mgca_jonkers_2013	4.45537	54250107	75.6	26855001	76.7	8.80675928823849	48.537	107354	27	310781	148188	203551	208853	10	LV3003061516	5.03082227626962	5.49245585721043	5.17081596736394
LV3003047110	ST8		359.5	49154.8	66.07	3.87605363725645	mgca_jonkers_2013	4.441424	47425083	62.5	15940375	65.4	8.86409767812845	49.1548	18402	8	117830	22844	76519	80269	10	LV3003047110	4.26488862612062	5.07125956343738	4.35879116239172
LV3003061504	ST13		126	50268	187.42	7.48681575981377	mgca_jonkers_2013	4.33732	96239561	74.4	42611651	77.1	8.96741444022863	50.268	91275	26	272570	114717	184173	188538	10	LV3003061504	4.9603565996837	5.43547964750032	5.05963156687554
LV7008886221	GeoB25202_R1		129.5	50355.5	94.36	8.9755353679	uk37_alkenone	4.336445	97977738	44.9	30262882	47	8.9755353679	50.3555	92806	13	329680	142734	195479	206108	10	LV7008886221	4.96758073426543	5.51809391883582	5.15453047937311
LV7008886728	GeoB25202_R2		129.5	50355.5	42.73	8.9755353679	uk37_alkenone	4.336445	152247351	58.3	27749284	61.8	8.9755353679	50.3555	40878	12	200724	57687	126150	130387	10	LV7008886728	4.61150026335479	5.30260146658756	4.76108548255287
LV3003047094	ST8		364.5	50684.8	129.24	4.00225282026463	mgca_jonkers_2013	4.333152	80270443	61.2	21674703	64.2	8.71916462667657	50.6848	71371	18	225775	84734	161639	166343	10	LV3003047094	4.85352786681149	5.3536777745175	4.92806283379201
LV3003061486	ST13		131	52105	128.79	7.76882359807744	mgca_jonkers_2013	4.32365	27685092	68.7	20117935	70.3	7.61349281773178	52.105	43529	12	148017	63216	94687	104289	10	LV3003061486	4.6387886671574	5.17031453178237	4.80083388229192
LV3003047081	ST8		369.5	52207.18	90.06	4.12845200327281	mgca_jonkers_2013	4.3369334	57423869	57.2	15919889	58.8	7.53394237030326	52.20718	35795	10	163802	28218	129752	133458	10	LV3003047081	4.55383449940969	5.21432185146295	4.45054161954672
LV3003047065	ST8		374.5	53610.18	140.39	4.25465118628098	mgca_jonkers_2013	4.4033892	57784676	58.3	11483201	61.5	6.44166131978254	53.61018	17750	8	93474	19757	69847	72051	10	LV3003047065	4.24922282399667	4.97069547382626	4.29574298109555
LV3003061475	ST13		136	53844	108.69	8.05083143634111	mgca_jonkers_2013	4.38936	112973110	69.7	29608396	73.6	6.25962485846197	53.844	60205	19	217801	68116	156440	160646	10	LV3003061475	4.77963977426521	5.33806186341322	4.83325551257101
LV7008886692	GeoB25202_R1		139.5	53875	51.47	6.235490352	uk37_alkenone	4.3875	102859565	52.6	21513038	56	6.235490352	53.875	27265	7	131469	36094	86390	89778	10	LV7008886692	4.43562143037486	5.11882666293329	4.55744704614936
LV7008886704	GeoB25202_R2		139.5	53875	23.87	6.235490352	uk37_alkenone	4.3875	186672027	56.9	18918645	61.2	6.235490352	53.875	29411	9	150955	34123	102817	105691	10	LV7008886704	4.4685245572997	5.17885037946647	4.53305993328412
LV3003047161	ST8		379.5	54983.46	31.63	4.38085036928916	mgca_jonkers_2013	4.3111578	1104778	59.1	793502	62	6.47543092855096	54.98346	0	0	5914	0	3831	3936	10	LV3003047161	0	3.77195474896395	0
LV3003061570	ST13		141	55466	127.35	8.04038666688849	mgca_jonkers_2013	4.32864	79639505	71.1	31089341	73.9	6.57988298438419	55.466	109857	30	302666	106208	244480	249602	10	LV3003061570	5.04083168828747	5.48096507209905	5.02616131980313
LV3003047160	ST8		384.5	55891.1266666667	36.23	4.50704955229734	mgca_jonkers_2013	4.34564506666667	1905989	56.6	991574	66.2	6.67190717786631	55.8911266666667	0	0	4506	0	2747	2898	10	LV3003047160	0	3.65388755807098	0
LV3003047159	ST8		389.5	56798.7933333333	81.65	4.63324873530552	mgca_jonkers_2013	4.41390346666667	39132173	80.8	14300268	84.8	6.86838342718166	56.7987933333333	18321	10	103855	17948	73544	75841	10	LV3003047159	4.26297287880537	5.01643159178705	4.25404025756171
LV3003047158	ST8		394.5	57706.46	70.06	4.75944791831369	mgca_jonkers_2013	4.4723876	44291383	79.6	12643578	86.6	7.06485967649701	57.70646	20368	9	108628	22333	73668	75661	10	LV3003047158	4.30896970817825	5.03594578159429	4.34896651180206
LV3003061557	ST13		146	58082	188.06	8.02994189743588	mgca_jonkers_2013	4.48508	59537389	82.9	38572967	90.5	7.14615019137165	58.082	132414	34	292682	119231	255614	260641	10	LV3003061557	5.12193718486378	5.4663974979015	5.07639282888013
LV7008886765	GeoB25202_R1		149.5	58181	42.2	7.16758002833333	uk37_alkenone	4.47914	133978185	51.4	29219035	54.5	7.16758002833333	58.181	48936	10	234420	69449	148934	159897	10	LV7008886765	4.68963734214327	5.36999651423856	4.84167225007364
LV3003047139	ST8		399.5	58614.1266666667	44.97	4.88564710132187	mgca_jonkers_2013	4.4531524	15155861	77.9	8529497	83.7	8.62798528680874	58.6141266666667	30262	13	114588	31030	81274	83060	10	LV3003047139	4.48091197784664	5.05914292942378	4.49179577131359
LV7008886741	GeoB25202_R1		155.5	58997	11.14	9.918947659625	uk37_alkenone	4.43018	84181826	45.8	4319623	50.5	9.918947659625	58.997	0	0	25006	0	15389	16057	10	LV7008886741	0	4.3980615941058	0
LV7008886753	GeoB25202_R2		155.5	58997	24.03	9.918947659625	uk37_alkenone	4.43018	129194349	43.9	9629685	47.9	9.918947659625	58.997	13369	4	111860	17764	68769	70820	10	LV7008886753	4.12613140726198	5.04867869745728	4.24956521182535
LV3003047150	ST8		404.5	59521.7933333333	73.51	5.01184628433005	mgca_jonkers_2013	4.51870486666667	67120474	74.5	15427841	80.5	8.44254713374637	59.5217933333333	68708	27	211527	78151	151839	154959	10	LV3003047150	4.83701362780678	5.32536786315612	4.89294009659512
LV7008886705	GeoB25202_R1		159.5	59738	23.86	7.834293148625	uk37_alkenone	4.55546	95103090	43.4	12531371	45.3	7.834293148625	59.738	5615	2	55591	7237	35639	36968	10	LV7008886705	3.74942709912175	4.74501229867139	3.85961857877218
LV7008886717	GeoB25202_R2		159.5	59738	49.74	7.834293148625	uk37_alkenone	4.55546	128512499	41.9	19897194	43.6	7.834293148625	59.738	17680	5	131737	22490	86926	90427	10	LV7008886717	4.24750682414992	5.11971106584941	4.35200876556578
LV3003047149	ST8		409.5	60431.7	45.56	5.12335113965152	mgca_jonkers_2013	4.561147	62250597	65.1	9170430	69.9	7.85555370343168	60.4317	17003	7	115132	19380	77749	80728	10	LV3003047149	4.23055109629509	5.06119982114319	4.2873761815526
LV3003047148	ST8		414.5	61376.7	47.48	5.00464486121452	mgca_jonkers_2013	4.543903	53529330	65.5	11451620	69.9	7.88451611411687	61.3767	32172	11	149922	37975	104497	107728	10	LV3003047148	4.50749155896537	5.17586826398134	4.5795092187103
LV3003061543	ST13		151	62293	184.56	8.01949712798326	mgca_jonkers_2013	4.57949	90294874	80.7	44589548	82.9	7.91259892566273	62.293	255813	73	494584	281105	410326	417757	10	LV3003061543	5.40792430854126	5.69424094074341	5.4488701154014
LV3003047147	ST8		419.5	62321.7	48.14	4.88593858277752	mgca_jonkers_2013	4.577481	52440180	63.1	9223523	66.9	7.91347852480206	62.3217	27707	10	137256	26272	101120	104131	10	LV3003047147	4.4426051789648	5.13753450236695	4.41950966582214
LV3003047146	ST8		424.5	63266.7	97.4	4.76723230434052	mgca_jonkers_2013	4.484661	58056720	65	17613674	68	7.94244093548725	63.2667	65624	21	202750	55316	162702	167601	10	LV3003047146	4.81706931641401	5.30696300489755	4.74285861903715
LV3003047126	ST8		429.5	64210.824	52.91	4.67067279387671	mgca_jonkers_2013	4.38529888	39791476	69.2	8102851	73.6	7.97137649847746	64.210824	12054	6	98880	13603	65434	67432	10	LV3003047126	4.08116721471347	4.99511284985928	4.13366662326068
LV3003061529	ST13		156	66015	177.08	8.00905235853065	mgca_jonkers_2013	4.56805	91959511	75.1	42965230	98.8	8.02667098129265	66.015	311997	80	620910	370483	475544	484429	10	LV3003061529	5.49415181007053	5.79302935383372	5.56876945695299
LV3003047138	ST8		439.2	66015.8	67.91	5.15646144484223	mgca_jonkers_2013	4.567946	43852530	62.5	11180916	66.1	8.02669549973556	66.0158	28742	11	142225	25614	108077	111113	10	LV3003047138	4.45853209488555	5.15297899600251	4.40849436021236
LV3003047137	ST8		444.2	66946.2	44.94	5.40686796595848	mgca_jonkers_2013	4.446994	57575945	58.1	8645599	61.2	8.05521044883768	66.9462	26457	8	123499	30194	80026	83029	10	LV3003047137	4.42255701211936	5.09166695759569	4.47993503394434
LV3003047136	ST8		449.2	67876.6	70.92	5.65727448707473	mgca_jonkers_2013	4.422468	48960938	67.8	12594447	74.4	8.08372539793979	67.8766	43958	16	162268	29239	143911	147127	10	LV3003047136	4.64304780432876	5.21023555978396	4.46597736828582
LV7008886229	GeoB25202_R2		167.5	68149	132.24	8.09207392775	uk37_alkenone	4.42745	116981055	44.2	41819821	45.4	8.09207392775	68.149	369755	53	847527	481804	598317	627798	10	LV7008886229	5.56791522998671	5.92815405501037	5.68287130263854
LV7008886778	GeoB25202_R1		167.5	68149	72.83	8.09207392775	uk37_alkenone	4.42745	72287871	47.2	32290184	48	8.09207392775	68.149	326364	54	699990	381195	539769	552723	10	LV7008886778	5.5137035780172	5.84509245619217	5.58114833481245
LV3003047134	ST8		454.2	68807	41.22	5.90768100819097	mgca_jonkers_2013	4.46035	108020076	64.7	16261207	70.5	8.5256420642359	68.807	47253	18	155365	27954	145758	149391	10	LV3003047134	4.67443857695958	5.19135598468401	4.44645949659469
LV3003047133	ST8		459.2	70162	57.68	5.78064895406092	mgca_jonkers_2013	4.3038	58661945	62.9	13264329	66	9.41847614468938	70.162	26549	9	163131	29899	112395	116083	10	LV3003047133	4.42406452541749	5.21253916067407	4.47567118832443
LV3003061515	ST13		164.8	71001.2	490.61	7.99066956429404	mgca_jonkers_2013	4.219988	98734597	71.1	67640910	73.4	9.97144024824405	71.0012	673201	98	1003146	667159	917249	933998	10	LV3003061515	5.82814539754097	6.00136457869439	5.82423000000973
LV3003047107	ST8		464.2	71517	80.3	5.65361689993088	mgca_jonkers_2013	4.21483	51573373	66.1	14724119	69.8	10.3113102251429	71.517	34710	13	171542	34628	120923	124479	10	LV3003047107	4.54046712557651	5.23437300089176	4.53943995037844
LV7008886754	GeoB25202_R1		173.5	71889.5	93.18	10.5567572325	uk37_alkenone	4.211105	95700354	45.2	38747528	46.3	10.5567572325	71.8895	282944	51	673605	341402	500301	522184	10	LV7008886754	5.45170202380025	5.82840594689315	5.53326733305792
LV7008886766	GeoB25202_R2		173.5	71889.5	126.44	10.5567572325	uk37_alkenone	4.211105	78971219	43.7	39085954	44.9	10.5567572325	71.8895	347511	58	761909	422216	575300	601327	10	LV7008886766	5.54096980588671	5.88190367368631	5.62553571560725
LV3003047125	ST8		469.2	72872	32.35	5.52658484580083	mgca_jonkers_2013	4.22744	36807425	62	6069589	66	9.79667019017442	72.872	12275	5	79310	13622	54555	56632	10	LV3003047125	4.08905687975979	4.89933342575389	4.13427275662063
LV3003061503	ST13		169.8	73147.2	217.76	7.64208514608633	mgca_jonkers_2013	4.20056	97446873	68.6	49665279	71.4	9.58376845577441	73.1472	370434	63	802248	475055	570505	585095	10	LV3003061503	5.56871201361669	5.90430918442164	5.67674480764059
LV3003047124	ST8		474.2	74227	25.72	5.39955279167078	mgca_jonkers_2013	4.01184	56910985	56.2	4264279	59.8	8.74840765343023	74.227	8519	3	52377	11171	31856	33160	10	LV3003047124	3.9304395947667	4.71914891131818	4.04813092702897
LV7008886730	GeoB25202_R1		179.5	75351	65.59	7.8788526045	uk37_alkenone	3.98861	89081140	43.4	31762557	44.5	7.8788526045	75.351	271462	42	685536	366642	470001	491961	10	LV7008886730	5.43371064427159	5.83603089962471	5.56424339779912
LV7008886742	GeoB25202_R2		179.5	75351	108.77	7.8788526045	uk37_alkenone	3.98861	92781115	43.1	39562418	43.9	7.8788526045	75.351	362435	57	821505	465575	578204	604487	10	LV7008886742	5.55923132869806	5.91461073972163	5.66799058475135
LV3003047123	ST8		479.2	75589	0.85	5.27252073754074	mgca_jonkers_2013	4.01479	138968645	61.2	2680752	68.5	7.91867251010661	75.589	0	0	19791	0	12237	12774	10	LV3003047123	0	4.29648968228505	0
LV3003061485	ST13		174.8	75779.6	260.72	7.29350072787861	mgca_jonkers_2013	4.035756	104758234	70.5	60355839	72.6	7.95056189669746	75.7796	562962	91	1032418	677844	800018	815175	10	LV3003061485	5.75047985235779	6.01385598843211	5.83113039690467
LV3003047122	ST8		484.2	76951	31.46	5.14548868341069	mgca_jonkers_2013	4.07902	24623727	58.2	2750192	61.2	8.14654944891421	76.951	1925	1	31604	2762	19661	20343	10	LV3003047122	3.28465628278852	4.49975579466378	3.44138088491651
LV3003061474	ST13		179.8	77779.8	196.45	6.94491630967089	mgca_jonkers_2013	4.056606	61905276	70.5	36941813	72.6	8.28521641432076	77.7798	153030	33	422837	206498	282984	290110	10	LV3003061474	5.18477941621114	5.62617400997107	5.31491795286635
LV7008886706	GeoB25202_R1		185.5	79025.5	126.07	8.49363513875	uk37_alkenone	4.046175	120762355	45.3	44372285	46.5	8.49363513875	79.0255	243665	36	661398	355674	418392	443256	10	LV7008886706	5.38679493401638	5.8204635339481	5.55105334018265
LV7008886718	GeoB25202_R2		185.5	79025.5	84.54	8.49363513875	uk37_alkenone	4.046175	89422185	43.8	31128648	44.8	8.49363513875	79.0255	132358	20	447752	191198	278555	295924	10	LV7008886718	5.12175347731433	5.6510385043571	5.28148561651949
LV3003047093	ST8		494.2	79675	113.42	4.8914245751506	mgca_jonkers_2013	3.94875	32053168	64.3	15287314	67.4	8.33291896762292	79.675	63204	18	230230	72550	159624	163851	10	LV3003047093	4.80075143566399	5.36216379984334	4.86064340287284
LV3003047106	ST8		499.2	81063.75	62.43	5.17810449410702	mgca_jonkers_2013	3.818725	64245615	57.3	11079779	60.7	7.9892783476803	81.06375	17791	6	115522	25715	70789	73361	10	LV3003047106	4.25022476990196	5.0626684585023	4.41020341708945
LV7008886743	GeoB25202_R1		189.5	81670.5	85.87	7.83914049266667	uk37_alkenone	3.80659	54153294	42.7	24381951	43.7	7.83914049266667	81.6705	114931	16	373039	182279	225437	240474	10	LV7008886743	5.06044096418474	5.57175540244644	5.26073901991041
LV7008886755	GeoB25202_R2		189.5	81670.5	58.83	7.83914049266667	uk37_alkenone	3.80659	55364060	44.5	24465147	45.1	7.83914049266667	81.6705	131303	19	431403	204377	262013	276952	10	LV7008886755	5.11827795648908	5.63488416758589	5.31043414492245
LV3003061569	ST13		184.8	81694.6	141.44	6.59633189146317	mgca_jonkers_2013	3.806108	68025287	68.4	40574926	70.4	7.84255695133946	81.6946	212985	47	477249	256048	355821	363720	10	LV3003061569	5.32835105732338	5.6787459370657	5.40832308403556
LV3003047105	ST8		504.2	82452.5	68.23	5.46478441306344	mgca_jonkers_2013	3.813575	16496033	62.3	4172799	66.1	7.94999819731899	82.4525	5647	3	45301	10289	25937	28421	10	LV3003047105	3.75189468804375	4.65611737573889	4.01241537476243
LV3003047104	ST8		509.2	83841.25	1	5.75146433201987	mgca_jonkers_2013	3.8215875	113383177	60.2	4784193	65.9	8.14686985631632	83.84125	9393	3	67837	15217	40405	43286	10	LV3003047104	3.97285055584723	4.83147303556694	4.18235757976453
LV3003047101	ST8		514.2	85230	13.39	6.03814425097629	mgca_jonkers_2013	3.9753	127819917	64.4	11082300	71.1	8.34374151531365	85.23	24292	7	144579	31238	93032	97033	10	LV3003047101	4.38548115016924	5.16010822041095	4.49469712311074
LV3003047100	ST8		519.2	86611.75	84.21	6.32482416993271	mgca_jonkers_2013	4.13341	95184735	62.5	20731269	66.1	8.5396208419164	86.61175	37406	12	193562	43142	129723	134004	10	LV3003047100	4.572952879658	5.28682234454502	4.63491034100171
LV3003061556	ST13		189.8	86617.4	171.57	7.55543370271281	mgca_jonkers_2013	4.134088	66695607	68.8	34433301	71.6	8.5404217959206	86.6174	128346	25	336231	158307	237094	244082	10	LV3003061556	5.1083857218686	5.52663904391034	5.19950286222854
LV7008886719	GeoB25202_R1		195.5	87282.5	42.16	8.63470754958333	uk37_alkenone	4.160225	234101729	39.4	26822639	40.8	8.63470754958333	87.2825	73433	10	288872	103157	173248	185958	10	LV7008886719	4.86589718516838	5.46070695167809	5.01350291356106
LV7008886731	GeoB25202_R2		195.5	87282.5	63.44	8.63470754958333	uk37_alkenone	4.160225	79646998	39.2	25551214	40.6	8.63470754958333	87.2825	97390	12	332146	145541	195319	210920	10	LV7008886731	4.98851882514419	5.52133033418437	5.16298833858733
LV3003047080	ST8		524.2	87993.5	86.42	6.61150408888914	mgca_jonkers_2013	4.110455	48772380	63.9	19379963	67.4	8.44662940914954	87.9935	50116	12	222938	70992	135120	140476	10	LV3003047080	4.69998506626385	5.3481860487549	4.85121552884238
LV3003047091	ST8		529.2	89375.25	64.75	6.89818400784556	mgca_jonkers_2013	4.072495	58200278	56.8	10983574	61.4	8.08112030852452	89.37525	22174	5	145504	32107	93363	96992	10	LV3003047091	4.34586362850376	5.1628779172745	4.50661325430474
LV3003047090	ST8		534.2	90757	58.67	7.18486392680198	mgca_jonkers_2013	4.03729	54585489	70.8	9274012	80.3	7.7156112078995	90.757	15575	4	73782	21225	46610	48414	10	LV3003047090	4.19245593851198	4.86795630956465	4.32686815989368
LV3003061541	ST13		194.8	91090	185.23	8.51453551396245	mgca_jonkers_2013	4.0255	66138813	67.5	39989469	69.2	7.62752397756975	91.09	157486	32	412629	208092	276543	283124	10	LV3003061541	5.19724471011749	5.6155607998873	5.31825747130963
LV3003047089	ST8		539.2	92138.5	1.23	7.4715438457584	mgca_jonkers_2013	3.96892	470599457	65.4	14420088	86.5	7.35016823882878	92.1385	14360	5	89819	22912	55752	60054	10	LV3003047089	4.15718468220161	4.9533730507267	4.36008195510597
LV3003047088	ST8		544.2	93520	46.2	7.75822376471483	mgca_jonkers_2013	3.8688	27343593	58.7	3769785	62.9	6.98472526975806	93.52	4423	2	34081	6445	20786	21656	10	LV3003047088	3.64581511829664	4.53252507211221	3.80929030117632
LV3003047087	ST8		549.2	94901.5	1.28	8.04490368367125	mgca_jonkers_2013	3.776895	97312152	62.8	5067910	70.1	6.61928230068734	94.9015	1452	1	28827	1712	17810	18454	10	LV3003047087	3.16226561429802	4.4598145133874	3.23375736296551
LV3003061528	ST13		199.8	95118	368.13	9.4736373252121	mgca_jonkers_2013	3.76764	82665530	65	48781896	67.2	6.56201237466214	95.118	275615	61	624957	360445	445645	456527	10	LV3003061528	5.44030442553607	5.79585083177425	5.55684021036293
LV7008886695	GeoB25202_R1		201.5	95387.5	81.19	6.490722559125	uk37_alkenone	3.76225	82123360	42.3	30717060	43.5	6.490722559125	95.3875	147712	18	491115	233108	294739	312590	10	LV7008886695	5.16941871860116	5.69118408318173	5.36755904132359
LV7008886707	GeoB25202_R2		201.5	95387.5	68.75	6.490722559125	uk37_alkenone	3.76225	69827293	43.2	25105592	44.1	6.490722559125	95.3875	109040	14	378505	166821	225188	237946	10	LV7008886707	5.03758982569979	5.57807276823831	5.2222533235713
LV3003047064	ST8		554.2	96283	31.71	8.33158360262767	mgca_jonkers_2013	3.77264	37955526	51.3	1581576	57.8	6.64358420103273	96.283	0	0	12146	0	7147	9138	10	LV3003047064	0	4.08446903148808	0
LV3003047079	ST8		559.2	97520	59.02	7.11639516042118	mgca_jonkers_2013	3.8664	51410020	73	14691354	78.1	6.85473981358423	97.52	15418	7	87345	23451	54543	56617	10	LV3003047079	4.18805620843837	4.9412430213086	4.37017988551276
LV3003047078	ST8		564.2	98757	23.95	5.90120671821468	mgca_jonkers_2013	3.80916	28784307	48.2	1579128	51.4	7.06589542613573	98.757	0	0	5692	0	3305	3593	10	LV3003047078	0	3.75534118381155	0
LV3003047077	ST8		569.2	99714.5	39.39	4.68601827600819	mgca_jonkers_2013	3.801435	34817460	60	3990510	64.6	7.22934045363618	99.7145	1756	1	23975	2055	14599	15208	10	LV3003047077	3.2447717614953	4.37977672993759	3.31302311032324
LV3003047074	ST8		574.2	100672	71.25	3.47082983380169	mgca_jonkers_2013	3.88392	3239870	51.6	919900	52.8	7.39278548113664	100.672	0	0	2230	0	1391	1492	10	LV3003047074	0	3.34849957028384	0
LV3003061514	ST13		204.8	100672.6	311.64	10.4327391364617	mgca_jonkers_2013	3.883986	95754874	64.4	51605616	66.3	7.39288790099721	100.6726	446891	84	846133	527819	664194	676953	10	LV3003061514	5.65020258024337	5.92743914655226	5.72248584235443
LV3003047073	ST8		579.2	101685	16.41	3.39144821384191	mgca_jonkers_2013	3.8789	8394072	50.9	674057	55.5	7.56570434574025	101.685	0	0	1178	0	705	761	10	LV3003047073	0	3.07151380509509	0
LV7008886768	GeoB25202_R1		205.5	102295.5	82.16	7.669916553875	uk37_alkenone	3.86591	70034523	44	24756324	45.4	7.669916553875	102.2955	96975	16	391544	154759	232999	246068	10	LV7008886768	4.98666426666594	5.59278168243125	5.18965872104921
LV7008886780	GeoB25202_R2		205.5	102295.5	96.96	7.669916553875	uk37_alkenone	3.86591	90635071	44.1	32708902	45.2	7.669916553875	102.2955	176918	26	568718	251354	359316	375705	10	LV7008886780	5.24777447594	5.75489773758454	5.40028752871592
LV3003047162	ST8		584.2	102698	24.03	3.31206659388213	mgca_jonkers_2013	3.87396	19240014	49.7	2263696	51.8	7.78994871915485	102.698	0	0	8357	0	4673	5115	10	LV3003047162	0	3.92210236680761	0
LV3003047063	ST8		589.2	103695	26.33	3.23268497392235	mgca_jonkers_2013	3.9078	36052618	54.5	1895929	59.4	8.08727062917724	103.695	0	0	7747	0	4495	5051	10	LV3003047063	0	3.88918961204707	0
LV3003047062	ST8		594.2	104692	74.51	3.15330335396257	mgca_jonkers_2013	3.87156	12465076	64.7	2870399	66.7	8.38459253919963	104.692	0	0	19240	0	12531	13188	10	LV3003047062	0	4.28422763959348	0
LV7008886744	GeoB25202_R1		209.5	105578.5	52.79	8.648961519375	uk37_alkenone	3.936775	48866737	42	21324633	43	8.648961519375	105.5785	66565	8	259211	116820	144255	156679	10	LV7008886744	4.82325246066024	5.41365510295916	5.06752091952586
LV7008886756	GeoB25202_R2		209.5	105578.5	62.05	8.648961519375	uk37_alkenone	3.936775	52490713	43.1	18754669	44.3	8.648961519375	105.5785	58039	8	252600	96168	145054	155246	10	LV7008886756	4.7637274037657	5.40243506551315	4.98303510011868
LV3003061501	ST13		209.8	105587.2	182.94	8.79668398759405	mgca_jonkers_2013	3.93808	68988323	65.5	35460711	68.4	8.6530138730751	105.5872	168285	24	434323	250492	270232	288059	10	LV3003061501	5.22604798777828	5.63781382839419	5.39879559406015
LV3003047061	ST8		599.2	105689	43.21	3.07392173400279	mgca_jonkers_2013	3.95335	28071056	61.9	2895889	66	8.70043106924403	105.689	0	0	22527	0	14021	14756	10	LV3003047061	0	4.35272263746202	0
LV3003047060	ST8		604.2	106686	70.8	2.99454011404301	mgca_jonkers_2013	4.02744	14545489	58.9	3426624	62	9.16482148751936	106.686	0	0	31562	0	20272	20942	10	LV3003047060	0	4.49917827532083	0
LV3003047059	ST8		609.2	107683	57.46	2.91515849408323	mgca_jonkers_2013	4.08781	50404610	52.1	4862774	54.7	9.62921190579469	107.683	2121	1	34266	3182	20598	22114	10	LV3003047059	3.32674537956532	4.53487608457354	3.502836638621
LV7008886708	GeoB25202_R1		213.5	109630.5	133.59	10.5363336105	uk37_alkenone	4.06956	52842490	42	23753897	43.3	10.5363336105	109.6305	99254	9	329559	157091	194351	207881	10	LV7008886708	4.99675239369928	5.51793449418565	5.19615406890808
LV7008886720	GeoB25202_R2		213.5	109630.5	81.94	10.5363336105	uk37_alkenone	4.06956	95844104	40.9	36604669	42.2	10.5363336105	109.6305	175830	16	482334	277234	286951	309165	10	LV7008886720	5.24509544606231	5.6833487770688	5.4428480576401
LV3003061489	ST13		214.8	112606.8	63.7	7.16062883872636	mgca_jonkers_2013	3.96932	38606083	72.6	18769932	78.6	11.8540635522199	112.6068	94257	11	234842	126229	156920	162414	10	LV3003061489	4.97431822050553	5.3707776196324	5.10116258221484
LV3003061473	ST13		219.8	117088	32.31	5.52457368985868	mgca_jonkers_2013	3.5312	50561908	67	6601363	79.3	13.8380743760062	117.088	33036	4	100958	40619	71495	74054	10	LV3003061473	4.51900060333964	5.00414504022977	4.60873991906879
LV7008886228	GeoB25202_R2		223.5	120023.5	6.39	15.13774048625	uk37_alkenone	3.269765	88740799	47.1	2660886	51.7	15.13774048625	120.0235	4362	2	28453	8106	16345	22352	10	LV7008886228	3.63978521298682	4.45414332717459	3.90886017301728
LV7008886781	GeoB25202_R1		223.5	120023.5	10.9	15.13774048625	uk37_alkenone	3.269765	10414526	51.1	1644170	53.5	15.13774048625	120.0235	2014	1	17610	3041	10064	11600	10	LV7008886781	3.30427505047713	4.24578401707752	3.48315920971698
LV3003061568	ST13		224.8	121635.4	14.6	3.88851854099099	mgca_jonkers_2013	3.209168	4865312	58.4	1285941	66.6	15.0912241071525	121.6354	3691	1	18583	5420	11742	12153	10	LV3003061568	3.56726169235387	4.26913919679218	3.73407940728059
LV7008886757	GeoB25202_R1		227.5	123119.5	7.44	15.0483957938462	uk37_alkenone	3.120315	60956974	49.7	2845166	54	15.0483957938462	123.1195	2388	1	26385	3583	15514	19003	10	LV7008886757	3.37821614974988	4.42137355810201	3.55436800099009
LV7008886769	GeoB25202_R2		227.5	123119.5	14.6	15.0483957938462	uk37_alkenone	3.120315	82179786	49.9	6050113	54.2	15.0483957938462	123.1195	6425	2	46997	11125	27631	31829	10	LV7008886769	3.8079407212155	4.67207937692625	4.04633905560481
LV3003061555	ST13		229.8	126443	21.95	4.18191901963659	mgca_jonkers_2013	3.25303	31281860	66.5	2674404	82.3	13.9174660887275	126.443	2882	1	30277	3250	21731	22555	10	LV3003061555	3.45984464238821	4.48112718464408	3.51201696949613
LV3003061539	ST13		234.8	130055.6	45.25	4.4753194982822	mgca_jonkers_2013	3.677784	79008042	72.6	11352714	80.9	12.6881606418456	130.0556	42367	12	175339	45725	130290	133671	10	LV3003061539	4.62703796342359	5.24388100221832	4.6601632120103
LV3003061527	ST13		239.8	133775.4	28.59	4.7687199769278	mgca_jonkers_2013	4.634866	2673212	57.9	912714	60.4	11.4223768846317	133.7754	2253	1	12107	3392	7816	8305	10	LV3003061527	3.35295391171009	4.08307241228454	3.53058385964512
LV7008886222	GeoB25202_R1		240.5	136277.5	16.76	10.5709554267778	uk37_alkenone	4.81445	109142321	47.1	9773429	50.6	10.5709554267778	136.2775	34520	7	173328	44802	112818	124916	10	LV7008886222	4.5380833678135	5.23887123141737	4.65130709524422
LV7008886745	GeoB25202_R2		240.5	136277.5	11.25	10.5709554267778	uk37_alkenone	4.81445	89746442	46.7	5660422	49.6	10.5709554267778	136.2775	20919	4	105492	29216	70111	78836	10	LV7008886745	4.32056168019524	5.02322364293008	4.46563562055333
LV3003061513	ST13		244.8	138493	185.59	5.06212045557341	mgca_jonkers_2013	4.88014	81908351	85	25619278	146.1	10.3255171456423	138.493	25312	9	128247	30927	86741	88873	10	LV3003061513	4.40334361913045	5.10805060110755	4.49035183668448
LV7008886709	GeoB25202_R1		249.5	147206	17.31	9.36027059022222	uk37_alkenone	4.79734	129046666	45.6	8580922	48.3	9.36027059022222	147.206	9900	3	122294	14401	79541	84515	10	LV7008886709	3.99567906051162	5.08740870137971	4.15842280658488
LV7008886721	GeoB25202_R2		249.5	147206	26.71	9.36027059022222	uk37_alkenone	4.79734	88344403	46.7	12106119	49.8	9.36027059022222	147.206	25768	8	167554	32415	110688	116536	10	LV7008886721	4.41109756550828	5.2241573921236	4.51075942368019
LV3003061500	ST13		254.4	148086	431.27	5.62544937457296	mgca_jonkers_2013	4.71344	137614394	67.8	51012190	104.6	9.56141856461617	148.086	105572	19	315454	141648	206299	212436	10	LV3003061500	5.02355286279701	5.49893741541675	5.15121351287682
