threshold	method	relation_type	taxon	core	latent_score	cosine_similarity	taxon_prevalence_cores	site_sample_count	site_age_mean_kyr	site_age_span_kyr	observed_status	model_type	holdout_auc	holdout_ap	rank
prev_5	spearman	taxon_site	S__GCA_001510275.1	ST8	0.9917390110640457	0.8974674812279873	3	115	48.6460552267377	106.1615	absent	logistic_calibrated_latent_similarity	0.9730278076142738	0.9903154882717444	1
prev_5	spearman	taxon_site	S__TARA_ARC_NCLDV_00116	ST8	0.9870681512869436	0.8858663223888007	3	115	48.6460552267377	106.1615	absent	logistic_calibrated_latent_similarity	0.9730278076142738	0.9903154882717444	2
prev_5	spearman	taxon_site	S__GCA_001643535.1	ST8	0.9865409486390453	0.884829015375144	3	115	48.6460552267377	106.1615	absent	logistic_calibrated_latent_similarity	0.9730278076142738	0.9903154882717444	3
prev_5	spearman	taxon_site	S__Schulz_GVMAG_M_3300001718_3	ST8	0.9861054870542453	0.8840020050784149	3	115	48.6460552267377	106.1615	absent	logistic_calibrated_latent_similarity	0.9730278076142738	0.9903154882717444	4
prev_5	spearman	taxon_site	S__3300020364_17	ST13	0.9761382509695669	0.9054189053607813	3	48	58.9366416666667	142.42700000000002	absent	logistic_calibrated_latent_similarity	0.9730278076142738	0.9903154882717444	5
prev_5	spearman	taxon_site	S__GCA_004376075.1	ST8	0.9019425809448278	0.9105439143106643	2	115	48.6460552267377	106.1615	absent	logistic_calibrated_latent_similarity	0.9730278076142738	0.9903154882717444	6
prev_5	spearman	taxon_site	S__GCA_012974305.1	ST13	0.8961197485919948	0.8655462619098951	3	48	58.9366416666667	142.42700000000002	absent	logistic_calibrated_latent_similarity	0.9730278076142738	0.9903154882717444	7
prev_5	spearman	taxon_site	S__3300024353_52	ST8	0.8880549199752827	0.9067533058296117	2	115	48.6460552267377	106.1615	absent	logistic_calibrated_latent_similarity	0.9730278076142738	0.9903154882717444	8
prev_5	spearman	taxon_site	S__GCA_015492195.1	ST13	0.7422231192193471	0.916321634785497	2	48	58.9366416666667	142.42700000000002	absent	logistic_calibrated_latent_similarity	0.9730278076142738	0.9903154882717444	9
prev_5	spearman	taxon_site	S__GCF_001682155.1	ST13	0.7384497344528936	0.9158188004685562	2	48	58.9366416666667	142.42700000000002	absent	logistic_calibrated_latent_similarity	0.9730278076142738	0.9903154882717444	10
prev_5	spearman	taxon_site	S__GCF_002836055.1	ST13	0.6492194456644789	0.9050003215471611	2	48	58.9366416666667	142.42700000000002	absent	logistic_calibrated_latent_similarity	0.9730278076142738	0.9903154882717444	11
prev_5	spearman	taxon_site	S__3300024353_52	ST13	0.6454789939609679	0.9045805899168929	2	48	58.9366416666667	142.42700000000002	absent	logistic_calibrated_latent_similarity	0.9730278076142738	0.9903154882717444	12
prev_5	spearman	taxon_site	S__GCA_004376075.1	ST13	0.6162850740399033	0.9013678270465234	2	48	58.9366416666667	142.42700000000002	absent	logistic_calibrated_latent_similarity	0.9730278076142738	0.9903154882717444	13
prev_5	spearman	taxon_site	S__GCA_002082295.1	GeoB25202_R1	0.5049671379284564	0.8628245933751305	3	26	69.92375	146.51399999999998	absent	logistic_calibrated_latent_similarity	0.9730278076142738	0.9903154882717444	14
prev_5	spearman	taxon_site	S__GCA_012974425.1	GeoB25202_R2	0.4729606499393675	0.8618916360919012	3	25	70.39346	146.51399999999998	absent	logistic_calibrated_latent_similarity	0.9730278076142738	0.9903154882717444	15
prev_5	spearman	taxon_site	S__GCA_902514095.1	GeoB25202_R2	0.46989651397535587	0.861576630769765	3	25	70.39346	146.51399999999998	absent	logistic_calibrated_latent_similarity	0.9730278076142738	0.9903154882717444	16
prev_5	spearman	taxon_site	S__3300025232_4	GeoB25202_R2	0.45493632142564416	0.8600348616902022	3	25	70.39346	146.51399999999998	absent	logistic_calibrated_latent_similarity	0.9730278076142738	0.9903154882717444	17
prev_5	spearman	taxon_site	S__GCA_905181765.1	GeoB25202_R1	0.44889223248221444	0.8570603423132135	3	26	69.92375	146.51399999999998	absent	logistic_calibrated_latent_similarity	0.9730278076142738	0.9903154882717444	18
prev_5	spearman	taxon_site	S__GCA_905181585.1	GeoB25202_R1	0.44651313496289097	0.8568138640975744	3	26	69.92375	146.51399999999998	absent	logistic_calibrated_latent_similarity	0.9730278076142738	0.9903154882717444	19
prev_5	spearman	taxon_site	S__GCA_905478445.1	GeoB25202_R1	0.44330717992294266	0.856481318296032	3	26	69.92375	146.51399999999998	absent	logistic_calibrated_latent_similarity	0.9730278076142738	0.9903154882717444	20
prev_5	spearman	taxon_site	S__3300025690_38	GeoB25202_R2	0.44128503812788666	0.8586207206718545	3	25	70.39346	146.51399999999998	absent	logistic_calibrated_latent_similarity	0.9730278076142738	0.9903154882717444	21
prev_5	spearman	taxon_site	S__GCA_000383355.1	GeoB25202_R1	0.4406281362864576	0.8562030529652805	3	26	69.92375	146.51399999999998	absent	logistic_calibrated_latent_similarity	0.9730278076142738	0.9903154882717444	22
prev_5	spearman	taxon_site	S__3300025894_53	GeoB25202_R1	0.4384693542359018	0.8559785651900523	3	26	69.92375	146.51399999999998	absent	logistic_calibrated_latent_similarity	0.9730278076142738	0.9903154882717444	23
prev_5	spearman	taxon_site	S__3300026264_29	GeoB25202_R2	0.43825445049766615	0.8583056090427674	3	25	70.39346	146.51399999999998	absent	logistic_calibrated_latent_similarity	0.9730278076142738	0.9903154882717444	24
prev_5	spearman	taxon_site	S__3300026253_8	GeoB25202_R1	0.43577605817914816	0.8556981534468053	3	26	69.92375	146.51399999999998	absent	logistic_calibrated_latent_similarity	0.9730278076142738	0.9903154882717444	25
prev_5	spearman	taxon_site	S__3300024353_106	GeoB25202_R2	0.4275794138828702	0.8571916628443577	3	25	70.39346	146.51399999999998	absent	logistic_calibrated_latent_similarity	0.9730278076142738	0.9903154882717444	26
prev_5	spearman	taxon_site	S__GCA_002335045.1	GeoB25202_R2	0.423471501073021	0.8567611801773657	3	25	70.39346	146.51399999999998	absent	logistic_calibrated_latent_similarity	0.9730278076142738	0.9903154882717444	27
prev_5	spearman	taxon_site	S__3300026080_15	GeoB25202_R1	0.41806650067067486	0.8538436649646597	3	26	69.92375	146.51399999999998	absent	logistic_calibrated_latent_similarity	0.9730278076142738	0.9903154882717444	28
prev_5	spearman	taxon_site	S__IMGVR_UViG_3300009443_000008	GeoB25202_R2	0.4175490508337763	0.8561385747808161	3	25	70.39346	146.51399999999998	absent	logistic_calibrated_latent_similarity	0.9730278076142738	0.9903154882717444	29
prev_5	spearman	taxon_site	S__GCA_012964845.1	GeoB25202_R1	0.41674903155403425	0.8537048796298907	3	26	69.92375	146.51399999999998	absent	logistic_calibrated_latent_similarity	0.9730278076142738	0.9903154882717444	30
prev_5	spearman	taxon_site	S__TARA_SOC_28_MAG_00016	GeoB25202_R1	0.41601139110591945	0.8536271202505018	3	26	69.92375	146.51399999999998	absent	logistic_calibrated_latent_similarity	0.9730278076142738	0.9903154882717444	31
prev_5	spearman	taxon_site	S__GCA_905478615.1	GeoB25202_R2	0.41447810402342444	0.8558147637269256	3	25	70.39346	146.51399999999998	absent	logistic_calibrated_latent_similarity	0.9730278076142738	0.9903154882717444	32
prev_5	spearman	taxon_site	S__GCA_905480315.1	GeoB25202_R1	0.4137915389095049	0.8533928705928215	3	26	69.92375	146.51399999999998	absent	logistic_calibrated_latent_similarity	0.9730278076142738	0.9903154882717444	33
prev_5	spearman	taxon_site	S__TARA_ARC_108_MAG_00181	GeoB25202_R1	0.4121926417093846	0.8532239185891168	3	26	69.92375	146.51399999999998	absent	logistic_calibrated_latent_similarity	0.9730278076142738	0.9903154882717444	34
prev_5	spearman	taxon_site	S__3300025276_12	GeoB25202_R1	0.40562888397253993	0.8525282436645245	3	26	69.92375	146.51399999999998	absent	logistic_calibrated_latent_similarity	0.9730278076142738	0.9903154882717444	35
prev_5	spearman	taxon_site	S__GCA_017368835.1	GeoB25202_R2	0.40285889008167847	0.8545830050052085	3	25	70.39346	146.51399999999998	absent	logistic_calibrated_latent_similarity	0.9730278076142738	0.9903154882717444	36
prev_5	spearman	taxon_site	S__GCA_004356405.1	GeoB25202_R1	0.3881586863621586	0.8506583705744236	3	26	69.92375	146.51399999999998	absent	logistic_calibrated_latent_similarity	0.9730278076142738	0.9903154882717444	37
prev_5	spearman	taxon_site	S__GCA_008638035.1	GeoB25202_R1	0.3813501391505747	0.8499215545250135	3	26	69.92375	146.51399999999998	absent	logistic_calibrated_latent_similarity	0.9730278076142738	0.9903154882717444	38
prev_5	spearman	taxon_site	S__Schulz_GVMAG_S_1102114_126	GeoB25202_R2	0.3759671061506746	0.8516848443218982	3	25	70.39346	146.51399999999998	absent	logistic_calibrated_latent_similarity	0.9730278076142738	0.9903154882717444	39
prev_5	spearman	taxon_site	S__3300027779_26	GeoB25202_R1	0.37571754911119504	0.8493081879394171	3	26	69.92375	146.51399999999998	absent	logistic_calibrated_latent_similarity	0.9730278076142738	0.9903154882717444	40
prev_5	spearman	taxon_site	S__3300027779_27	GeoB25202_R1	0.3672345846060904	0.8483774286785886	3	26	69.92375	146.51399999999998	absent	logistic_calibrated_latent_similarity	0.9730278076142738	0.9903154882717444	41
prev_5	spearman	taxon_site	S__TARA_ARC_NCLDV_00033	GeoB25202_R1	0.365499003905445	0.8481859063311722	3	26	69.92375	146.51399999999998	absent	logistic_calibrated_latent_similarity	0.9730278076142738	0.9903154882717444	42
prev_5	spearman	taxon_site	S__3300027844_72	GeoB25202_R1	0.36139472903275227	0.8477314497500671	3	26	69.92375	146.51399999999998	absent	logistic_calibrated_latent_similarity	0.9730278076142738	0.9903154882717444	43
prev_5	spearman	taxon_site	S__IMGVR_UViG_3300049783_000307	GeoB25202_R2	0.3131664774925767	0.8445465275584246	3	25	70.39346	146.51399999999998	absent	logistic_calibrated_latent_similarity	0.9730278076142738	0.9903154882717444	44
prev_5	spearman	taxon_site	S__IMGVR_UViG_3300025853_000376	GeoB25202_R2	0.312575649550436	0.8444761254688301	3	25	70.39346	146.51399999999998	absent	logistic_calibrated_latent_similarity	0.9730278076142738	0.9903154882717444	45
prev_5	spearman	taxon_site	S__IMGVR_UViG_3300020399_000132	GeoB25202_R2	0.3081858537960962	0.8439507453079894	3	25	70.39346	146.51399999999998	absent	logistic_calibrated_latent_similarity	0.9730278076142738	0.9903154882717444	46
prev_5	spearman	taxon_site	S__3300027685_58	GeoB25202_R1	0.27707323859794003	0.8377482455337735	3	26	69.92375	146.51399999999998	absent	logistic_calibrated_latent_similarity	0.9730278076142738	0.9903154882717444	47
prev_5	spearman	taxon_site	S__GCA_002701645.1	GeoB25202_R1	0.2752689779802615	0.8375170314120183	3	26	69.92375	146.51399999999998	absent	logistic_calibrated_latent_similarity	0.9730278076142738	0.9903154882717444	48
prev_5	spearman	taxon_site	S__GCA_905182715.1	ST8	0.2523714605275053	0.904764097244491	1	115	48.6460552267377	106.1615	absent	logistic_calibrated_latent_similarity	0.9730278076142738	0.9903154882717444	49
prev_5	spearman	taxon_site	S__IMGVR_UViG_GVMAG-S-1102104-120_000001	GeoB25202_R1	0.2387061323811198	0.8326053746666533	3	26	69.92375	146.51399999999998	absent	logistic_calibrated_latent_similarity	0.9730278076142738	0.9903154882717444	50
prev_5	spearman	taxon_site	S__IMGVR_UViG_650627017_000001	GeoB25202_R1	0.23620317199066965	0.8322512641377321	3	26	69.92375	146.51399999999998	absent	logistic_calibrated_latent_similarity	0.9730278076142738	0.9903154882717444	51
prev_5	spearman	taxon_site	S__IMGVR_UViG_3300031703_000007	GeoB25202_R1	0.2181391293907714	0.8296143986138432	3	26	69.92375	146.51399999999998	absent	logistic_calibrated_latent_similarity	0.9730278076142738	0.9903154882717444	52
prev_5	spearman	taxon_site	S__IMGVR_UViG_3300006310_000001	GeoB25202_R1	0.21208528224042394	0.82869583370942	3	26	69.92375	146.51399999999998	absent	logistic_calibrated_latent_similarity	0.9730278076142738	0.9903154882717444	53
prev_5	spearman	taxon_site	S__IMGVR_UViG_3300025637_000035	GeoB25202_R1	0.2052310369245404	0.8276323773322187	3	26	69.92375	146.51399999999998	absent	logistic_calibrated_latent_similarity	0.9730278076142738	0.9903154882717444	54
prev_5	spearman	taxon_site	S__IMGVR_UViG_3300025652_000055	GeoB25202_R1	0.19115179156586465	0.8253619864224642	3	26	69.92375	146.51399999999998	absent	logistic_calibrated_latent_similarity	0.9730278076142738	0.9903154882717444	55
prev_5	spearman	taxon_site	S__IMGVR_UViG_3300028198_000003	GeoB25202_R1	0.19071548340977515	0.8252896336866771	3	26	69.92375	146.51399999999998	absent	logistic_calibrated_latent_similarity	0.9730278076142738	0.9903154882717444	56
prev_5	spearman	taxon_site	S__IMGVR_UViG_3300025296_001443	GeoB25202_R1	0.1871302116368124	0.8246902371909192	3	26	69.92375	146.51399999999998	absent	logistic_calibrated_latent_similarity	0.9730278076142738	0.9903154882717444	57
prev_5	spearman	taxon_site	S__IMGVR_UViG_3300031801_001562	GeoB25202_R1	0.18436404099034284	0.8242217127610909	3	26	69.92375	146.51399999999998	absent	logistic_calibrated_latent_similarity	0.9730278076142738	0.9903154882717444	58
prev_5	spearman	taxon_site	S__IMGVR_UViG_3300020185_000065	GeoB25202_R1	0.1805239264148842	0.823562176869805	3	26	69.92375	146.51399999999998	absent	logistic_calibrated_latent_similarity	0.9730278076142738	0.9903154882717444	59
prev_5	spearman	taxon_site	S__IMGVR_UViG_3300046532_001046	GeoB25202_R1	0.18028072777699042	0.8235200415394474	3	26	69.92375	146.51399999999998	absent	logistic_calibrated_latent_similarity	0.9730278076142738	0.9903154882717444	60
prev_5	spearman	taxon_site	S__IMGVR_UViG_3300025632_000006	GeoB25202_R1	0.17871893783122564	0.8232483912108979	3	26	69.92375	146.51399999999998	absent	logistic_calibrated_latent_similarity	0.9730278076142738	0.9903154882717444	61
prev_5	spearman	taxon_site	S__IMGVR_UViG_3300023238_000017	GeoB25202_R1	0.17643178424359734	0.8228472017087034	3	26	69.92375	146.51399999999998	absent	logistic_calibrated_latent_similarity	0.9730278076142738	0.9903154882717444	62
prev_5	spearman	taxon_site	S__IMGVR_UViG_3300046103_001257	GeoB25202_R1	0.17458183470018976	0.8225197025045984	3	26	69.92375	146.51399999999998	absent	logistic_calibrated_latent_similarity	0.9730278076142738	0.9903154882717444	63
prev_5	spearman	taxon_site	S__IMGVR_UViG_3300009136_000003	GeoB25202_R1	0.17252800243180097	0.8221528881373484	3	26	69.92375	146.51399999999998	absent	logistic_calibrated_latent_similarity	0.9730278076142738	0.9903154882717444	64
prev_5	spearman	taxon_site	S__IMGVR_UViG_3300030388_000283	GeoB25202_R1	0.1566185421792096	0.8191866852223009	3	26	69.92375	146.51399999999998	absent	logistic_calibrated_latent_similarity	0.9730278076142738	0.9903154882717444	65
prev_5	spearman	taxon_site	S__TARA_AOS_82_MAG_00110	ST13	0.1387879266551346	0.9213535347795269	1	48	58.9366416666667	142.42700000000002	absent	logistic_calibrated_latent_similarity	0.9730278076142738	0.9903154882717444	66
prev_5	spearman	taxon_site	S__GCA_002499365.1	ST13	0.13588053777948753	0.9207248631413728	1	48	58.9366416666667	142.42700000000002	absent	logistic_calibrated_latent_similarity	0.9730278076142738	0.9903154882717444	67
prev_5	spearman	taxon_site	S__IMGVR_UViG_3300034380_000005	ST13	0.11520107048494611	0.9158897474769836	1	48	58.9366416666667	142.42700000000002	absent	logistic_calibrated_latent_similarity	0.9730278076142738	0.9903154882717444	68
prev_5	spearman	taxon_site	S__TARA_ARC_108_MAG_00037	ST13	0.09464422014226358	0.9102662601151883	1	48	58.9366416666667	142.42700000000002	absent	logistic_calibrated_latent_similarity	0.9730278076142738	0.9903154882717444	69
prev_5	spearman	taxon_site	S__GCA_002168195.1	ST13	0.08771216972469713	0.9081223307140741	1	48	58.9366416666667	142.42700000000002	absent	logistic_calibrated_latent_similarity	0.9730278076142738	0.9903154882717444	70
prev_5	spearman	taxon_site	S__TARA_ARC_108_MAG_00198	ST13	0.07196841708789156	0.9026161255333307	1	48	58.9366416666667	142.42700000000002	absent	logistic_calibrated_latent_similarity	0.9730278076142738	0.9903154882717444	71
prev_5	spearman	taxon_site	S__GCA_905182435.1	GeoB25202_R1	0.03796290873706712	0.8583945156230882	2	26	69.92375	146.51399999999998	absent	logistic_calibrated_latent_similarity	0.9730278076142738	0.9903154882717444	72
prev_5	spearman	taxon_site	S__3300027801_7	GeoB25202_R1	0.03778109148869321	0.8582666914916023	2	26	69.92375	146.51399999999998	absent	logistic_calibrated_latent_similarity	0.9730278076142738	0.9903154882717444	73
prev_5	spearman	taxon_site	S__GCA_002713705.1	GeoB25202_R1	0.0369853557669234	0.8577002141687713	2	26	69.92375	146.51399999999998	absent	logistic_calibrated_latent_similarity	0.9730278076142738	0.9903154882717444	74
prev_5	spearman	taxon_site	S__TARA_SOC_28_MAG_00024	GeoB25202_R2	0.03678199439021429	0.8599029677047707	2	25	70.39346	146.51399999999998	absent	logistic_calibrated_latent_similarity	0.9730278076142738	0.9903154882717444	75
prev_5	spearman	taxon_site	S__GCA_905182765.1	GeoB25202_R1	0.036596244274379075	0.857418929432209	2	26	69.92375	146.51399999999998	absent	logistic_calibrated_latent_similarity	0.9730278076142738	0.9903154882717444	76
prev_5	spearman	taxon_site	S__GCF_002836475.1	GeoB25202_R1	0.03651611183030474	0.8573606454201745	2	26	69.92375	146.51399999999998	absent	logistic_calibrated_latent_similarity	0.9730278076142738	0.9903154882717444	77
prev_5	spearman	taxon_site	S__3300027883_17	GeoB25202_R2	0.036476155700179244	0.8596809419110035	2	25	70.39346	146.51399999999998	absent	logistic_calibrated_latent_similarity	0.9730278076142738	0.9903154882717444	78
prev_5	spearman	taxon_site	S__GCA_905182475.1	GeoB25202_R1	0.03642698450373157	0.8572956742919379	2	26	69.92375	146.51399999999998	absent	logistic_calibrated_latent_similarity	0.9730278076142738	0.9903154882717444	79
prev_5	spearman	taxon_site	S__TARA_SOC_28_MAG_00007	GeoB25202_R1	0.03633411242249671	0.8572278104147774	2	26	69.92375	146.51399999999998	absent	logistic_calibrated_latent_similarity	0.9730278076142738	0.9903154882717444	80
prev_5	spearman	taxon_site	S__GCA_905181625.1	GeoB25202_R2	0.03617619936513289	0.8594614397923234	2	25	70.39346	146.51399999999998	absent	logistic_calibrated_latent_similarity	0.9730278076142738	0.9903154882717444	81
prev_5	spearman	taxon_site	S__GCA_013203245.1	GeoB25202_R2	0.036139770128894425	0.8594346624116268	2	25	70.39346	146.51399999999998	absent	logistic_calibrated_latent_similarity	0.9730278076142738	0.9903154882717444	82
prev_5	spearman	taxon_site	S__GCA_002713705.1	GeoB25202_R2	0.03612854451018939	0.8594264057624564	2	25	70.39346	146.51399999999998	absent	logistic_calibrated_latent_similarity	0.9730278076142738	0.9903154882717444	83
prev_5	spearman	taxon_site	S__GCF_003326015.1	GeoB25202_R1	0.035519054998588165	0.8566249618924132	2	26	69.92375	146.51399999999998	absent	logistic_calibrated_latent_similarity	0.9730278076142738	0.9903154882717444	84
prev_5	spearman	taxon_site	S__TARA_ARC_108_MAG_00082	GeoB25202_R2	0.03550339948633675	0.8589626569631229	2	25	70.39346	146.51399999999998	absent	logistic_calibrated_latent_similarity	0.9730278076142738	0.9903154882717444	85
prev_5	spearman	taxon_site	S__GCA_018673385.1	GeoB25202_R2	0.03533956322764654	0.8588398184570957	2	25	70.39346	146.51399999999998	absent	logistic_calibrated_latent_similarity	0.9730278076142738	0.9903154882717444	86
prev_5	spearman	taxon_site	S__GCA_905182125.1	GeoB25202_R2	0.03515622039059184	0.8587017024318095	2	25	70.39346	146.51399999999998	absent	logistic_calibrated_latent_similarity	0.9730278076142738	0.9903154882717444	87
prev_5	spearman	taxon_site	S__3300027801_7	GeoB25202_R2	0.03465772890181335	0.858322639300215	2	25	70.39346	146.51399999999998	absent	logistic_calibrated_latent_similarity	0.9730278076142738	0.9903154882717444	88
prev_5	spearman	taxon_site	S__3300024431_52	GeoB25202_R1	0.03452573300681394	0.8558719824031361	2	26	69.92375	146.51399999999998	absent	logistic_calibrated_latent_similarity	0.9730278076142738	0.9903154882717444	89
prev_5	spearman	taxon_site	S__GCF_002836055.1	GeoB25202_R1	0.03450250903255842	0.8558541289644637	2	26	69.92375	146.51399999999998	absent	logistic_calibrated_latent_similarity	0.9730278076142738	0.9903154882717444	90
prev_5	spearman	taxon_site	S__GCA_014238785.1	GeoB25202_R2	0.0343521901867613	0.8580876946931175	2	25	70.39346	146.51399999999998	absent	logistic_calibrated_latent_similarity	0.9730278076142738	0.9903154882717444	91
prev_5	spearman	taxon_site	S__3300027883_17	GeoB25202_R1	0.03427927138033348	0.8556819214059079	2	26	69.92375	146.51399999999998	absent	logistic_calibrated_latent_similarity	0.9730278076142738	0.9903154882717444	92
prev_5	spearman	taxon_site	S__GCA_905182305.1	GeoB25202_R2	0.03401240565826403	0.8578240380607306	2	25	70.39346	146.51399999999998	absent	logistic_calibrated_latent_similarity	0.9730278076142738	0.9903154882717444	93
prev_5	spearman	taxon_site	S__GCF_002836475.1	GeoB25202_R2	0.03386649703495841	0.8577100392018171	2	25	70.39346	146.51399999999998	absent	logistic_calibrated_latent_similarity	0.9730278076142738	0.9903154882717444	94
prev_5	spearman	taxon_site	S__3300024431_52	GeoB25202_R2	0.033804804272619095	0.8576616958392584	2	25	70.39346	146.51399999999998	absent	logistic_calibrated_latent_similarity	0.9730278076142738	0.9903154882717444	95
prev_5	spearman	taxon_site	S__GCA_905616395.1	GeoB25202_R2	0.033606955063465546	0.8575060818689597	2	25	70.39346	146.51399999999998	absent	logistic_calibrated_latent_similarity	0.9730278076142738	0.9903154882717444	96
prev_5	spearman	taxon_site	S__3300020303_2	GeoB25202_R2	0.03348258245814697	0.8574078060363785	2	25	70.39346	146.51399999999998	absent	logistic_calibrated_latent_similarity	0.9730278076142738	0.9903154882717444	97
prev_5	spearman	taxon_site	S__GCA_905616395.1	GeoB25202_R1	0.03339423223133815	0.8549883753755726	2	26	69.92375	146.51399999999998	absent	logistic_calibrated_latent_similarity	0.9730278076142738	0.9903154882717444	98
prev_5	spearman	taxon_site	S__TARA_ARC_108_MAG_00082	GeoB25202_R1	0.03327415142665443	0.8548929122128901	2	26	69.92375	146.51399999999998	absent	logistic_calibrated_latent_similarity	0.9730278076142738	0.9903154882717444	99
prev_5	spearman	taxon_site	S__TARA_SOC_28_MAG_00007	GeoB25202_R2	0.03312303514861388	0.8571217066914566	2	25	70.39346	146.51399999999998	absent	logistic_calibrated_latent_similarity	0.9730278076142738	0.9903154882717444	100
prev_5	spearman	taxon_site	S__TARA_ARC_108_MAG_00066	GeoB25202_R1	0.03311731537580026	0.8547677267453871	2	26	69.92375	146.51399999999998	absent	logistic_calibrated_latent_similarity	0.9730278076142738	0.9903154882717444	101
prev_5	spearman	taxon_site	S__GCA_014384445.1	GeoB25202_R2	0.03295799014687385	0.8569893712237676	2	25	70.39346	146.51399999999998	absent	logistic_calibrated_latent_similarity	0.9730278076142738	0.9903154882717444	102
prev_5	spearman	taxon_site	S__3300020444_12	GeoB25202_R2	0.03253372228488287	0.8566462266581129	2	25	70.39346	146.51399999999998	absent	logistic_calibrated_latent_similarity	0.9730278076142738	0.9903154882717444	103
prev_5	spearman	taxon_site	S__GCA_905182385.1	GeoB25202_R2	0.03207680804918084	0.8562718074934952	2	25	70.39346	146.51399999999998	absent	logistic_calibrated_latent_similarity	0.9730278076142738	0.9903154882717444	104
prev_5	spearman	taxon_site	S__3300020389_47	GeoB25202_R2	0.03202977320135582	0.8562329724485302	2	25	70.39346	146.51399999999998	absent	logistic_calibrated_latent_similarity	0.9730278076142738	0.9903154882717444	105
prev_5	spearman	taxon_site	S__GCA_905479195.1	GeoB25202_R2	0.03200158479011097	0.8562096718193155	2	25	70.39346	146.51399999999998	absent	logistic_calibrated_latent_similarity	0.9730278076142738	0.9903154882717444	106
prev_5	spearman	taxon_site	S__GCA_013203245.1	GeoB25202_R1	0.03188047289706123	0.8537599295904882	2	26	69.92375	146.51399999999998	absent	logistic_calibrated_latent_similarity	0.9730278076142738	0.9903154882717444	107
prev_5	spearman	taxon_site	S__TARA_ARC_108_MAG_00066	GeoB25202_R2	0.03166954537306405	0.8559337031184263	2	25	70.39346	146.51399999999998	absent	logistic_calibrated_latent_similarity	0.9730278076142738	0.9903154882717444	108
prev_5	spearman	taxon_site	S__GCA_902608305.1	GeoB25202_R2	0.03147303412221322	0.8557690549664589	2	25	70.39346	146.51399999999998	absent	logistic_calibrated_latent_similarity	0.9730278076142738	0.9903154882717444	109
prev_5	spearman	taxon_site	S__GCA_018830725.1	GeoB25202_R2	0.031385988940457375	0.8556958055440871	2	25	70.39346	146.51399999999998	absent	logistic_calibrated_latent_similarity	0.9730278076142738	0.9903154882717444	110
prev_5	spearman	taxon_site	S__GCA_905182765.1	GeoB25202_R2	0.03131726960969924	0.8556378385360264	2	25	70.39346	146.51399999999998	absent	logistic_calibrated_latent_similarity	0.9730278076142738	0.9903154882717444	111
prev_5	spearman	taxon_site	S__TARA_SOC_28_MAG_00024	GeoB25202_R1	0.031166025876693745	0.8531604202961715	2	26	69.92375	146.51399999999998	absent	logistic_calibrated_latent_similarity	0.9730278076142738	0.9903154882717444	112
prev_5	spearman	taxon_site	S__GCA_905620445.1	GeoB25202_R2	0.031073135354224384	0.8554309031117262	2	25	70.39346	146.51399999999998	absent	logistic_calibrated_latent_similarity	0.9730278076142738	0.9903154882717444	113
prev_5	spearman	taxon_site	S__GCA_013390745.1	GeoB25202_R2	0.030988451406248108	0.8553587547348219	2	25	70.39346	146.51399999999998	absent	logistic_calibrated_latent_similarity	0.9730278076142738	0.9903154882717444	114
prev_5	spearman	taxon_site	S__GCA_018656365.1	GeoB25202_R2	0.03091282082253106	0.8552941580478867	2	25	70.39346	146.51399999999998	absent	logistic_calibrated_latent_similarity	0.9730278076142738	0.9903154882717444	115
prev_5	spearman	taxon_site	S__GCA_905181625.1	GeoB25202_R1	0.030695328400877235	0.852758135350118	2	26	69.92375	146.51399999999998	absent	logistic_calibrated_latent_similarity	0.9730278076142738	0.9903154882717444	116
prev_5	spearman	taxon_site	S__GCA_905182475.1	GeoB25202_R2	0.030569191602876144	0.8549987212322209	2	25	70.39346	146.51399999999998	absent	logistic_calibrated_latent_similarity	0.9730278076142738	0.9903154882717444	117
prev_5	spearman	taxon_site	S__GCF_001682155.1	GeoB25202_R2	0.030312466080905088	0.854775893719742	2	25	70.39346	146.51399999999998	absent	logistic_calibrated_latent_similarity	0.9730278076142738	0.9903154882717444	118
prev_5	spearman	taxon_site	S__GCA_905182305.1	GeoB25202_R1	0.029963861372783753	0.8521209695153761	2	26	69.92375	146.51399999999998	absent	logistic_calibrated_latent_similarity	0.9730278076142738	0.9903154882717444	119
prev_5	spearman	taxon_site	S__GCA_905181655.1	GeoB25202_R2	0.029925037038853457	0.8544361350756592	2	25	70.39346	146.51399999999998	absent	logistic_calibrated_latent_similarity	0.9730278076142738	0.9903154882717444	120
prev_5	spearman	taxon_site	S__GCF_003326015.1	GeoB25202_R2	0.029645015509807103	0.8541879037260376	2	25	70.39346	146.51399999999998	absent	logistic_calibrated_latent_similarity	0.9730278076142738	0.9903154882717444	121
prev_5	spearman	taxon_site	S__3300020303_2	GeoB25202_R1	0.029629591576136177	0.8518247604614024	2	26	69.92375	146.51399999999998	absent	logistic_calibrated_latent_similarity	0.9730278076142738	0.9903154882717444	122
prev_5	spearman	taxon_site	S__GCA_018830725.1	GeoB25202_R1	0.029574126927575595	0.8517752980248291	2	26	69.92375	146.51399999999998	absent	logistic_calibrated_latent_similarity	0.9730278076142738	0.9903154882717444	123
prev_5	spearman	taxon_site	S__GCA_905182065.1	GeoB25202_R2	0.02955581625907302	0.8541083535448241	2	25	70.39346	146.51399999999998	absent	logistic_calibrated_latent_similarity	0.9730278076142738	0.9903154882717444	124
prev_5	spearman	taxon_site	S__3300024429_35	ST13	0.029115055259260718	0.878277062306882	1	48	58.9366416666667	142.42700000000002	absent	logistic_calibrated_latent_similarity	0.9730278076142738	0.9903154882717444	125
prev_5	spearman	taxon_site	S__GCA_004356805.1	GeoB25202_R2	0.02901472760143746	0.8536207491549784	2	25	70.39346	146.51399999999998	absent	logistic_calibrated_latent_similarity	0.9730278076142738	0.9903154882717444	126
prev_5	spearman	taxon_site	S__IMGVR_UViG_GVMAG-S-1102107-84_000001	GeoB25202_R2	0.02850195346906478	0.8531504499737447	2	25	70.39346	146.51399999999998	absent	logistic_calibrated_latent_similarity	0.9730278076142738	0.9903154882717444	127
prev_5	spearman	taxon_site	S__GCA_905181655.1	GeoB25202_R1	0.028399249793017504	0.8507058628286313	2	26	69.92375	146.51399999999998	absent	logistic_calibrated_latent_similarity	0.9730278076142738	0.9903154882717444	128
prev_5	spearman	taxon_site	S__GCA_905182065.1	GeoB25202_R1	0.02812364709787613	0.850448781214278	2	26	69.92375	146.51399999999998	absent	logistic_calibrated_latent_similarity	0.9730278076142738	0.9903154882717444	129
prev_5	spearman	taxon_site	S__GCA_905618905.1	GeoB25202_R2	0.02803808701598366	0.8527178776038743	2	25	70.39346	146.51399999999998	absent	logistic_calibrated_latent_similarity	0.9730278076142738	0.9903154882717444	130
prev_5	spearman	taxon_site	S__GCA_015492195.1	GeoB25202_R2	0.027565973294451047	0.8522704182281743	2	25	70.39346	146.51399999999998	absent	logistic_calibrated_latent_similarity	0.9730278076142738	0.9903154882717444	131
prev_5	spearman	taxon_site	S__GCA_905620445.1	GeoB25202_R1	0.027277062127648518	0.8496435028467844	2	26	69.92375	146.51399999999998	absent	logistic_calibrated_latent_similarity	0.9730278076142738	0.9903154882717444	132
prev_5	spearman	taxon_site	S__GCA_014238785.1	GeoB25202_R1	0.026804631266419007	0.8491834982441233	2	26	69.92375	146.51399999999998	absent	logistic_calibrated_latent_similarity	0.9730278076142738	0.9903154882717444	133
prev_5	spearman	taxon_site	S__GCA_018673385.1	GeoB25202_R1	0.026644815859674778	0.8490261003006025	2	26	69.92375	146.51399999999998	absent	logistic_calibrated_latent_similarity	0.9730278076142738	0.9903154882717444	134
prev_5	spearman	taxon_site	S__GCA_016777365.1	GeoB25202_R1	0.026303423302420338	0.8486867728900466	2	26	69.92375	146.51399999999998	absent	logistic_calibrated_latent_similarity	0.9730278076142738	0.9903154882717444	135
prev_5	spearman	taxon_site	S__GCA_014384445.1	GeoB25202_R1	0.026132252659280847	0.848515021540884	2	26	69.92375	146.51399999999998	absent	logistic_calibrated_latent_similarity	0.9730278076142738	0.9903154882717444	136
prev_5	spearman	taxon_site	S__GCA_905182125.1	GeoB25202_R1	0.026003989386675818	0.8483856040657901	2	26	69.92375	146.51399999999998	absent	logistic_calibrated_latent_similarity	0.9730278076142738	0.9903154882717444	137
prev_5	spearman	taxon_site	S__3300020444_12	GeoB25202_R1	0.02544236670226154	0.8478115107125984	2	26	69.92375	146.51399999999998	absent	logistic_calibrated_latent_similarity	0.9730278076142738	0.9903154882717444	138
prev_5	spearman	taxon_site	S__IMGVR_UViG_3300031687_001020	GeoB25202_R2	0.025035174591557154	0.8497369109273181	2	25	70.39346	146.51399999999998	absent	logistic_calibrated_latent_similarity	0.9730278076142738	0.9903154882717444	139
prev_5	spearman	taxon_site	S__GCA_016777365.1	GeoB25202_R2	0.02480781721322894	0.8494972339256771	2	25	70.39346	146.51399999999998	absent	logistic_calibrated_latent_similarity	0.9730278076142738	0.9903154882717444	140
prev_5	spearman	taxon_site	S__GCA_905182435.1	GeoB25202_R2	0.02445421153384419	0.8491201801184995	2	25	70.39346	146.51399999999998	absent	logistic_calibrated_latent_similarity	0.9730278076142738	0.9903154882717444	141
prev_5	spearman	taxon_site	S__GCA_905181685.1	GeoB25202_R2	0.023752300588406258	0.8483557101157089	2	25	70.39346	146.51399999999998	absent	logistic_calibrated_latent_similarity	0.9730278076142738	0.9903154882717444	142
prev_5	spearman	taxon_site	S__GCA_004356805.1	GeoB25202_R1	0.023219817641779564	0.8454115161434032	2	26	69.92375	146.51399999999998	absent	logistic_calibrated_latent_similarity	0.9730278076142738	0.9903154882717444	143
prev_5	spearman	taxon_site	S__GCA_905181955.1	GeoB25202_R2	0.023021998041158627	0.8475365559878391	2	25	70.39346	146.51399999999998	absent	logistic_calibrated_latent_similarity	0.9730278076142738	0.9903154882717444	144
prev_5	spearman	taxon_site	S__3300020317_19	GeoB25202_R2	0.02286944712718932	0.8473622453024162	2	25	70.39346	146.51399999999998	absent	logistic_calibrated_latent_similarity	0.9730278076142738	0.9903154882717444	145
prev_5	spearman	taxon_site	S__GCA_905182385.1	GeoB25202_R1	0.022304489011403642	0.844357253812889	2	26	69.92375	146.51399999999998	absent	logistic_calibrated_latent_similarity	0.9730278076142738	0.9903154882717444	146
prev_5	spearman	taxon_site	S__3300020389_47	GeoB25202_R1	0.02217169749381037	0.8442008061793427	2	26	69.92375	146.51399999999998	absent	logistic_calibrated_latent_similarity	0.9730278076142738	0.9903154882717444	147
prev_5	spearman	taxon_site	S__GCA_905479195.1	GeoB25202_R1	0.022091624729129674	0.8441060256885549	2	26	69.92375	146.51399999999998	absent	logistic_calibrated_latent_similarity	0.9730278076142738	0.9903154882717444	148
prev_5	spearman	taxon_site	S__Schulz_GVMAG_S_1102104_120	GeoB25202_R2	0.021841969571177292	0.8461577479199048	2	25	70.39346	146.51399999999998	absent	logistic_calibrated_latent_similarity	0.9730278076142738	0.9903154882717444	149
prev_5	spearman	taxon_site	S__GCA_018656365.1	GeoB25202_R1	0.021682060667765513	0.8436159196174511	2	26	69.92375	146.51399999999998	absent	logistic_calibrated_latent_similarity	0.9730278076142738	0.9903154882717444	150
prev_5	spearman	taxon_site	S__TARA_ARC_NCLDV_00117	GeoB25202_R2	0.021673322398186912	0.8459547690234216	2	25	70.39346	146.51399999999998	absent	logistic_calibrated_latent_similarity	0.9730278076142738	0.9903154882717444	151
prev_5	spearman	taxon_site	S__GCA_002457605.1	GeoB25202_R2	0.021501770542122302	0.845746703337404	2	25	70.39346	146.51399999999998	absent	logistic_calibrated_latent_similarity	0.9730278076142738	0.9903154882717444	152
prev_5	spearman	taxon_site	S__GCA_905618905.1	GeoB25202_R1	0.02085602147308997	0.8425992708952993	2	26	69.92375	146.51399999999998	absent	logistic_calibrated_latent_similarity	0.9730278076142738	0.9903154882717444	153
prev_5	spearman	taxon_site	S__TARA_ARC_NCLDV_00137	GeoB25202_R2	0.02079426963488992	0.8448710988465155	2	25	70.39346	146.51399999999998	absent	logistic_calibrated_latent_similarity	0.9730278076142738	0.9903154882717444	154
prev_5	spearman	taxon_site	S__IMGVR_UViG_3300025860_000061	GeoB25202_R2	0.020734068614819953	0.8447952532525115	2	25	70.39346	146.51399999999998	absent	logistic_calibrated_latent_similarity	0.9730278076142738	0.9903154882717444	155
prev_5	spearman	taxon_site	S__GCA_902608305.1	GeoB25202_R1	0.02072045511759547	0.8424286676914234	2	26	69.92375	146.51399999999998	absent	logistic_calibrated_latent_similarity	0.9730278076142738	0.9903154882717444	156
prev_5	spearman	taxon_site	S__3300020317_19	GeoB25202_R1	0.020102409882928524	0.8416367799143287	2	26	69.92375	146.51399999999998	absent	logistic_calibrated_latent_similarity	0.9730278076142738	0.9903154882717444	157
prev_5	spearman	taxon_site	S__GCA_013390745.1	GeoB25202_R1	0.02003087099455371	0.8415435834386173	2	26	69.92375	146.51399999999998	absent	logistic_calibrated_latent_similarity	0.9730278076142738	0.9903154882717444	158
prev_5	spearman	taxon_site	S__IMGVR_UViG_GVMAG-S-ERX556030-34_000001	GeoB25202_R2	0.019807061239895007	0.8435993021693017	2	25	70.39346	146.51399999999998	absent	logistic_calibrated_latent_similarity	0.9730278076142738	0.9903154882717444	159
prev_5	spearman	taxon_site	S__GCA_019057915.1	GeoB25202_R2	0.019371737586402694	0.8430186330479373	2	25	70.39346	146.51399999999998	absent	logistic_calibrated_latent_similarity	0.9730278076142738	0.9903154882717444	160
prev_5	spearman	taxon_site	S__IMGVR_UViG_3300020166_000001	GeoB25202_R2	0.019142867862562963	0.8427081979039439	2	25	70.39346	146.51399999999998	absent	logistic_calibrated_latent_similarity	0.9730278076142738	0.9903154882717444	161
prev_5	spearman	taxon_site	S__IMGVR_UViG_3300031688_001339	GeoB25202_R2	0.01913789558786255	0.8427014132808089	2	25	70.39346	146.51399999999998	absent	logistic_calibrated_latent_similarity	0.9730278076142738	0.9903154882717444	162
prev_5	spearman	taxon_site	S__Schulz_GVMAG_S_1024967_63	GeoB25202_R2	0.01907653009067025	0.8426175380354218	2	25	70.39346	146.51399999999998	absent	logistic_calibrated_latent_similarity	0.9730278076142738	0.9903154882717444	163
prev_5	spearman	taxon_site	S__IMGVR_UViG_3300027861_000023	GeoB25202_R2	0.018951965378810862	0.8424464645253219	2	25	70.39346	146.51399999999998	absent	logistic_calibrated_latent_similarity	0.9730278076142738	0.9903154882717444	164
prev_5	spearman	taxon_site	S__TARA_ARC_NCLDV_00176	GeoB25202_R2	0.018631322492838887	0.8420009785892784	2	25	70.39346	146.51399999999998	absent	logistic_calibrated_latent_similarity	0.9730278076142738	0.9903154882717444	165
prev_5	spearman	taxon_site	S__IMGVR_UViG_3300037585_000783	GeoB25202_R2	0.017848399930972966	0.8408808047537448	2	25	70.39346	146.51399999999998	absent	logistic_calibrated_latent_similarity	0.9730278076142738	0.9903154882717444	166
prev_5	spearman	taxon_site	S__Phycodnaviridae_KF481686_Emiliania_huxleyi_virus_145	GeoB25202_R2	0.017709568021272118	0.8406771458662086	2	25	70.39346	146.51399999999998	absent	logistic_calibrated_latent_similarity	0.9730278076142738	0.9903154882717444	167
prev_5	spearman	taxon_site	S__IMGVR_UViG_3300025832_000009	GeoB25202_R2	0.01763795551971235	0.840571480478715	2	25	70.39346	146.51399999999998	absent	logistic_calibrated_latent_similarity	0.9730278076142738	0.9903154882717444	168
prev_5	spearman	taxon_site	S__IMGVR_UViG_3300025874_000005	GeoB25202_R2	0.017306564480447397	0.8400769560936662	2	25	70.39346	146.51399999999998	absent	logistic_calibrated_latent_similarity	0.9730278076142738	0.9903154882717444	169
prev_5	spearman	taxon_site	S__IMGVR_UViG_3300027668_002455	GeoB25202_R2	0.017087931426480893	0.8397455776026808	2	25	70.39346	146.51399999999998	absent	logistic_calibrated_latent_similarity	0.9730278076142738	0.9903154882717444	170
prev_5	spearman	taxon_site	S__IMGVR_UViG_3300030059_000588	GeoB25202_R2	0.01693463007526676	0.8395107271570589	2	25	70.39346	146.51399999999998	absent	logistic_calibrated_latent_similarity	0.9730278076142738	0.9903154882717444	171
prev_5	spearman	taxon_site	S__IMGVR_UViG_3300025696_000003	GeoB25202_R2	0.016828379008402377	0.8393467264369076	2	25	70.39346	146.51399999999998	absent	logistic_calibrated_latent_similarity	0.9730278076142738	0.9903154882717444	172
prev_5	spearman	taxon_site	S__TARA_ARC_NCLDV_00036	GeoB25202_R2	0.016650100154849672	0.8390692491121513	2	25	70.39346	146.51399999999998	absent	logistic_calibrated_latent_similarity	0.9730278076142738	0.9903154882717444	173
prev_5	spearman	taxon_site	S__GCA_002457605.1	GeoB25202_R1	0.016637807380962308	0.8367006044506278	2	26	69.92375	146.51399999999998	absent	logistic_calibrated_latent_similarity	0.9730278076142738	0.9903154882717444	174
prev_5	spearman	taxon_site	S__IMGVR_UViG_3300025707_000009	GeoB25202_R2	0.01659887998871354	0.8389889886489172	2	25	70.39346	146.51399999999998	absent	logistic_calibrated_latent_similarity	0.9730278076142738	0.9903154882717444	175
prev_5	spearman	taxon_site	S__IMGVR_UViG_3300020385_000015	GeoB25202_R2	0.016456583045304264	0.8387647291204577	2	25	70.39346	146.51399999999998	absent	logistic_calibrated_latent_similarity	0.9730278076142738	0.9903154882717444	176
prev_5	spearman	taxon_site	S__Moniruzzaman_LP01_SRX672316_10_dc	GeoB25202_R2	0.0161286543035719	0.8382405675879984	2	25	70.39346	146.51399999999998	absent	logistic_calibrated_latent_similarity	0.9730278076142738	0.9903154882717444	177
prev_5	spearman	taxon_site	S__IMGVR_UViG_3300025096_000017	GeoB25202_R2	0.01597457139959274	0.8379906511603646	2	25	70.39346	146.51399999999998	absent	logistic_calibrated_latent_similarity	0.9730278076142738	0.9903154882717444	178
prev_5	spearman	taxon_site	S__IMGVR_UViG_3300020595_000038	GeoB25202_R2	0.015909377833379236	0.8378841950544729	2	25	70.39346	146.51399999999998	absent	logistic_calibrated_latent_similarity	0.9730278076142738	0.9903154882717444	179
prev_5	spearman	taxon_site	S__TARA_ARC_NCLDV_00036	GeoB25202_R1	0.0153096564184684	0.834534852022245	2	26	69.92375	146.51399999999998	absent	logistic_calibrated_latent_similarity	0.9730278076142738	0.9903154882717444	180
prev_5	spearman	taxon_site	S__IMGVR_UViG_GVMAG-S-1102107-84_000001	GeoB25202_R1	0.015156980731170399	0.8342741324375715	2	26	69.92375	146.51399999999998	absent	logistic_calibrated_latent_similarity	0.9730278076142738	0.9903154882717444	181
prev_5	spearman	taxon_site	S__IMGVR_UViG_3300047157_000086	GeoB25202_R2	0.014601450772424479	0.835652544673596	2	25	70.39346	146.51399999999998	absent	logistic_calibrated_latent_similarity	0.9730278076142738	0.9903154882717444	182
prev_5	spearman	taxon_site	S__IMGVR_UViG_3300025120_000373	GeoB25202_R2	0.01458955519883967	0.8356313571661491	2	25	70.39346	146.51399999999998	absent	logistic_calibrated_latent_similarity	0.9730278076142738	0.9903154882717444	183
prev_5	spearman	taxon_site	S__GCA_905181685.1	GeoB25202_R1	0.014473434626467318	0.8330742288548668	2	26	69.92375	146.51399999999998	absent	logistic_calibrated_latent_similarity	0.9730278076142738	0.9903154882717444	184
prev_5	spearman	taxon_site	S__IMGVR_UViG_3300025264_000009	GeoB25202_R2	0.014413146547922903	0.8353151376094508	2	25	70.39346	146.51399999999998	absent	logistic_calibrated_latent_similarity	0.9730278076142738	0.9903154882717444	185
prev_5	spearman	taxon_site	S__IMGVR_UViG_3300047369_000202	GeoB25202_R2	0.014352964622061256	0.8352063860611997	2	25	70.39346	146.51399999999998	absent	logistic_calibrated_latent_similarity	0.9730278076142738	0.9903154882717444	186
prev_5	spearman	taxon_site	S__IMGVR_UViG_3300025666_000032	GeoB25202_R2	0.014345473585861827	0.8351928179738533	2	25	70.39346	146.51399999999998	absent	logistic_calibrated_latent_similarity	0.9730278076142738	0.9903154882717444	187
prev_5	spearman	taxon_site	S__GCA_905181955.1	GeoB25202_R1	0.014298674836192826	0.8327584912619698	2	26	69.92375	146.51399999999998	absent	logistic_calibrated_latent_similarity	0.9730278076142738	0.9903154882717444	188
prev_5	spearman	taxon_site	S__IMGVR_UViG_3300023293_000013	GeoB25202_R2	0.014127125495209376	0.8347942375957835	2	25	70.39346	146.51399999999998	absent	logistic_calibrated_latent_similarity	0.9730278076142738	0.9903154882717444	189
prev_5	spearman	taxon_site	S__IMGVR_UViG_3300027788_000027	GeoB25202_R2	0.014106473592664676	0.8347562250906431	2	25	70.39346	146.51399999999998	absent	logistic_calibrated_latent_similarity	0.9730278076142738	0.9903154882717444	190
prev_5	spearman	taxon_site	S__IMGVR_UViG_3300031519_000028	GeoB25202_R2	0.013869986973566966	0.8343169870328616	2	25	70.39346	146.51399999999998	absent	logistic_calibrated_latent_similarity	0.9730278076142738	0.9903154882717444	191
prev_5	spearman	taxon_site	S__IMGVR_UViG_3300037191_001144	GeoB25202_R2	0.013820355989804143	0.8342238681064373	2	25	70.39346	146.51399999999998	absent	logistic_calibrated_latent_similarity	0.9730278076142738	0.9903154882717444	192
prev_5	spearman	taxon_site	S__IMGVR_UViG_3300023239_000010	GeoB25202_R2	0.013681058401480999	0.8339607422153643	2	25	70.39346	146.51399999999998	absent	logistic_calibrated_latent_similarity	0.9730278076142738	0.9903154882717444	193
prev_5	spearman	taxon_site	S__IMGVR_UViG_3300025079_000004	GeoB25202_R2	0.013267692960148897	0.8331640715769947	2	25	70.39346	146.51399999999998	absent	logistic_calibrated_latent_similarity	0.9730278076142738	0.9903154882717444	194
prev_5	spearman	taxon_site	S__IMGVR_UViG_GVMAG-S-ERX556030-34_000001	GeoB25202_R1	0.012124862639225235	0.8284775935447912	2	26	69.92375	146.51399999999998	absent	logistic_calibrated_latent_similarity	0.9730278076142738	0.9903154882717444	195
prev_5	spearman	taxon_site	S__Schulz_GVMAG_S_1102104_120	GeoB25202_R1	0.01090481159377241	0.825729191768155	2	26	69.92375	146.51399999999998	absent	logistic_calibrated_latent_similarity	0.9730278076142738	0.9903154882717444	196
prev_5	spearman	taxon_site	S__GCA_019057915.1	GeoB25202_R1	0.010898805953071907	0.8257149242165487	2	26	69.92375	146.51399999999998	absent	logistic_calibrated_latent_similarity	0.9730278076142738	0.9903154882717444	197
prev_5	spearman	taxon_site	S__IMGVR_UViG_3300031687_001020	GeoB25202_R1	0.010524707695791924	0.8248104964852908	2	26	69.92375	146.51399999999998	absent	logistic_calibrated_latent_similarity	0.9730278076142738	0.9903154882717444	198
prev_5	spearman	taxon_site	S__TARA_ARC_NCLDV_00137	GeoB25202_R1	0.010223247388779645	0.8240582294404375	2	26	69.92375	146.51399999999998	absent	logistic_calibrated_latent_similarity	0.9730278076142738	0.9903154882717444	199
prev_5	spearman	taxon_site	S__TARA_ARC_NCLDV_00117	GeoB25202_R1	0.009936210120319157	0.823321265322357	2	26	69.92375	146.51399999999998	absent	logistic_calibrated_latent_similarity	0.9730278076142738	0.9903154882717444	200
prev_5	spearman	taxon_site	S__IMGVR_UViG_3300020166_000001	GeoB25202_R1	0.009395777443966387	0.821874648411141	2	26	69.92375	146.51399999999998	absent	logistic_calibrated_latent_similarity	0.9730278076142738	0.9903154882717444	201
prev_5	spearman	taxon_site	S__Phycodnaviridae_KF481686_Emiliania_huxleyi_virus_145	GeoB25202_R1	0.008955983522276386	0.8206352373599483	2	26	69.92375	146.51399999999998	absent	logistic_calibrated_latent_similarity	0.9730278076142738	0.9903154882717444	202
prev_5	spearman	taxon_site	S__IMGVR_UViG_3300027861_000023	GeoB25202_R1	0.00885491710518104	0.820341899189104	2	26	69.92375	146.51399999999998	absent	logistic_calibrated_latent_similarity	0.9730278076142738	0.9903154882717444	203
prev_5	spearman	taxon_site	S__TARA_ARC_NCLDV_00176	GeoB25202_R1	0.008774219113723126	0.8201052866006507	2	26	69.92375	146.51399999999998	absent	logistic_calibrated_latent_similarity	0.9730278076142738	0.9903154882717444	204
prev_5	spearman	taxon_site	S__IMGVR_UViG_3300037585_000783	GeoB25202_R1	0.008470574406612445	0.8191952241969909	2	26	69.92375	146.51399999999998	absent	logistic_calibrated_latent_similarity	0.9730278076142738	0.9903154882717444	205
prev_5	spearman	taxon_site	S__IMGVR_UViG_3300031688_001339	GeoB25202_R1	0.008314203891939811	0.8187138642810313	2	26	69.92375	146.51399999999998	absent	logistic_calibrated_latent_similarity	0.9730278076142738	0.9903154882717444	206
prev_5	spearman	taxon_site	S__IMGVR_UViG_3300025874_000005	GeoB25202_R1	0.007876300197861922	0.817316494315657	2	26	69.92375	146.51399999999998	absent	logistic_calibrated_latent_similarity	0.9730278076142738	0.9903154882717444	207
prev_5	spearman	taxon_site	S__Schulz_GVMAG_S_1024967_63	GeoB25202_R1	0.00782579808984012	0.8171504077588897	2	26	69.92375	146.51399999999998	absent	logistic_calibrated_latent_similarity	0.9730278076142738	0.9903154882717444	208
prev_5	spearman	taxon_site	S__IMGVR_UViG_3300025860_000061	GeoB25202_R1	0.007818908281285971	0.8171276668202839	2	26	69.92375	146.51399999999998	absent	logistic_calibrated_latent_similarity	0.9730278076142738	0.9903154882717444	209
prev_5	spearman	taxon_site	S__IMGVR_UViG_3300025696_000003	GeoB25202_R1	0.007646306152759521	0.8165513816647852	2	26	69.92375	146.51399999999998	absent	logistic_calibrated_latent_similarity	0.9730278076142738	0.9903154882717444	210
prev_5	spearman	taxon_site	S__Moniruzzaman_LP01_SRX672316_10_dc	GeoB25202_R1	0.007372335289540128	0.8156095936279312	2	26	69.92375	146.51399999999998	absent	logistic_calibrated_latent_similarity	0.9730278076142738	0.9903154882717444	211
prev_5	spearman	taxon_site	S__IMGVR_UViG_3300047369_000202	GeoB25202_R1	0.007280165165753777	0.8152849285071141	2	26	69.92375	146.51399999999998	absent	logistic_calibrated_latent_similarity	0.9730278076142738	0.9903154882717444	212
prev_5	spearman	taxon_site	S__IMGVR_UViG_3300020595_000038	GeoB25202_R1	0.007261560839045224	0.815218900905102	2	26	69.92375	146.51399999999998	absent	logistic_calibrated_latent_similarity	0.9730278076142738	0.9903154882717444	213
prev_5	spearman	taxon_site	S__IMGVR_UViG_3300025707_000009	GeoB25202_R1	0.0072104296404728405	0.8150365652779787	2	26	69.92375	146.51399999999998	absent	logistic_calibrated_latent_similarity	0.9730278076142738	0.9903154882717444	214
prev_5	spearman	taxon_site	S__IMGVR_UViG_3300030059_000588	GeoB25202_R1	0.006995287942827134	0.8142550307244372	2	26	69.92375	146.51399999999998	absent	logistic_calibrated_latent_similarity	0.9730278076142738	0.9903154882717444	215
prev_5	spearman	taxon_site	S__IMGVR_UViG_3300027668_002455	GeoB25202_R1	0.006951978833584776	0.8140948210241106	2	26	69.92375	146.51399999999998	absent	logistic_calibrated_latent_similarity	0.9730278076142738	0.9903154882717444	216
prev_5	spearman	taxon_site	S__IMGVR_UViG_3300025264_000009	GeoB25202_R1	0.006933351163565385	0.8140256082392627	2	26	69.92375	146.51399999999998	absent	logistic_calibrated_latent_similarity	0.9730278076142738	0.9903154882717444	217
prev_5	spearman	taxon_site	S__IMGVR_UViG_3300025832_000009	GeoB25202_R1	0.006808074842086907	0.8135552796182193	2	26	69.92375	146.51399999999998	absent	logistic_calibrated_latent_similarity	0.9730278076142738	0.9903154882717444	218
prev_5	spearman	taxon_site	S__IMGVR_UViG_3300025666_000032	GeoB25202_R1	0.006791850032652974	0.8134937386066138	2	26	69.92375	146.51399999999998	absent	logistic_calibrated_latent_similarity	0.9730278076142738	0.9903154882717444	219
prev_5	spearman	taxon_site	S__IMGVR_UViG_3300027788_000027	GeoB25202_R1	0.006608906410396672	0.812789544235578	2	26	69.92375	146.51399999999998	absent	logistic_calibrated_latent_similarity	0.9730278076142738	0.9903154882717444	220
prev_5	spearman	taxon_site	S__IMGVR_UViG_3300020385_000015	GeoB25202_R1	0.0064917645594271154	0.8123283942145846	2	26	69.92375	146.51399999999998	absent	logistic_calibrated_latent_similarity	0.9730278076142738	0.9903154882717444	221
prev_5	spearman	taxon_site	S__IMGVR_UViG_3300023293_000013	GeoB25202_R1	0.006375346393072109	0.8118618287100038	2	26	69.92375	146.51399999999998	absent	logistic_calibrated_latent_similarity	0.9730278076142738	0.9903154882717444	222
prev_5	spearman	taxon_site	S__IMGVR_UViG_3300047157_000086	GeoB25202_R1	0.0062712845202063895	0.8114375614762978	2	26	69.92375	146.51399999999998	absent	logistic_calibrated_latent_similarity	0.9730278076142738	0.9903154882717444	223
prev_5	spearman	taxon_site	S__IMGVR_UViG_3300025120_000373	GeoB25202_R1	0.006243766334239542	0.8113241982796968	2	26	69.92375	146.51399999999998	absent	logistic_calibrated_latent_similarity	0.9730278076142738	0.9903154882717444	224
prev_5	spearman	taxon_site	S__IMGVR_UViG_3300025096_000017	GeoB25202_R1	0.006229096641534689	0.8112635623485531	2	26	69.92375	146.51399999999998	absent	logistic_calibrated_latent_similarity	0.9730278076142738	0.9903154882717444	225
prev_5	spearman	taxon_site	S__IMGVR_UViG_3300031519_000028	GeoB25202_R1	0.006220217632351174	0.8112267927414626	2	26	69.92375	146.51399999999998	absent	logistic_calibrated_latent_similarity	0.9730278076142738	0.9903154882717444	226
prev_5	spearman	taxon_site	S__IMGVR_UViG_3300037191_001144	GeoB25202_R1	0.006174279470435009	0.81103571744429	2	26	69.92375	146.51399999999998	absent	logistic_calibrated_latent_similarity	0.9730278076142738	0.9903154882717444	227
prev_5	spearman	taxon_site	S__IMGVR_UViG_3300025079_000004	GeoB25202_R1	0.005850474180637581	0.8096473986337313	2	26	69.92375	146.51399999999998	absent	logistic_calibrated_latent_similarity	0.9730278076142738	0.9903154882717444	228
prev_5	spearman	taxon_site	S__IMGVR_UViG_3300023239_000010	GeoB25202_R1	0.005802100695876172	0.8094334627008187	2	26	69.92375	146.51399999999998	absent	logistic_calibrated_latent_similarity	0.9730278076142738	0.9903154882717444	229
prev_5	spearman	taxon_site	S__GCA_905182715.1	GeoB25202_R2	0.0020962502199806544	0.8644920486062501	1	25	70.39346	146.51399999999998	absent	logistic_calibrated_latent_similarity	0.9730278076142738	0.9903154882717444	230
prev_5	spearman	taxon_site	S__3300024429_35	GeoB25202_R1	0.0017842520610105194	0.858006437470336	1	26	69.92375	146.51399999999998	absent	logistic_calibrated_latent_similarity	0.9730278076142738	0.9903154882717444	231
prev_5	spearman	taxon_site	S__TARA_ARC_108_MAG_00198	GeoB25202_R2	0.001736426017096479	0.8596585926442385	1	25	70.39346	146.51399999999998	absent	logistic_calibrated_latent_similarity	0.9730278076142738	0.9903154882717444	232
prev_5	spearman	taxon_site	S__TARA_ARC_108_MAG_00198	GeoB25202_R1	0.0017074316490842158	0.856877087278557	1	26	69.92375	146.51399999999998	absent	logistic_calibrated_latent_similarity	0.9730278076142738	0.9903154882717444	233
prev_5	spearman	taxon_site	S__GCA_002168195.1	GeoB25202_R2	0.0016155608210183226	0.8578073066803039	1	25	70.39346	146.51399999999998	absent	logistic_calibrated_latent_similarity	0.9730278076142738	0.9903154882717444	234
prev_5	spearman	taxon_site	S__GCA_002168195.1	GeoB25202_R1	0.0015659068961914292	0.854656942453145	1	26	69.92375	146.51399999999998	absent	logistic_calibrated_latent_similarity	0.9730278076142738	0.9903154882717444	235
prev_5	spearman	taxon_site	S__GCA_905182715.1	GeoB25202_R1	0.0015492276826596456	0.8543821923100325	1	26	69.92375	146.51399999999998	absent	logistic_calibrated_latent_similarity	0.9730278076142738	0.9903154882717444	236
prev_5	spearman	taxon_site	S__TARA_ARC_108_MAG_00037	GeoB25202_R2	0.0015379576226930633	0.8565442722992765	1	25	70.39346	146.51399999999998	absent	logistic_calibrated_latent_similarity	0.9730278076142738	0.9903154882717444	237
prev_5	spearman	taxon_site	S__TARA_ARC_108_MAG_00037	GeoB25202_R1	0.0015101846904980278	0.8537273276918343	1	26	69.92375	146.51399999999998	absent	logistic_calibrated_latent_similarity	0.9730278076142738	0.9903154882717444	238
prev_5	spearman	taxon_site	S__3300024429_35	GeoB25202_R2	0.0011687472067749038	0.8495023514823467	1	25	70.39346	146.51399999999998	absent	logistic_calibrated_latent_similarity	0.9730278076142738	0.9903154882717444	239
prev_5	spearman	taxon_site	S__GCA_002499365.1	GeoB25202_R1	0.0008248001533194648	0.8382154140808449	1	26	69.92375	146.51399999999998	absent	logistic_calibrated_latent_similarity	0.9730278076142738	0.9903154882717444	240
prev_5	spearman	taxon_site	S__TARA_AOS_82_MAG_00110	GeoB25202_R2	0.0007907709133167483	0.8394846303971905	1	25	70.39346	146.51399999999998	absent	logistic_calibrated_latent_similarity	0.9730278076142738	0.9903154882717444	241
prev_5	spearman	taxon_site	S__GCA_002499365.1	GeoB25202_R2	0.000790622855990531	0.8394798298419721	1	25	70.39346	146.51399999999998	absent	logistic_calibrated_latent_similarity	0.9730278076142738	0.9903154882717444	242
prev_5	spearman	taxon_site	S__TARA_AOS_82_MAG_00110	GeoB25202_R1	0.0007153351966721907	0.8345650079483449	1	26	69.92375	146.51399999999998	absent	logistic_calibrated_latent_similarity	0.9730278076142738	0.9903154882717444	243
prev_5	spearman	taxon_site	S__IMGVR_UViG_3300034380_000005	GeoB25202_R2	0.0004323563743617873	0.8240089788282782	1	25	70.39346	146.51399999999998	absent	logistic_calibrated_latent_similarity	0.9730278076142738	0.9903154882717444	244
prev_5	spearman	taxon_site	S__IMGVR_UViG_3300034380_000005	GeoB25202_R1	0.00023627729361886483	0.8061756359841545	1	26	69.92375	146.51399999999998	absent	logistic_calibrated_latent_similarity	0.9730278076142738	0.9903154882717444	245
